namc_code,true_tm2_code,algorithm,top1_pred,top1_score,top1_tag,top2_pred,top2_score,top2_tag,top3_pred,top3_score,top3_tag,top4_pred,top4_score,top4_tag,top5_pred,top5_score,top5_tag
AAA-2.1,SR10,DICT_ONLY_TRAIN,,0.0,Weak,,0.0,Weak,,0.0,Weak,,0.0,Weak,,0.0,Weak
AAB-2,SQ05,DICT_ONLY_TRAIN,,0.0,Weak,,0.0,Weak,,0.0,Weak,,0.0,Weak,,0.0,Weak
AAB-3,SP9Y,DICT_ONLY_TRAIN,,0.0,Weak,,0.0,Weak,,0.0,Weak,,0.0,Weak,,0.0,Weak
AAB-7,SM1P,DICT_ONLY_TRAIN,,0.0,Weak,,0.0,Weak,,0.0,Weak,,0.0,Weak,,0.0,Weak
AAB-40,SP1Y,DICT_ONLY_TRAIN,,0.0,Weak,,0.0,Weak,,0.0,Weak,,0.0,Weak,,0.0,Weak
AAB-46,SK30,DICT_ONLY_TRAIN,,0.0,Weak,,0.0,Weak,,0.0,Weak,,0.0,Weak,,0.0,Weak
AAB-48,SM1Y,DICT_ONLY_TRAIN,,0.0,Weak,,0.0,Weak,,0.0,Weak,,0.0,Weak,,0.0,Weak
AAB-49,SN60,DICT_ONLY_TRAIN,,0.0,Weak,,0.0,Weak,,0.0,Weak,,0.0,Weak,,0.0,Weak
AAB-50,SN7Y,DICT_ONLY_TRAIN,,0.0,Weak,,0.0,Weak,,0.0,Weak,,0.0,Weak,,0.0,Weak
AAB-54,SK5Y,DICT_ONLY_TRAIN,,0.0,Weak,,0.0,Weak,,0.0,Weak,,0.0,Weak,,0.0,Weak
AAB-64,SP4Y,DICT_ONLY_TRAIN,,0.0,Weak,,0.0,Weak,,0.0,Weak,,0.0,Weak,,0.0,Weak
AAB-66,SP9Y,DICT_ONLY_TRAIN,,0.0,Weak,,0.0,Weak,,0.0,Weak,,0.0,Weak,,0.0,Weak
AAB-74,SM1N,DICT_ONLY_TRAIN,,0.0,Weak,,0.0,Weak,,0.0,Weak,,0.0,Weak,,0.0,Weak
AAB-80,SP1Y,DICT_ONLY_TRAIN,,0.0,Weak,,0.0,Weak,,0.0,Weak,,0.0,Weak,,0.0,Weak
AAB-86,SP9Y,DICT_ONLY_TRAIN,,0.0,Weak,,0.0,Weak,,0.0,Weak,,0.0,Weak,,0.0,Weak
AAB-87,SP1Y,DICT_ONLY_TRAIN,,0.0,Weak,,0.0,Weak,,0.0,Weak,,0.0,Weak,,0.0,Weak
AAB-88,SP9Y,DICT_ONLY_TRAIN,,0.0,Weak,,0.0,Weak,,0.0,Weak,,0.0,Weak,,0.0,Weak
AAB-93,SP4Y,DICT_ONLY_TRAIN,,0.0,Weak,,0.0,Weak,,0.0,Weak,,0.0,Weak,,0.0,Weak
AAB-97,SN03,DICT_ONLY_TRAIN,SR4E,1.0,Equivalent,,0.0,Weak,,0.0,Weak,,0.0,Weak,,0.0,Weak
AAB-100,SP9Y,DICT_ONLY_TRAIN,,0.0,Weak,,0.0,Weak,,0.0,Weak,,0.0,Weak,,0.0,Weak
AAB-103,SP9Y,DICT_ONLY_TRAIN,,0.0,Weak,,0.0,Weak,,0.0,Weak,,0.0,Weak,,0.0,Weak
AAB-105,SP9Y,DICT_ONLY_TRAIN,,0.0,Weak,,0.0,Weak,,0.0,Weak,,0.0,Weak,,0.0,Weak
AAB-108,SP4Y,DICT_ONLY_TRAIN,,0.0,Weak,,0.0,Weak,,0.0,Weak,,0.0,Weak,,0.0,Weak
AAB-110,SL62,DICT_ONLY_TRAIN,,0.0,Weak,,0.0,Weak,,0.0,Weak,,0.0,Weak,,0.0,Weak
AAC-1,SK30,DICT_ONLY_TRAIN,,0.0,Weak,,0.0,Weak,,0.0,Weak,,0.0,Weak,,0.0,Weak
AAC-2,SK30,DICT_ONLY_TRAIN,,0.0,Weak,,0.0,Weak,,0.0,Weak,,0.0,Weak,,0.0,Weak
AAC-5,SP0Y,DICT_ONLY_TRAIN,,0.0,Weak,,0.0,Weak,,0.0,Weak,,0.0,Weak,,0.0,Weak
AAC-6,SP00,DICT_ONLY_TRAIN,,0.0,Weak,,0.0,Weak,,0.0,Weak,,0.0,Weak,,0.0,Weak
AAC-7,SN08,DICT_ONLY_TRAIN,,0.0,Weak,,0.0,Weak,,0.0,Weak,,0.0,Weak,,0.0,Weak
AAC-8,SP15,DICT_ONLY_TRAIN,,0.0,Weak,,0.0,Weak,,0.0,Weak,,0.0,Weak,,0.0,Weak
AAC-9.2,SK55,DICT_ONLY_TRAIN,,0.0,Weak,,0.0,Weak,,0.0,Weak,,0.0,Weak,,0.0,Weak
AAC-12,SM31,DICT_ONLY_TRAIN,,0.0,Weak,,0.0,Weak,,0.0,Weak,,0.0,Weak,,0.0,Weak
AAC-13,SK30,DICT_ONLY_TRAIN,,0.0,Weak,,0.0,Weak,,0.0,Weak,,0.0,Weak,,0.0,Weak
AAC-16,SK5Y,DICT_ONLY_TRAIN,,0.0,Weak,,0.0,Weak,,0.0,Weak,,0.0,Weak,,0.0,Weak
AAC-239,SK30,DICT_ONLY_TRAIN,,0.0,Weak,,0.0,Weak,,0.0,Weak,,0.0,Weak,,0.0,Weak
AAC-27,SM83,DICT_ONLY_TRAIN,,0.0,Weak,,0.0,Weak,,0.0,Weak,,0.0,Weak,,0.0,Weak
AAC-38,SK22,DICT_ONLY_TRAIN,,0.0,Weak,,0.0,Weak,,0.0,Weak,,0.0,Weak,,0.0,Weak
AAC-39,SL7Y,DICT_ONLY_TRAIN,,0.0,Weak,,0.0,Weak,,0.0,Weak,,0.0,Weak,,0.0,Weak
AAD-2.7,SR20,DICT_ONLY_TRAIN,,0.0,Weak,,0.0,Weak,,0.0,Weak,,0.0,Weak,,0.0,Weak
AAD-2.9,SR20,DICT_ONLY_TRAIN,,0.0,Weak,,0.0,Weak,,0.0,Weak,,0.0,Weak,,0.0,Weak
AAD-4,SR20,DICT_ONLY_TRAIN,,0.0,Weak,,0.0,Weak,,0.0,Weak,,0.0,Weak,,0.0,Weak
AAD-4.1,SR20,DICT_ONLY_TRAIN,,0.0,Weak,,0.0,Weak,,0.0,Weak,,0.0,Weak,,0.0,Weak
AAD-5,SR20,DICT_ONLY_TRAIN,,0.0,Weak,,0.0,Weak,,0.0,Weak,,0.0,Weak,,0.0,Weak
ABA-1,SR16,DICT_ONLY_TRAIN,,0.0,Weak,,0.0,Weak,,0.0,Weak,,0.0,Weak,,0.0,Weak
ABA-2,SR17,DICT_ONLY_TRAIN,,0.0,Weak,,0.0,Weak,,0.0,Weak,,0.0,Weak,,0.0,Weak
ABA-2.1,SR15,DICT_ONLY_TRAIN,,0.0,Weak,,0.0,Weak,,0.0,Weak,,0.0,Weak,,0.0,Weak
ABB-1,SK7Y,DICT_ONLY_TRAIN,,0.0,Weak,,0.0,Weak,,0.0,Weak,,0.0,Weak,,0.0,Weak
ABB-7,SM3Y,DICT_ONLY_TRAIN,,0.0,Weak,,0.0,Weak,,0.0,Weak,,0.0,Weak,,0.0,Weak
ABB-10,SP9Y,DICT_ONLY_TRAIN,,0.0,Weak,,0.0,Weak,,0.0,Weak,,0.0,Weak,,0.0,Weak
ABB-25,SP9Y,DICT_ONLY_TRAIN,,0.0,Weak,,0.0,Weak,,0.0,Weak,,0.0,Weak,,0.0,Weak
ABB-29,SP2Y,DICT_ONLY_TRAIN,,0.0,Weak,,0.0,Weak,,0.0,Weak,,0.0,Weak,,0.0,Weak
ACA-1,SR1B,DICT_ONLY_TRAIN,,0.0,Weak,,0.0,Weak,,0.0,Weak,,0.0,Weak,,0.0,Weak
ACA-2,SR1C,DICT_ONLY_TRAIN,,0.0,Weak,,0.0,Weak,,0.0,Weak,,0.0,Weak,,0.0,Weak
ACA-4,SR1E,DICT_ONLY_TRAIN,,0.0,Weak,,0.0,Weak,,0.0,Weak,,0.0,Weak,,0.0,Weak
ACB-15,SQ4Y,DICT_ONLY_TRAIN,,0.0,Weak,,0.0,Weak,,0.0,Weak,,0.0,Weak,,0.0,Weak
ACB-27,SP9Y,DICT_ONLY_TRAIN,,0.0,Weak,,0.0,Weak,,0.0,Weak,,0.0,Weak,,0.0,Weak
BD-2,SP62,DICT_ONLY_TRAIN,,0.0,Weak,,0.0,Weak,,0.0,Weak,,0.0,Weak,,0.0,Weak
BE-1,SR4A,DICT_ONLY_TRAIN,,0.0,Weak,,0.0,Weak,,0.0,Weak,,0.0,Weak,,0.0,Weak
BF-2,SR4B,DICT_ONLY_TRAIN,,0.0,Weak,,0.0,Weak,,0.0,Weak,,0.0,Weak,,0.0,Weak
BA-3.1,SR4K,DICT_ONLY_TRAIN,,0.0,Weak,,0.0,Weak,,0.0,Weak,,0.0,Weak,,0.0,Weak
BH-1,SR4F,DICT_ONLY_TRAIN,,0.0,Weak,,0.0,Weak,,0.0,Weak,,0.0,Weak,,0.0,Weak
CC-2,SN45,DICT_ONLY_TRAIN,,0.0,Weak,,0.0,Weak,,0.0,Weak,,0.0,Weak,,0.0,Weak
CA-1,SR83,DICT_ONLY_TRAIN,,0.0,Weak,,0.0,Weak,,0.0,Weak,,0.0,Weak,,0.0,Weak
CA-2,SR82,DICT_ONLY_TRAIN,,0.0,Weak,,0.0,Weak,,0.0,Weak,,0.0,Weak,,0.0,Weak
CB-1,SR81,DICT_ONLY_TRAIN,,0.0,Weak,,0.0,Weak,,0.0,Weak,,0.0,Weak,,0.0,Weak
CB-2,SR80,DICT_ONLY_TRAIN,,0.0,Weak,,0.0,Weak,,0.0,Weak,,0.0,Weak,,0.0,Weak
CB-3,SR86,DICT_ONLY_TRAIN,,0.0,Weak,,0.0,Weak,,0.0,Weak,,0.0,Weak,,0.0,Weak
D,SS10,DICT_ONLY_TRAIN,,0.0,Weak,,0.0,Weak,,0.0,Weak,,0.0,Weak,,0.0,Weak
DB-2,SS11,DICT_ONLY_TRAIN,,0.0,Weak,,0.0,Weak,,0.0,Weak,,0.0,Weak,,0.0,Weak
DB-4,SS14,DICT_ONLY_TRAIN,,0.0,Weak,,0.0,Weak,,0.0,Weak,,0.0,Weak,,0.0,Weak
EA-2.5,SM74,DICT_ONLY_TRAIN,,0.0,Weak,,0.0,Weak,,0.0,Weak,,0.0,Weak,,0.0,Weak
EA-4.5.1,SL40,DICT_ONLY_TRAIN,,0.0,Weak,,0.0,Weak,,0.0,Weak,,0.0,Weak,,0.0,Weak
EB-1,SR59,DICT_ONLY_TRAIN,,0.0,Weak,,0.0,Weak,,0.0,Weak,,0.0,Weak,,0.0,Weak
EB-2,SM37,DICT_ONLY_TRAIN,,0.0,Weak,,0.0,Weak,,0.0,Weak,,0.0,Weak,,0.0,Weak
EB-3.9,SM3C,DICT_ONLY_TRAIN,,0.0,Weak,,0.0,Weak,,0.0,Weak,,0.0,Weak,,0.0,Weak
EB-6,SM3L,DICT_ONLY_TRAIN,,0.0,Weak,,0.0,Weak,,0.0,Weak,,0.0,Weak,,0.0,Weak
EB-8,SM3K,DICT_ONLY_TRAIN,,0.0,Weak,,0.0,Weak,,0.0,Weak,,0.0,Weak,,0.0,Weak
EB-10,SM33,DICT_ONLY_TRAIN,,0.0,Weak,,0.0,Weak,,0.0,Weak,,0.0,Weak,,0.0,Weak
EB-10.15,SM70,DICT_ONLY_TRAIN,,0.0,Weak,,0.0,Weak,,0.0,Weak,,0.0,Weak,,0.0,Weak
EC-3,SP51,DICT_ONLY_TRAIN,,0.0,Weak,,0.0,Weak,,0.0,Weak,,0.0,Weak,,0.0,Weak
EC-3.2,SP54,DICT_ONLY_TRAIN,,0.0,Weak,,0.0,Weak,,0.0,Weak,,0.0,Weak,,0.0,Weak
EC-3.7,SP5Y,DICT_ONLY_TRAIN,,0.0,Weak,,0.0,Weak,,0.0,Weak,,0.0,Weak,,0.0,Weak
EC-3.8,SP5Y,DICT_ONLY_TRAIN,,0.0,Weak,,0.0,Weak,,0.0,Weak,,0.0,Weak,,0.0,Weak
ED-2.2,SP99,DICT_ONLY_TRAIN,,0.0,Weak,,0.0,Weak,,0.0,Weak,,0.0,Weak,,0.0,Weak
ED-3.1,SM41,DICT_ONLY_TRAIN,,0.0,Weak,,0.0,Weak,,0.0,Weak,,0.0,Weak,,0.0,Weak
ED-3.3,SM41,DICT_ONLY_TRAIN,,0.0,Weak,,0.0,Weak,,0.0,Weak,,0.0,Weak,,0.0,Weak
ED-3.5,SM41,DICT_ONLY_TRAIN,,0.0,Weak,,0.0,Weak,,0.0,Weak,,0.0,Weak,,0.0,Weak
ED-4.2.3,SN49,DICT_ONLY_TRAIN,,0.0,Weak,,0.0,Weak,,0.0,Weak,,0.0,Weak,,0.0,Weak
ED-4.2.6,SN49,DICT_ONLY_TRAIN,,0.0,Weak,,0.0,Weak,,0.0,Weak,,0.0,Weak,,0.0,Weak
ED-4.2.7,SN4A,DICT_ONLY_TRAIN,,0.0,Weak,,0.0,Weak,,0.0,Weak,,0.0,Weak,,0.0,Weak
ED-4.3.2,SN5Y,DICT_ONLY_TRAIN,,0.0,Weak,,0.0,Weak,,0.0,Weak,,0.0,Weak,,0.0,Weak
ED-4.3.7,SN5Y,DICT_ONLY_TRAIN,,0.0,Weak,,0.0,Weak,,0.0,Weak,,0.0,Weak,,0.0,Weak
ED-4.4,SN49,DICT_ONLY_TRAIN,,0.0,Weak,,0.0,Weak,,0.0,Weak,,0.0,Weak,,0.0,Weak
ED-8,SP11,DICT_ONLY_TRAIN,,0.0,Weak,,0.0,Weak,,0.0,Weak,,0.0,Weak,,0.0,Weak
ED-9.7.9,SM40,DICT_ONLY_TRAIN,,0.0,Weak,,0.0,Weak,,0.0,Weak,,0.0,Weak,,0.0,Weak
ED-19,SN47,DICT_ONLY_TRAIN,,0.0,Weak,,0.0,Weak,,0.0,Weak,,0.0,Weak,,0.0,Weak
EE-1,SR52,DICT_ONLY_TRAIN,,0.0,Weak,,0.0,Weak,,0.0,Weak,,0.0,Weak,,0.0,Weak
EE-2,SP72,DICT_ONLY_TRAIN,,0.0,Weak,,0.0,Weak,,0.0,Weak,,0.0,Weak,,0.0,Weak
EE-3.4,SM53,DICT_ONLY_TRAIN,,0.0,Weak,,0.0,Weak,,0.0,Weak,,0.0,Weak,,0.0,Weak
EE-3.6,SM53,DICT_ONLY_TRAIN,,0.0,Weak,,0.0,Weak,,0.0,Weak,,0.0,Weak,,0.0,Weak
EE-3.7,SM53,DICT_ONLY_TRAIN,,0.0,Weak,,0.0,Weak,,0.0,Weak,,0.0,Weak,,0.0,Weak
EE-3.10,SM53,DICT_ONLY_TRAIN,,0.0,Weak,,0.0,Weak,,0.0,Weak,,0.0,Weak,,0.0,Weak
EE-3.13,SM7Y,DICT_ONLY_TRAIN,,0.0,Weak,,0.0,Weak,,0.0,Weak,,0.0,Weak,,0.0,Weak
EE-3.16,SK6S,DICT_ONLY_TRAIN,,0.0,Weak,,0.0,Weak,,0.0,Weak,,0.0,Weak,,0.0,Weak
EE-4.4,SP70,DICT_ONLY_TRAIN,,0.0,Weak,,0.0,Weak,,0.0,Weak,,0.0,Weak,,0.0,Weak
EF-1,SR53,DICT_ONLY_TRAIN,,0.0,Weak,,0.0,Weak,,0.0,Weak,,0.0,Weak,,0.0,Weak
EF-2.2.7,SM8D,DICT_ONLY_TRAIN,,0.0,Weak,,0.0,Weak,,0.0,Weak,,0.0,Weak,,0.0,Weak
EF-2.2.8,SM8D,DICT_ONLY_TRAIN,,0.0,Weak,,0.0,Weak,,0.0,Weak,,0.0,Weak,,0.0,Weak
EF-2.2.11,SM8D,DICT_ONLY_TRAIN,,0.0,Weak,,0.0,Weak,,0.0,Weak,,0.0,Weak,,0.0,Weak
EF-2.2.12,SM8D,DICT_ONLY_TRAIN,,0.0,Weak,,0.0,Weak,,0.0,Weak,,0.0,Weak,,0.0,Weak
EF-2.2.13,SM8D,DICT_ONLY_TRAIN,,0.0,Weak,,0.0,Weak,,0.0,Weak,,0.0,Weak,,0.0,Weak
EF-2.3.1,SM8D,DICT_ONLY_TRAIN,,0.0,Weak,,0.0,Weak,,0.0,Weak,,0.0,Weak,,0.0,Weak
EF-2.3.2,SM8D,DICT_ONLY_TRAIN,,0.0,Weak,,0.0,Weak,,0.0,Weak,,0.0,Weak,,0.0,Weak
EF-2.3.3,SM8D,DICT_ONLY_TRAIN,,0.0,Weak,,0.0,Weak,,0.0,Weak,,0.0,Weak,,0.0,Weak
EF-2.3.4,SM8A,DICT_ONLY_TRAIN,,0.0,Weak,,0.0,Weak,,0.0,Weak,,0.0,Weak,,0.0,Weak
EF-2.3.6,SM8D,DICT_ONLY_TRAIN,,0.0,Weak,,0.0,Weak,,0.0,Weak,,0.0,Weak,,0.0,Weak
EF-3,SP64,DICT_ONLY_TRAIN,,0.0,Weak,,0.0,Weak,,0.0,Weak,,0.0,Weak,,0.0,Weak
EH-2,SP0Y,DICT_ONLY_TRAIN,,0.0,Weak,,0.0,Weak,,0.0,Weak,,0.0,Weak,,0.0,Weak
EI-1,SR56,DICT_ONLY_TRAIN,,0.0,Weak,,0.0,Weak,,0.0,Weak,,0.0,Weak,,0.0,Weak
EI-2,SN02,DICT_ONLY_TRAIN,,0.0,Weak,,0.0,Weak,,0.0,Weak,,0.0,Weak,,0.0,Weak
EI-6.8,SM3G,DICT_ONLY_TRAIN,,0.0,Weak,,0.0,Weak,,0.0,Weak,,0.0,Weak,,0.0,Weak
EI-6.9,SN0Y,DICT_ONLY_TRAIN,,0.0,Weak,,0.0,Weak,,0.0,Weak,,0.0,Weak,,0.0,Weak
EJ-1,SR5B,DICT_ONLY_TRAIN,,0.0,Weak,,0.0,Weak,,0.0,Weak,,0.0,Weak,,0.0,Weak
EJ-2,SM8C,DICT_ONLY_TRAIN,,0.0,Weak,,0.0,Weak,,0.0,Weak,,0.0,Weak,,0.0,Weak
EJ-3.4,SM8E,DICT_ONLY_TRAIN,,0.0,Weak,,0.0,Weak,,0.0,Weak,,0.0,Weak,,0.0,Weak
EJ-3.9,SM88,DICT_ONLY_TRAIN,,0.0,Weak,,0.0,Weak,,0.0,Weak,,0.0,Weak,,0.0,Weak
EJ-3.12,SM52,DICT_ONLY_TRAIN,,0.0,Weak,,0.0,Weak,,0.0,Weak,,0.0,Weak,,0.0,Weak
EK-4.2,SM32,DICT_ONLY_TRAIN,,0.0,Weak,,0.0,Weak,,0.0,Weak,,0.0,Weak,,0.0,Weak
EK-4.4,SM32,DICT_ONLY_TRAIN,,0.0,Weak,,0.0,Weak,,0.0,Weak,,0.0,Weak,,0.0,Weak
EK-4.5,SM32,DICT_ONLY_TRAIN,,0.0,Weak,,0.0,Weak,,0.0,Weak,,0.0,Weak,,0.0,Weak
EK-4.6,SM42,DICT_ONLY_TRAIN,,0.0,Weak,,0.0,Weak,,0.0,Weak,,0.0,Weak,,0.0,Weak
EL-2.5,SM9Y,DICT_ONLY_TRAIN,,0.0,Weak,,0.0,Weak,,0.0,Weak,,0.0,Weak,,0.0,Weak
EL-2.6,SM9Y,DICT_ONLY_TRAIN,,0.0,Weak,,0.0,Weak,,0.0,Weak,,0.0,Weak,,0.0,Weak
EL-2.9,SM90,DICT_ONLY_TRAIN,,0.0,Weak,,0.0,Weak,,0.0,Weak,,0.0,Weak,,0.0,Weak
EL-2.10,SM96,DICT_ONLY_TRAIN,,0.0,Weak,,0.0,Weak,,0.0,Weak,,0.0,Weak,,0.0,Weak
EL-2.12,SN12,DICT_ONLY_TRAIN,,0.0,Weak,,0.0,Weak,,0.0,Weak,,0.0,Weak,,0.0,Weak
EL-2.15,SM91,DICT_ONLY_TRAIN,,0.0,Weak,,0.0,Weak,,0.0,Weak,,0.0,Weak,,0.0,Weak
EL-2.20,SM9A,DICT_ONLY_TRAIN,,0.0,Weak,,0.0,Weak,,0.0,Weak,,0.0,Weak,,0.0,Weak
EL-2.26,SM9Y,DICT_ONLY_TRAIN,,0.0,Weak,,0.0,Weak,,0.0,Weak,,0.0,Weak,,0.0,Weak
EL-2.28,SM99,DICT_ONLY_TRAIN,,0.0,Weak,,0.0,Weak,,0.0,Weak,,0.0,Weak,,0.0,Weak
EL-9,SN1Y,DICT_ONLY_TRAIN,,0.0,Weak,,0.0,Weak,,0.0,Weak,,0.0,Weak,,0.0,Weak
EM-1,SR5E,DICT_ONLY_TRAIN,,0.0,Weak,,0.0,Weak,,0.0,Weak,,0.0,Weak,,0.0,Weak
EM-2,SQ03,DICT_ONLY_TRAIN,,0.0,Weak,,0.0,Weak,,0.0,Weak,,0.0,Weak,,0.0,Weak
EM-2.4,SQ04,DICT_ONLY_TRAIN,,0.0,Weak,,0.0,Weak,,0.0,Weak,,0.0,Weak,,0.0,Weak
EM-7.5,SP98,DICT_ONLY_TRAIN,,0.0,Weak,,0.0,Weak,,0.0,Weak,,0.0,Weak,,0.0,Weak
EM-9,SQ10,DICT_ONLY_TRAIN,,0.0,Weak,,0.0,Weak,,0.0,Weak,,0.0,Weak,,0.0,Weak
F-9,SK00,DICT_ONLY_TRAIN,,0.0,Weak,,0.0,Weak,,0.0,Weak,,0.0,Weak,,0.0,Weak
FA,SK50,DICT_ONLY_TRAIN,,0.0,Weak,,0.0,Weak,,0.0,Weak,,0.0,Weak,,0.0,Weak
FA-2,SN73,DICT_ONLY_TRAIN,,0.0,Weak,,0.0,Weak,,0.0,Weak,,0.0,Weak,,0.0,Weak
FA-6,SK50,DICT_ONLY_TRAIN,,0.0,Weak,,0.0,Weak,,0.0,Weak,,0.0,Weak,,0.0,Weak
FA-7,SP9Y,DICT_ONLY_TRAIN,,0.0,Weak,,0.0,Weak,,0.0,Weak,,0.0,Weak,,0.0,Weak
GA-1,SM1M,DICT_ONLY_TRAIN,,0.0,Weak,,0.0,Weak,,0.0,Weak,,0.0,Weak,,0.0,Weak
GA-10,SM1Y,DICT_ONLY_TRAIN,,0.0,Weak,,0.0,Weak,,0.0,Weak,,0.0,Weak,,0.0,Weak
GB-3,SM13,DICT_ONLY_TRAIN,,0.0,Weak,,0.0,Weak,,0.0,Weak,,0.0,Weak,,0.0,Weak
GB-9,SM1Y,DICT_ONLY_TRAIN,,0.0,Weak,,0.0,Weak,,0.0,Weak,,0.0,Weak,,0.0,Weak
GB-11,SM1Y,DICT_ONLY_TRAIN,,0.0,Weak,,0.0,Weak,,0.0,Weak,,0.0,Weak,,0.0,Weak
GD-4,SM1Y,DICT_ONLY_TRAIN,,0.0,Weak,,0.0,Weak,,0.0,Weak,,0.0,Weak,,0.0,Weak
GE-3,SL06,DICT_ONLY_TRAIN,,0.0,Weak,,0.0,Weak,,0.0,Weak,,0.0,Weak,,0.0,Weak
GE-4,SM17,DICT_ONLY_TRAIN,,0.0,Weak,,0.0,Weak,,0.0,Weak,,0.0,Weak,,0.0,Weak
GE-6,SM1Y,DICT_ONLY_TRAIN,,0.0,Weak,,0.0,Weak,,0.0,Weak,,0.0,Weak,,0.0,Weak
GE-8,SM1Y,DICT_ONLY_TRAIN,,0.0,Weak,,0.0,Weak,,0.0,Weak,,0.0,Weak,,0.0,Weak
GE-10,SP9Y,DICT_ONLY_TRAIN,,0.0,Weak,,0.0,Weak,,0.0,Weak,,0.0,Weak,,0.0,Weak
GE-11,SM1Y,DICT_ONLY_TRAIN,,0.0,Weak,,0.0,Weak,,0.0,Weak,,0.0,Weak,,0.0,Weak
GF-7,SL01,DICT_ONLY_TRAIN,,0.0,Weak,,0.0,Weak,,0.0,Weak,,0.0,Weak,,0.0,Weak
GF-9,SL0Y,DICT_ONLY_TRAIN,,0.0,Weak,,0.0,Weak,,0.0,Weak,,0.0,Weak,,0.0,Weak
GF-10,SL05,DICT_ONLY_TRAIN,,0.0,Weak,,0.0,Weak,,0.0,Weak,,0.0,Weak,,0.0,Weak
GF-11,SL03,DICT_ONLY_TRAIN,,0.0,Weak,,0.0,Weak,,0.0,Weak,,0.0,Weak,,0.0,Weak
GF-13,SL0Y,DICT_ONLY_TRAIN,,0.0,Weak,,0.0,Weak,,0.0,Weak,,0.0,Weak,,0.0,Weak
GF-16,SL2Y,DICT_ONLY_TRAIN,,0.0,Weak,,0.0,Weak,,0.0,Weak,,0.0,Weak,,0.0,Weak
GF-19,SL0Y,DICT_ONLY_TRAIN,,0.0,Weak,,0.0,Weak,,0.0,Weak,,0.0,Weak,,0.0,Weak
GG,SM1Y,DICT_ONLY_TRAIN,,0.0,Weak,,0.0,Weak,,0.0,Weak,,0.0,Weak,,0.0,Weak
HA-1,SK68,DICT_ONLY_TRAIN,,0.0,Weak,,0.0,Weak,,0.0,Weak,,0.0,Weak,,0.0,Weak
HB-5,SK6U,DICT_ONLY_TRAIN,,0.0,Weak,,0.0,Weak,,0.0,Weak,,0.0,Weak,,0.0,Weak
HB-7,SK6P,DICT_ONLY_TRAIN,,0.0,Weak,,0.0,Weak,,0.0,Weak,,0.0,Weak,,0.0,Weak
HB-8,SK7Y,DICT_ONLY_TRAIN,,0.0,Weak,,0.0,Weak,,0.0,Weak,,0.0,Weak,,0.0,Weak
HB-17,SK6J,DICT_ONLY_TRAIN,,0.0,Weak,,0.0,Weak,,0.0,Weak,,0.0,Weak,,0.0,Weak
HD-2,SK6C,DICT_ONLY_TRAIN,,0.0,Weak,,0.0,Weak,,0.0,Weak,,0.0,Weak,,0.0,Weak
HD-4,SK7Y,DICT_ONLY_TRAIN,,0.0,Weak,,0.0,Weak,,0.0,Weak,,0.0,Weak,,0.0,Weak
HE-4,SK61,DICT_ONLY_TRAIN,,0.0,Weak,,0.0,Weak,,0.0,Weak,,0.0,Weak,,0.0,Weak
HF-3,SK6W,DICT_ONLY_TRAIN,,0.0,Weak,,0.0,Weak,,0.0,Weak,,0.0,Weak,,0.0,Weak
HF-5,SK6X,DICT_ONLY_TRAIN,,0.0,Weak,,0.0,Weak,,0.0,Weak,,0.0,Weak,,0.0,Weak
HF-8,SK7Y,DICT_ONLY_TRAIN,,0.0,Weak,,0.0,Weak,,0.0,Weak,,0.0,Weak,,0.0,Weak
HF-9,SK7Y,DICT_ONLY_TRAIN,,0.0,Weak,,0.0,Weak,,0.0,Weak,,0.0,Weak,,0.0,Weak
HG-2.4,SK65,DICT_ONLY_TRAIN,,0.0,Weak,,0.0,Weak,,0.0,Weak,,0.0,Weak,,0.0,Weak
HG-3,SK7Y,DICT_ONLY_TRAIN,,0.0,Weak,,0.0,Weak,,0.0,Weak,,0.0,Weak,,0.0,Weak
HG-4,SK63,DICT_ONLY_TRAIN,,0.0,Weak,,0.0,Weak,,0.0,Weak,,0.0,Weak,,0.0,Weak
HG-10,SK7Y,DICT_ONLY_TRAIN,,0.0,Weak,,0.0,Weak,,0.0,Weak,,0.0,Weak,,0.0,Weak
HG-12,SK7Y,DICT_ONLY_TRAIN,,0.0,Weak,,0.0,Weak,,0.0,Weak,,0.0,Weak,,0.0,Weak
I-6,SK95,DICT_ONLY_TRAIN,,0.0,Weak,,0.0,Weak,,0.0,Weak,,0.0,Weak,,0.0,Weak
I-10,SK95,DICT_ONLY_TRAIN,,0.0,Weak,,0.0,Weak,,0.0,Weak,,0.0,Weak,,0.0,Weak
I-13,SK9Y,DICT_ONLY_TRAIN,,0.0,Weak,,0.0,Weak,,0.0,Weak,,0.0,Weak,,0.0,Weak
I-16,SK94,DICT_ONLY_TRAIN,,0.0,Weak,,0.0,Weak,,0.0,Weak,,0.0,Weak,,0.0,Weak
J-1,SK8Y,DICT_ONLY_TRAIN,,0.0,Weak,,0.0,Weak,,0.0,Weak,,0.0,Weak,,0.0,Weak
J-3,SK8Y,DICT_ONLY_TRAIN,,0.0,Weak,,0.0,Weak,,0.0,Weak,,0.0,Weak,,0.0,Weak
J-7,SK86,DICT_ONLY_TRAIN,,0.0,Weak,,0.0,Weak,,0.0,Weak,,0.0,Weak,,0.0,Weak
J-11,SK8Y,DICT_ONLY_TRAIN,,0.0,Weak,,0.0,Weak,,0.0,Weak,,0.0,Weak,,0.0,Weak
J-16,SK8Y,DICT_ONLY_TRAIN,,0.0,Weak,,0.0,Weak,,0.0,Weak,,0.0,Weak,,0.0,Weak
J-20,SK87,DICT_ONLY_TRAIN,,0.0,Weak,,0.0,Weak,,0.0,Weak,,0.0,Weak,,0.0,Weak
K,SN4W,DICT_ONLY_TRAIN,,0.0,Weak,,0.0,Weak,,0.0,Weak,,0.0,Weak,,0.0,Weak
LD,ST20,DICT_ONLY_TRAIN,,0.0,Weak,,0.0,Weak,,0.0,Weak,,0.0,Weak,,0.0,Weak
MA,SN1Y,DICT_ONLY_TRAIN,,0.0,Weak,,0.0,Weak,,0.0,Weak,,0.0,Weak,,0.0,Weak
MD-1,SM1Y,DICT_ONLY_TRAIN,,0.0,Weak,,0.0,Weak,,0.0,Weak,,0.0,Weak,,0.0,Weak
MD-2,SM12,DICT_ONLY_TRAIN,,0.0,Weak,,0.0,Weak,,0.0,Weak,,0.0,Weak,,0.0,Weak
MD-10,SR05,DICT_ONLY_TRAIN,,0.0,Weak,,0.0,Weak,,0.0,Weak,,0.0,Weak,,0.0,Weak
MD-12,SR00,DICT_ONLY_TRAIN,,0.0,Weak,,0.0,Weak,,0.0,Weak,,0.0,Weak,,0.0,Weak
O-2,SN5Y,DICT_ONLY_TRAIN,,0.0,Weak,,0.0,Weak,,0.0,Weak,,0.0,Weak,,0.0,Weak
O-4,SN5Y,DICT_ONLY_TRAIN,,0.0,Weak,,0.0,Weak,,0.0,Weak,,0.0,Weak,,0.0,Weak
O-5,SN0Y,DICT_ONLY_TRAIN,,0.0,Weak,,0.0,Weak,,0.0,Weak,,0.0,Weak,,0.0,Weak
O-7,SN70,DICT_ONLY_TRAIN,,0.0,Weak,,0.0,Weak,,0.0,Weak,,0.0,Weak,,0.0,Weak
O-12,SN4T,DICT_ONLY_TRAIN,,0.0,Weak,,0.0,Weak,,0.0,Weak,,0.0,Weak,,0.0,Weak
O-17,SN5Y,DICT_ONLY_TRAIN,,0.0,Weak,,0.0,Weak,,0.0,Weak,,0.0,Weak,,0.0,Weak
O-21,SN4F,DICT_ONLY_TRAIN,,0.0,Weak,,0.0,Weak,,0.0,Weak,,0.0,Weak,,0.0,Weak
O-23,SN4E,DICT_ONLY_TRAIN,,0.0,Weak,,0.0,Weak,,0.0,Weak,,0.0,Weak,,0.0,Weak
O-34,SN5Y,DICT_ONLY_TRAIN,,0.0,Weak,,0.0,Weak,,0.0,Weak,,0.0,Weak,,0.0,Weak
O-38,SN40,DICT_ONLY_TRAIN,,0.0,Weak,,0.0,Weak,,0.0,Weak,,0.0,Weak,,0.0,Weak
O-39,SN90,DICT_ONLY_TRAIN,,0.0,Weak,,0.0,Weak,,0.0,Weak,,0.0,Weak,,0.0,Weak
O-40,SN5Y,DICT_ONLY_TRAIN,,0.0,Weak,,0.0,Weak,,0.0,Weak,,0.0,Weak,,0.0,Weak
O-42,SN4G,DICT_ONLY_TRAIN,,0.0,Weak,,0.0,Weak,,0.0,Weak,,0.0,Weak,,0.0,Weak
O-43,SP9Y,DICT_ONLY_TRAIN,,0.0,Weak,,0.0,Weak,,0.0,Weak,,0.0,Weak,,0.0,Weak
O-50,SN5Y,DICT_ONLY_TRAIN,,0.0,Weak,,0.0,Weak,,0.0,Weak,,0.0,Weak,,0.0,Weak
PC-9,SQ6Y,DICT_ONLY_TRAIN,,0.0,Weak,,0.0,Weak,,0.0,Weak,,0.0,Weak,,0.0,Weak
Q-7,SQ2Y,DICT_ONLY_TRAIN,,0.0,Weak,,0.0,Weak,,0.0,Weak,,0.0,Weak,,0.0,Weak
Q-9,SQ2Y,DICT_ONLY_TRAIN,,0.0,Weak,,0.0,Weak,,0.0,Weak,,0.0,Weak,,0.0,Weak
Q-12,SQ2Y,DICT_ONLY_TRAIN,,0.0,Weak,,0.0,Weak,,0.0,Weak,,0.0,Weak,,0.0,Weak
R,SQ8Y,DICT_ONLY_TRAIN,,0.0,Weak,,0.0,Weak,,0.0,Weak,,0.0,Weak,,0.0,Weak
RA-1,SQ24,DICT_ONLY_TRAIN,,0.0,Weak,,0.0,Weak,,0.0,Weak,,0.0,Weak,,0.0,Weak
RD-1,SS2E,DICT_ONLY_TRAIN,,0.0,Weak,,0.0,Weak,,0.0,Weak,,0.0,Weak,,0.0,Weak
RD-3,SS29,DICT_ONLY_TRAIN,,0.0,Weak,,0.0,Weak,,0.0,Weak,,0.0,Weak,,0.0,Weak
RD-11,SS23,DICT_ONLY_TRAIN,,0.0,Weak,,0.0,Weak,,0.0,Weak,,0.0,Weak,,0.0,Weak
VA-5,SS54,DICT_ONLY_TRAIN,,0.0,Weak,,0.0,Weak,,0.0,Weak,,0.0,Weak,,0.0,Weak
VA-6,SS55,DICT_ONLY_TRAIN,,0.0,Weak,,0.0,Weak,,0.0,Weak,,0.0,Weak,,0.0,Weak
VE-1.1,SS60,DICT_ONLY_TRAIN,,0.0,Weak,,0.0,Weak,,0.0,Weak,,0.0,Weak,,0.0,Weak
VE-1.7,SS60,DICT_ONLY_TRAIN,,0.0,Weak,,0.0,Weak,,0.0,Weak,,0.0,Weak,,0.0,Weak
VE-2.3,SS61,DICT_ONLY_TRAIN,,0.0,Weak,,0.0,Weak,,0.0,Weak,,0.0,Weak,,0.0,Weak
VE-2.5,SS61,DICT_ONLY_TRAIN,,0.0,Weak,,0.0,Weak,,0.0,Weak,,0.0,Weak,,0.0,Weak
VE-3.1,SS62,DICT_ONLY_TRAIN,,0.0,Weak,,0.0,Weak,,0.0,Weak,,0.0,Weak,,0.0,Weak
VE-3.2,SS62,DICT_ONLY_TRAIN,,0.0,Weak,,0.0,Weak,,0.0,Weak,,0.0,Weak,,0.0,Weak
AAA-2.1,SR10,DICT_ONLY_FULL_UPPER,SR10,1.0,Equivalent,,0.0,Weak,,0.0,Weak,,0.0,Weak,,0.0,Weak
AAB-2,SQ05,DICT_ONLY_FULL_UPPER,SQ05,1.0,Equivalent,,0.0,Weak,,0.0,Weak,,0.0,Weak,,0.0,Weak
AAB-3,SP9Y,DICT_ONLY_FULL_UPPER,SP9Y,1.0,Equivalent,,0.0,Weak,,0.0,Weak,,0.0,Weak,,0.0,Weak
AAB-7,SM1P,DICT_ONLY_FULL_UPPER,SM1P,1.0,Equivalent,,0.0,Weak,,0.0,Weak,,0.0,Weak,,0.0,Weak
AAB-40,SP1Y,DICT_ONLY_FULL_UPPER,SP1Y,1.0,Equivalent,,0.0,Weak,,0.0,Weak,,0.0,Weak,,0.0,Weak
AAB-46,SK30,DICT_ONLY_FULL_UPPER,SK30,1.0,Equivalent,,0.0,Weak,,0.0,Weak,,0.0,Weak,,0.0,Weak
AAB-48,SM1Y,DICT_ONLY_FULL_UPPER,SM1Y,1.0,Equivalent,,0.0,Weak,,0.0,Weak,,0.0,Weak,,0.0,Weak
AAB-49,SN60,DICT_ONLY_FULL_UPPER,SN60,1.0,Equivalent,,0.0,Weak,,0.0,Weak,,0.0,Weak,,0.0,Weak
AAB-50,SN7Y,DICT_ONLY_FULL_UPPER,SN7Y,1.0,Equivalent,,0.0,Weak,,0.0,Weak,,0.0,Weak,,0.0,Weak
AAB-54,SK5Y,DICT_ONLY_FULL_UPPER,SK5Y,1.0,Equivalent,,0.0,Weak,,0.0,Weak,,0.0,Weak,,0.0,Weak
AAB-64,SP4Y,DICT_ONLY_FULL_UPPER,SP4Y,1.0,Equivalent,,0.0,Weak,,0.0,Weak,,0.0,Weak,,0.0,Weak
AAB-66,SP9Y,DICT_ONLY_FULL_UPPER,SP9Y,1.0,Equivalent,,0.0,Weak,,0.0,Weak,,0.0,Weak,,0.0,Weak
AAB-74,SM1N,DICT_ONLY_FULL_UPPER,SM1N,1.0,Equivalent,,0.0,Weak,,0.0,Weak,,0.0,Weak,,0.0,Weak
AAB-80,SP1Y,DICT_ONLY_FULL_UPPER,SP1Y,1.0,Equivalent,,0.0,Weak,,0.0,Weak,,0.0,Weak,,0.0,Weak
AAB-86,SP9Y,DICT_ONLY_FULL_UPPER,SP9Y,1.0,Equivalent,,0.0,Weak,,0.0,Weak,,0.0,Weak,,0.0,Weak
AAB-87,SP1Y,DICT_ONLY_FULL_UPPER,SP1Y,1.0,Equivalent,,0.0,Weak,,0.0,Weak,,0.0,Weak,,0.0,Weak
AAB-88,SP9Y,DICT_ONLY_FULL_UPPER,SP9Y,1.0,Equivalent,,0.0,Weak,,0.0,Weak,,0.0,Weak,,0.0,Weak
AAB-93,SP4Y,DICT_ONLY_FULL_UPPER,SP4Y,1.0,Equivalent,,0.0,Weak,,0.0,Weak,,0.0,Weak,,0.0,Weak
AAB-97,SN03,DICT_ONLY_FULL_UPPER,SN03,1.0,Equivalent,SR4E,1.0,Equivalent,,0.0,Weak,,0.0,Weak,,0.0,Weak
AAB-100,SP9Y,DICT_ONLY_FULL_UPPER,SP9Y,1.0,Equivalent,,0.0,Weak,,0.0,Weak,,0.0,Weak,,0.0,Weak
AAB-103,SP9Y,DICT_ONLY_FULL_UPPER,SP9Y,1.0,Equivalent,,0.0,Weak,,0.0,Weak,,0.0,Weak,,0.0,Weak
AAB-105,SP9Y,DICT_ONLY_FULL_UPPER,SP9Y,1.0,Equivalent,,0.0,Weak,,0.0,Weak,,0.0,Weak,,0.0,Weak
AAB-108,SP4Y,DICT_ONLY_FULL_UPPER,SP4Y,1.0,Equivalent,,0.0,Weak,,0.0,Weak,,0.0,Weak,,0.0,Weak
AAB-110,SL62,DICT_ONLY_FULL_UPPER,SL62,1.0,Equivalent,,0.0,Weak,,0.0,Weak,,0.0,Weak,,0.0,Weak
AAC-1,SK30,DICT_ONLY_FULL_UPPER,SK30,1.0,Equivalent,,0.0,Weak,,0.0,Weak,,0.0,Weak,,0.0,Weak
AAC-2,SK30,DICT_ONLY_FULL_UPPER,SK30,1.0,Equivalent,,0.0,Weak,,0.0,Weak,,0.0,Weak,,0.0,Weak
AAC-5,SP0Y,DICT_ONLY_FULL_UPPER,SP0Y,1.0,Equivalent,,0.0,Weak,,0.0,Weak,,0.0,Weak,,0.0,Weak
AAC-6,SP00,DICT_ONLY_FULL_UPPER,SP00,1.0,Equivalent,,0.0,Weak,,0.0,Weak,,0.0,Weak,,0.0,Weak
AAC-7,SN08,DICT_ONLY_FULL_UPPER,SN08,1.0,Equivalent,,0.0,Weak,,0.0,Weak,,0.0,Weak,,0.0,Weak
AAC-8,SP15,DICT_ONLY_FULL_UPPER,SP15,1.0,Equivalent,,0.0,Weak,,0.0,Weak,,0.0,Weak,,0.0,Weak
AAC-9.2,SK55,DICT_ONLY_FULL_UPPER,SK55,1.0,Equivalent,,0.0,Weak,,0.0,Weak,,0.0,Weak,,0.0,Weak
AAC-12,SM31,DICT_ONLY_FULL_UPPER,SM31,1.0,Equivalent,,0.0,Weak,,0.0,Weak,,0.0,Weak,,0.0,Weak
AAC-13,SK30,DICT_ONLY_FULL_UPPER,SK30,1.0,Equivalent,,0.0,Weak,,0.0,Weak,,0.0,Weak,,0.0,Weak
AAC-16,SK5Y,DICT_ONLY_FULL_UPPER,SK5Y,1.0,Equivalent,,0.0,Weak,,0.0,Weak,,0.0,Weak,,0.0,Weak
AAC-239,SK30,DICT_ONLY_FULL_UPPER,SK30,1.0,Equivalent,,0.0,Weak,,0.0,Weak,,0.0,Weak,,0.0,Weak
AAC-27,SM83,DICT_ONLY_FULL_UPPER,SM83,1.0,Equivalent,,0.0,Weak,,0.0,Weak,,0.0,Weak,,0.0,Weak
AAC-38,SK22,DICT_ONLY_FULL_UPPER,SK22,1.0,Equivalent,,0.0,Weak,,0.0,Weak,,0.0,Weak,,0.0,Weak
AAC-39,SL7Y,DICT_ONLY_FULL_UPPER,SL7Y,1.0,Equivalent,,0.0,Weak,,0.0,Weak,,0.0,Weak,,0.0,Weak
AAD-2.7,SR20,DICT_ONLY_FULL_UPPER,SR20,1.0,Equivalent,,0.0,Weak,,0.0,Weak,,0.0,Weak,,0.0,Weak
AAD-2.9,SR20,DICT_ONLY_FULL_UPPER,SR20,1.0,Equivalent,,0.0,Weak,,0.0,Weak,,0.0,Weak,,0.0,Weak
AAD-4,SR20,DICT_ONLY_FULL_UPPER,SR20,1.0,Equivalent,,0.0,Weak,,0.0,Weak,,0.0,Weak,,0.0,Weak
AAD-4.1,SR20,DICT_ONLY_FULL_UPPER,SR20,1.0,Equivalent,,0.0,Weak,,0.0,Weak,,0.0,Weak,,0.0,Weak
AAD-5,SR20,DICT_ONLY_FULL_UPPER,SR20,1.0,Equivalent,,0.0,Weak,,0.0,Weak,,0.0,Weak,,0.0,Weak
ABA-1,SR16,DICT_ONLY_FULL_UPPER,SR16,1.0,Equivalent,,0.0,Weak,,0.0,Weak,,0.0,Weak,,0.0,Weak
ABA-2,SR17,DICT_ONLY_FULL_UPPER,SR17,1.0,Equivalent,,0.0,Weak,,0.0,Weak,,0.0,Weak,,0.0,Weak
ABA-2.1,SR15,DICT_ONLY_FULL_UPPER,SR15,1.0,Equivalent,,0.0,Weak,,0.0,Weak,,0.0,Weak,,0.0,Weak
ABB-1,SK7Y,DICT_ONLY_FULL_UPPER,SK7Y,1.0,Equivalent,,0.0,Weak,,0.0,Weak,,0.0,Weak,,0.0,Weak
ABB-7,SM3Y,DICT_ONLY_FULL_UPPER,SM3Y,1.0,Equivalent,,0.0,Weak,,0.0,Weak,,0.0,Weak,,0.0,Weak
ABB-10,SP9Y,DICT_ONLY_FULL_UPPER,SP9Y,1.0,Equivalent,,0.0,Weak,,0.0,Weak,,0.0,Weak,,0.0,Weak
ABB-25,SP9Y,DICT_ONLY_FULL_UPPER,SP9Y,1.0,Equivalent,,0.0,Weak,,0.0,Weak,,0.0,Weak,,0.0,Weak
ABB-29,SP2Y,DICT_ONLY_FULL_UPPER,SP2Y,1.0,Equivalent,,0.0,Weak,,0.0,Weak,,0.0,Weak,,0.0,Weak
ACA-1,SR1B,DICT_ONLY_FULL_UPPER,SR1B,1.0,Equivalent,,0.0,Weak,,0.0,Weak,,0.0,Weak,,0.0,Weak
ACA-2,SR1C,DICT_ONLY_FULL_UPPER,SR1C,1.0,Equivalent,,0.0,Weak,,0.0,Weak,,0.0,Weak,,0.0,Weak
ACA-4,SR1E,DICT_ONLY_FULL_UPPER,SR1E,1.0,Equivalent,,0.0,Weak,,0.0,Weak,,0.0,Weak,,0.0,Weak
ACB-15,SQ4Y,DICT_ONLY_FULL_UPPER,SQ4Y,1.0,Equivalent,,0.0,Weak,,0.0,Weak,,0.0,Weak,,0.0,Weak
ACB-27,SP9Y,DICT_ONLY_FULL_UPPER,SP9Y,1.0,Equivalent,,0.0,Weak,,0.0,Weak,,0.0,Weak,,0.0,Weak
BD-2,SP62,DICT_ONLY_FULL_UPPER,SP62,1.0,Equivalent,,0.0,Weak,,0.0,Weak,,0.0,Weak,,0.0,Weak
BE-1,SR4A,DICT_ONLY_FULL_UPPER,SR4A,1.0,Equivalent,,0.0,Weak,,0.0,Weak,,0.0,Weak,,0.0,Weak
BF-2,SR4B,DICT_ONLY_FULL_UPPER,SR4B,1.0,Equivalent,,0.0,Weak,,0.0,Weak,,0.0,Weak,,0.0,Weak
BA-3.1,SR4K,DICT_ONLY_FULL_UPPER,SR4K,1.0,Equivalent,,0.0,Weak,,0.0,Weak,,0.0,Weak,,0.0,Weak
BH-1,SR4F,DICT_ONLY_FULL_UPPER,SR4F,1.0,Equivalent,,0.0,Weak,,0.0,Weak,,0.0,Weak,,0.0,Weak
CC-2,SN45,DICT_ONLY_FULL_UPPER,SN45,1.0,Equivalent,,0.0,Weak,,0.0,Weak,,0.0,Weak,,0.0,Weak
CA-1,SR83,DICT_ONLY_FULL_UPPER,SR83,1.0,Equivalent,,0.0,Weak,,0.0,Weak,,0.0,Weak,,0.0,Weak
CA-2,SR82,DICT_ONLY_FULL_UPPER,SR82,1.0,Equivalent,,0.0,Weak,,0.0,Weak,,0.0,Weak,,0.0,Weak
CB-1,SR81,DICT_ONLY_FULL_UPPER,SR81,1.0,Equivalent,,0.0,Weak,,0.0,Weak,,0.0,Weak,,0.0,Weak
CB-2,SR80,DICT_ONLY_FULL_UPPER,SR80,1.0,Equivalent,,0.0,Weak,,0.0,Weak,,0.0,Weak,,0.0,Weak
CB-3,SR86,DICT_ONLY_FULL_UPPER,SR86,1.0,Equivalent,,0.0,Weak,,0.0,Weak,,0.0,Weak,,0.0,Weak
D,SS10,DICT_ONLY_FULL_UPPER,SS10,1.0,Equivalent,,0.0,Weak,,0.0,Weak,,0.0,Weak,,0.0,Weak
DB-2,SS11,DICT_ONLY_FULL_UPPER,SS11,1.0,Equivalent,,0.0,Weak,,0.0,Weak,,0.0,Weak,,0.0,Weak
DB-4,SS14,DICT_ONLY_FULL_UPPER,SS14,1.0,Equivalent,,0.0,Weak,,0.0,Weak,,0.0,Weak,,0.0,Weak
EA-2.5,SM74,DICT_ONLY_FULL_UPPER,SM74,1.0,Equivalent,,0.0,Weak,,0.0,Weak,,0.0,Weak,,0.0,Weak
EA-4.5.1,SL40,DICT_ONLY_FULL_UPPER,SL40,1.0,Equivalent,,0.0,Weak,,0.0,Weak,,0.0,Weak,,0.0,Weak
EB-1,SR59,DICT_ONLY_FULL_UPPER,SR59,1.0,Equivalent,,0.0,Weak,,0.0,Weak,,0.0,Weak,,0.0,Weak
EB-2,SM37,DICT_ONLY_FULL_UPPER,SM37,1.0,Equivalent,,0.0,Weak,,0.0,Weak,,0.0,Weak,,0.0,Weak
EB-3.9,SM3C,DICT_ONLY_FULL_UPPER,SM3C,1.0,Equivalent,,0.0,Weak,,0.0,Weak,,0.0,Weak,,0.0,Weak
EB-6,SM3L,DICT_ONLY_FULL_UPPER,SM3L,1.0,Equivalent,,0.0,Weak,,0.0,Weak,,0.0,Weak,,0.0,Weak
EB-8,SM3K,DICT_ONLY_FULL_UPPER,SM3K,1.0,Equivalent,,0.0,Weak,,0.0,Weak,,0.0,Weak,,0.0,Weak
EB-10,SM33,DICT_ONLY_FULL_UPPER,SM33,1.0,Equivalent,,0.0,Weak,,0.0,Weak,,0.0,Weak,,0.0,Weak
EB-10.15,SM70,DICT_ONLY_FULL_UPPER,SM70,1.0,Equivalent,,0.0,Weak,,0.0,Weak,,0.0,Weak,,0.0,Weak
EC-3,SP51,DICT_ONLY_FULL_UPPER,SP51,1.0,Equivalent,,0.0,Weak,,0.0,Weak,,0.0,Weak,,0.0,Weak
EC-3.2,SP54,DICT_ONLY_FULL_UPPER,SP54,1.0,Equivalent,,0.0,Weak,,0.0,Weak,,0.0,Weak,,0.0,Weak
EC-3.7,SP5Y,DICT_ONLY_FULL_UPPER,SP5Y,1.0,Equivalent,,0.0,Weak,,0.0,Weak,,0.0,Weak,,0.0,Weak
EC-3.8,SP5Y,DICT_ONLY_FULL_UPPER,SP5Y,1.0,Equivalent,,0.0,Weak,,0.0,Weak,,0.0,Weak,,0.0,Weak
ED-2.2,SP99,DICT_ONLY_FULL_UPPER,SP99,1.0,Equivalent,,0.0,Weak,,0.0,Weak,,0.0,Weak,,0.0,Weak
ED-3.1,SM41,DICT_ONLY_FULL_UPPER,SM41,1.0,Equivalent,,0.0,Weak,,0.0,Weak,,0.0,Weak,,0.0,Weak
ED-3.3,SM41,DICT_ONLY_FULL_UPPER,SM41,1.0,Equivalent,,0.0,Weak,,0.0,Weak,,0.0,Weak,,0.0,Weak
ED-3.5,SM41,DICT_ONLY_FULL_UPPER,SM41,1.0,Equivalent,,0.0,Weak,,0.0,Weak,,0.0,Weak,,0.0,Weak
ED-4.2.3,SN49,DICT_ONLY_FULL_UPPER,SN49,1.0,Equivalent,,0.0,Weak,,0.0,Weak,,0.0,Weak,,0.0,Weak
ED-4.2.6,SN49,DICT_ONLY_FULL_UPPER,SN49,1.0,Equivalent,,0.0,Weak,,0.0,Weak,,0.0,Weak,,0.0,Weak
ED-4.2.7,SN4A,DICT_ONLY_FULL_UPPER,SN4A,1.0,Equivalent,,0.0,Weak,,0.0,Weak,,0.0,Weak,,0.0,Weak
ED-4.3.2,SN5Y,DICT_ONLY_FULL_UPPER,SN5Y,1.0,Equivalent,,0.0,Weak,,0.0,Weak,,0.0,Weak,,0.0,Weak
ED-4.3.7,SN5Y,DICT_ONLY_FULL_UPPER,SN5Y,1.0,Equivalent,,0.0,Weak,,0.0,Weak,,0.0,Weak,,0.0,Weak
ED-4.4,SN49,DICT_ONLY_FULL_UPPER,SN49,1.0,Equivalent,,0.0,Weak,,0.0,Weak,,0.0,Weak,,0.0,Weak
ED-8,SP11,DICT_ONLY_FULL_UPPER,SP11,1.0,Equivalent,,0.0,Weak,,0.0,Weak,,0.0,Weak,,0.0,Weak
ED-9.7.9,SM40,DICT_ONLY_FULL_UPPER,SM40,1.0,Equivalent,,0.0,Weak,,0.0,Weak,,0.0,Weak,,0.0,Weak
ED-19,SN47,DICT_ONLY_FULL_UPPER,SN47,1.0,Equivalent,,0.0,Weak,,0.0,Weak,,0.0,Weak,,0.0,Weak
EE-1,SR52,DICT_ONLY_FULL_UPPER,SR52,1.0,Equivalent,,0.0,Weak,,0.0,Weak,,0.0,Weak,,0.0,Weak
EE-2,SP72,DICT_ONLY_FULL_UPPER,SP72,1.0,Equivalent,,0.0,Weak,,0.0,Weak,,0.0,Weak,,0.0,Weak
EE-3.4,SM53,DICT_ONLY_FULL_UPPER,SM53,1.0,Equivalent,,0.0,Weak,,0.0,Weak,,0.0,Weak,,0.0,Weak
EE-3.6,SM53,DICT_ONLY_FULL_UPPER,SM53,1.0,Equivalent,,0.0,Weak,,0.0,Weak,,0.0,Weak,,0.0,Weak
EE-3.7,SM53,DICT_ONLY_FULL_UPPER,SM53,1.0,Equivalent,,0.0,Weak,,0.0,Weak,,0.0,Weak,,0.0,Weak
EE-3.10,SM53,DICT_ONLY_FULL_UPPER,SM53,1.0,Equivalent,,0.0,Weak,,0.0,Weak,,0.0,Weak,,0.0,Weak
EE-3.13,SM7Y,DICT_ONLY_FULL_UPPER,SM7Y,1.0,Equivalent,,0.0,Weak,,0.0,Weak,,0.0,Weak,,0.0,Weak
EE-3.16,SK6S,DICT_ONLY_FULL_UPPER,SK6S,1.0,Equivalent,,0.0,Weak,,0.0,Weak,,0.0,Weak,,0.0,Weak
EE-4.4,SP70,DICT_ONLY_FULL_UPPER,SP70,1.0,Equivalent,,0.0,Weak,,0.0,Weak,,0.0,Weak,,0.0,Weak
EF-1,SR53,DICT_ONLY_FULL_UPPER,SR53,1.0,Equivalent,,0.0,Weak,,0.0,Weak,,0.0,Weak,,0.0,Weak
EF-2.2.7,SM8D,DICT_ONLY_FULL_UPPER,SM8D,1.0,Equivalent,,0.0,Weak,,0.0,Weak,,0.0,Weak,,0.0,Weak
EF-2.2.8,SM8D,DICT_ONLY_FULL_UPPER,SM8D,1.0,Equivalent,,0.0,Weak,,0.0,Weak,,0.0,Weak,,0.0,Weak
EF-2.2.11,SM8D,DICT_ONLY_FULL_UPPER,SM8D,1.0,Equivalent,,0.0,Weak,,0.0,Weak,,0.0,Weak,,0.0,Weak
EF-2.2.12,SM8D,DICT_ONLY_FULL_UPPER,SM8D,1.0,Equivalent,,0.0,Weak,,0.0,Weak,,0.0,Weak,,0.0,Weak
EF-2.2.13,SM8D,DICT_ONLY_FULL_UPPER,SM8D,1.0,Equivalent,,0.0,Weak,,0.0,Weak,,0.0,Weak,,0.0,Weak
EF-2.3.1,SM8D,DICT_ONLY_FULL_UPPER,SM8D,1.0,Equivalent,,0.0,Weak,,0.0,Weak,,0.0,Weak,,0.0,Weak
EF-2.3.2,SM8D,DICT_ONLY_FULL_UPPER,SM8D,1.0,Equivalent,,0.0,Weak,,0.0,Weak,,0.0,Weak,,0.0,Weak
EF-2.3.3,SM8D,DICT_ONLY_FULL_UPPER,SM8D,1.0,Equivalent,,0.0,Weak,,0.0,Weak,,0.0,Weak,,0.0,Weak
EF-2.3.4,SM8A,DICT_ONLY_FULL_UPPER,SM8A,1.0,Equivalent,,0.0,Weak,,0.0,Weak,,0.0,Weak,,0.0,Weak
EF-2.3.6,SM8D,DICT_ONLY_FULL_UPPER,SM8D,1.0,Equivalent,,0.0,Weak,,0.0,Weak,,0.0,Weak,,0.0,Weak
EF-3,SP64,DICT_ONLY_FULL_UPPER,SP64,1.0,Equivalent,,0.0,Weak,,0.0,Weak,,0.0,Weak,,0.0,Weak
EH-2,SP0Y,DICT_ONLY_FULL_UPPER,SP0Y,1.0,Equivalent,,0.0,Weak,,0.0,Weak,,0.0,Weak,,0.0,Weak
EI-1,SR56,DICT_ONLY_FULL_UPPER,SR56,1.0,Equivalent,,0.0,Weak,,0.0,Weak,,0.0,Weak,,0.0,Weak
EI-2,SN02,DICT_ONLY_FULL_UPPER,SN02,1.0,Equivalent,,0.0,Weak,,0.0,Weak,,0.0,Weak,,0.0,Weak
EI-6.8,SM3G,DICT_ONLY_FULL_UPPER,SM3G,1.0,Equivalent,,0.0,Weak,,0.0,Weak,,0.0,Weak,,0.0,Weak
EI-6.9,SN0Y,DICT_ONLY_FULL_UPPER,SN0Y,1.0,Equivalent,,0.0,Weak,,0.0,Weak,,0.0,Weak,,0.0,Weak
EJ-1,SR5B,DICT_ONLY_FULL_UPPER,SR5B,1.0,Equivalent,,0.0,Weak,,0.0,Weak,,0.0,Weak,,0.0,Weak
EJ-2,SM8C,DICT_ONLY_FULL_UPPER,SM8C,1.0,Equivalent,,0.0,Weak,,0.0,Weak,,0.0,Weak,,0.0,Weak
EJ-3.4,SM8E,DICT_ONLY_FULL_UPPER,SM8E,1.0,Equivalent,,0.0,Weak,,0.0,Weak,,0.0,Weak,,0.0,Weak
EJ-3.9,SM88,DICT_ONLY_FULL_UPPER,SM88,1.0,Equivalent,,0.0,Weak,,0.0,Weak,,0.0,Weak,,0.0,Weak
EJ-3.12,SM52,DICT_ONLY_FULL_UPPER,SM52,1.0,Equivalent,,0.0,Weak,,0.0,Weak,,0.0,Weak,,0.0,Weak
EK-4.2,SM32,DICT_ONLY_FULL_UPPER,SM32,1.0,Equivalent,,0.0,Weak,,0.0,Weak,,0.0,Weak,,0.0,Weak
EK-4.4,SM32,DICT_ONLY_FULL_UPPER,SM32,1.0,Equivalent,,0.0,Weak,,0.0,Weak,,0.0,Weak,,0.0,Weak
EK-4.5,SM32,DICT_ONLY_FULL_UPPER,SM32,1.0,Equivalent,,0.0,Weak,,0.0,Weak,,0.0,Weak,,0.0,Weak
EK-4.6,SM42,DICT_ONLY_FULL_UPPER,SM42,1.0,Equivalent,,0.0,Weak,,0.0,Weak,,0.0,Weak,,0.0,Weak
EL-2.5,SM9Y,DICT_ONLY_FULL_UPPER,SM9Y,1.0,Equivalent,,0.0,Weak,,0.0,Weak,,0.0,Weak,,0.0,Weak
EL-2.6,SM9Y,DICT_ONLY_FULL_UPPER,SM9Y,1.0,Equivalent,,0.0,Weak,,0.0,Weak,,0.0,Weak,,0.0,Weak
EL-2.9,SM90,DICT_ONLY_FULL_UPPER,SM90,1.0,Equivalent,,0.0,Weak,,0.0,Weak,,0.0,Weak,,0.0,Weak
EL-2.10,SM96,DICT_ONLY_FULL_UPPER,SM96,1.0,Equivalent,,0.0,Weak,,0.0,Weak,,0.0,Weak,,0.0,Weak
EL-2.12,SN12,DICT_ONLY_FULL_UPPER,SN12,1.0,Equivalent,,0.0,Weak,,0.0,Weak,,0.0,Weak,,0.0,Weak
EL-2.15,SM91,DICT_ONLY_FULL_UPPER,SM91,1.0,Equivalent,,0.0,Weak,,0.0,Weak,,0.0,Weak,,0.0,Weak
EL-2.20,SM9A,DICT_ONLY_FULL_UPPER,SM9A,1.0,Equivalent,,0.0,Weak,,0.0,Weak,,0.0,Weak,,0.0,Weak
EL-2.26,SM9Y,DICT_ONLY_FULL_UPPER,SM9Y,1.0,Equivalent,,0.0,Weak,,0.0,Weak,,0.0,Weak,,0.0,Weak
EL-2.28,SM99,DICT_ONLY_FULL_UPPER,SM99,1.0,Equivalent,,0.0,Weak,,0.0,Weak,,0.0,Weak,,0.0,Weak
EL-9,SN1Y,DICT_ONLY_FULL_UPPER,SN1Y,1.0,Equivalent,,0.0,Weak,,0.0,Weak,,0.0,Weak,,0.0,Weak
EM-1,SR5E,DICT_ONLY_FULL_UPPER,SR5E,1.0,Equivalent,,0.0,Weak,,0.0,Weak,,0.0,Weak,,0.0,Weak
EM-2,SQ03,DICT_ONLY_FULL_UPPER,SQ03,1.0,Equivalent,,0.0,Weak,,0.0,Weak,,0.0,Weak,,0.0,Weak
EM-2.4,SQ04,DICT_ONLY_FULL_UPPER,SQ04,1.0,Equivalent,,0.0,Weak,,0.0,Weak,,0.0,Weak,,0.0,Weak
EM-7.5,SP98,DICT_ONLY_FULL_UPPER,SP98,1.0,Equivalent,,0.0,Weak,,0.0,Weak,,0.0,Weak,,0.0,Weak
EM-9,SQ10,DICT_ONLY_FULL_UPPER,SQ10,1.0,Equivalent,,0.0,Weak,,0.0,Weak,,0.0,Weak,,0.0,Weak
F-9,SK00,DICT_ONLY_FULL_UPPER,SK00,1.0,Equivalent,,0.0,Weak,,0.0,Weak,,0.0,Weak,,0.0,Weak
FA,SK50,DICT_ONLY_FULL_UPPER,SK50,1.0,Equivalent,,0.0,Weak,,0.0,Weak,,0.0,Weak,,0.0,Weak
FA-2,SN73,DICT_ONLY_FULL_UPPER,SN73,1.0,Equivalent,,0.0,Weak,,0.0,Weak,,0.0,Weak,,0.0,Weak
FA-6,SK50,DICT_ONLY_FULL_UPPER,SK50,1.0,Equivalent,,0.0,Weak,,0.0,Weak,,0.0,Weak,,0.0,Weak
FA-7,SP9Y,DICT_ONLY_FULL_UPPER,SP9Y,1.0,Equivalent,,0.0,Weak,,0.0,Weak,,0.0,Weak,,0.0,Weak
GA-1,SM1M,DICT_ONLY_FULL_UPPER,SM1M,1.0,Equivalent,,0.0,Weak,,0.0,Weak,,0.0,Weak,,0.0,Weak
GA-10,SM1Y,DICT_ONLY_FULL_UPPER,SM1Y,1.0,Equivalent,,0.0,Weak,,0.0,Weak,,0.0,Weak,,0.0,Weak
GB-3,SM13,DICT_ONLY_FULL_UPPER,SM13,1.0,Equivalent,,0.0,Weak,,0.0,Weak,,0.0,Weak,,0.0,Weak
GB-9,SM1Y,DICT_ONLY_FULL_UPPER,SM1Y,1.0,Equivalent,,0.0,Weak,,0.0,Weak,,0.0,Weak,,0.0,Weak
GB-11,SM1Y,DICT_ONLY_FULL_UPPER,SM1Y,1.0,Equivalent,,0.0,Weak,,0.0,Weak,,0.0,Weak,,0.0,Weak
GD-4,SM1Y,DICT_ONLY_FULL_UPPER,SM1Y,1.0,Equivalent,,0.0,Weak,,0.0,Weak,,0.0,Weak,,0.0,Weak
GE-3,SL06,DICT_ONLY_FULL_UPPER,SL06,1.0,Equivalent,,0.0,Weak,,0.0,Weak,,0.0,Weak,,0.0,Weak
GE-4,SM17,DICT_ONLY_FULL_UPPER,SM17,1.0,Equivalent,,0.0,Weak,,0.0,Weak,,0.0,Weak,,0.0,Weak
GE-6,SM1Y,DICT_ONLY_FULL_UPPER,SM1Y,1.0,Equivalent,,0.0,Weak,,0.0,Weak,,0.0,Weak,,0.0,Weak
GE-8,SM1Y,DICT_ONLY_FULL_UPPER,SM1Y,1.0,Equivalent,,0.0,Weak,,0.0,Weak,,0.0,Weak,,0.0,Weak
GE-10,SP9Y,DICT_ONLY_FULL_UPPER,SP9Y,1.0,Equivalent,,0.0,Weak,,0.0,Weak,,0.0,Weak,,0.0,Weak
GE-11,SM1Y,DICT_ONLY_FULL_UPPER,SM1Y,1.0,Equivalent,,0.0,Weak,,0.0,Weak,,0.0,Weak,,0.0,Weak
GF-7,SL01,DICT_ONLY_FULL_UPPER,SL01,1.0,Equivalent,,0.0,Weak,,0.0,Weak,,0.0,Weak,,0.0,Weak
GF-9,SL0Y,DICT_ONLY_FULL_UPPER,SL0Y,1.0,Equivalent,,0.0,Weak,,0.0,Weak,,0.0,Weak,,0.0,Weak
GF-10,SL05,DICT_ONLY_FULL_UPPER,SL05,1.0,Equivalent,,0.0,Weak,,0.0,Weak,,0.0,Weak,,0.0,Weak
GF-11,SL03,DICT_ONLY_FULL_UPPER,SL03,1.0,Equivalent,,0.0,Weak,,0.0,Weak,,0.0,Weak,,0.0,Weak
GF-13,SL0Y,DICT_ONLY_FULL_UPPER,SL0Y,1.0,Equivalent,,0.0,Weak,,0.0,Weak,,0.0,Weak,,0.0,Weak
GF-16,SL2Y,DICT_ONLY_FULL_UPPER,SL2Y,1.0,Equivalent,,0.0,Weak,,0.0,Weak,,0.0,Weak,,0.0,Weak
GF-19,SL0Y,DICT_ONLY_FULL_UPPER,SL0Y,1.0,Equivalent,,0.0,Weak,,0.0,Weak,,0.0,Weak,,0.0,Weak
GG,SM1Y,DICT_ONLY_FULL_UPPER,SM1Y,1.0,Equivalent,,0.0,Weak,,0.0,Weak,,0.0,Weak,,0.0,Weak
HA-1,SK68,DICT_ONLY_FULL_UPPER,SK68,1.0,Equivalent,,0.0,Weak,,0.0,Weak,,0.0,Weak,,0.0,Weak
HB-5,SK6U,DICT_ONLY_FULL_UPPER,SK6U,1.0,Equivalent,,0.0,Weak,,0.0,Weak,,0.0,Weak,,0.0,Weak
HB-7,SK6P,DICT_ONLY_FULL_UPPER,SK6P,1.0,Equivalent,,0.0,Weak,,0.0,Weak,,0.0,Weak,,0.0,Weak
HB-8,SK7Y,DICT_ONLY_FULL_UPPER,SK7Y,1.0,Equivalent,,0.0,Weak,,0.0,Weak,,0.0,Weak,,0.0,Weak
HB-17,SK6J,DICT_ONLY_FULL_UPPER,SK6J,1.0,Equivalent,,0.0,Weak,,0.0,Weak,,0.0,Weak,,0.0,Weak
HD-2,SK6C,DICT_ONLY_FULL_UPPER,SK6C,1.0,Equivalent,,0.0,Weak,,0.0,Weak,,0.0,Weak,,0.0,Weak
HD-4,SK7Y,DICT_ONLY_FULL_UPPER,SK7Y,1.0,Equivalent,,0.0,Weak,,0.0,Weak,,0.0,Weak,,0.0,Weak
HE-4,SK61,DICT_ONLY_FULL_UPPER,SK61,1.0,Equivalent,,0.0,Weak,,0.0,Weak,,0.0,Weak,,0.0,Weak
HF-3,SK6W,DICT_ONLY_FULL_UPPER,SK6W,1.0,Equivalent,,0.0,Weak,,0.0,Weak,,0.0,Weak,,0.0,Weak
HF-5,SK6X,DICT_ONLY_FULL_UPPER,SK6X,1.0,Equivalent,,0.0,Weak,,0.0,Weak,,0.0,Weak,,0.0,Weak
HF-8,SK7Y,DICT_ONLY_FULL_UPPER,SK7Y,1.0,Equivalent,,0.0,Weak,,0.0,Weak,,0.0,Weak,,0.0,Weak
HF-9,SK7Y,DICT_ONLY_FULL_UPPER,SK7Y,1.0,Equivalent,,0.0,Weak,,0.0,Weak,,0.0,Weak,,0.0,Weak
HG-2.4,SK65,DICT_ONLY_FULL_UPPER,SK65,1.0,Equivalent,,0.0,Weak,,0.0,Weak,,0.0,Weak,,0.0,Weak
HG-3,SK7Y,DICT_ONLY_FULL_UPPER,SK7Y,1.0,Equivalent,,0.0,Weak,,0.0,Weak,,0.0,Weak,,0.0,Weak
HG-4,SK63,DICT_ONLY_FULL_UPPER,SK63,1.0,Equivalent,,0.0,Weak,,0.0,Weak,,0.0,Weak,,0.0,Weak
HG-10,SK7Y,DICT_ONLY_FULL_UPPER,SK7Y,1.0,Equivalent,,0.0,Weak,,0.0,Weak,,0.0,Weak,,0.0,Weak
HG-12,SK7Y,DICT_ONLY_FULL_UPPER,SK7Y,1.0,Equivalent,,0.0,Weak,,0.0,Weak,,0.0,Weak,,0.0,Weak
I-6,SK95,DICT_ONLY_FULL_UPPER,SK95,1.0,Equivalent,,0.0,Weak,,0.0,Weak,,0.0,Weak,,0.0,Weak
I-10,SK95,DICT_ONLY_FULL_UPPER,SK95,1.0,Equivalent,,0.0,Weak,,0.0,Weak,,0.0,Weak,,0.0,Weak
I-13,SK9Y,DICT_ONLY_FULL_UPPER,SK9Y,1.0,Equivalent,,0.0,Weak,,0.0,Weak,,0.0,Weak,,0.0,Weak
I-16,SK94,DICT_ONLY_FULL_UPPER,SK94,1.0,Equivalent,,0.0,Weak,,0.0,Weak,,0.0,Weak,,0.0,Weak
J-1,SK8Y,DICT_ONLY_FULL_UPPER,SK8Y,1.0,Equivalent,,0.0,Weak,,0.0,Weak,,0.0,Weak,,0.0,Weak
J-3,SK8Y,DICT_ONLY_FULL_UPPER,SK8Y,1.0,Equivalent,,0.0,Weak,,0.0,Weak,,0.0,Weak,,0.0,Weak
J-7,SK86,DICT_ONLY_FULL_UPPER,SK86,1.0,Equivalent,,0.0,Weak,,0.0,Weak,,0.0,Weak,,0.0,Weak
J-11,SK8Y,DICT_ONLY_FULL_UPPER,SK8Y,1.0,Equivalent,,0.0,Weak,,0.0,Weak,,0.0,Weak,,0.0,Weak
J-16,SK8Y,DICT_ONLY_FULL_UPPER,SK8Y,1.0,Equivalent,,0.0,Weak,,0.0,Weak,,0.0,Weak,,0.0,Weak
J-20,SK87,DICT_ONLY_FULL_UPPER,SK87,1.0,Equivalent,,0.0,Weak,,0.0,Weak,,0.0,Weak,,0.0,Weak
K,SN4W,DICT_ONLY_FULL_UPPER,SN4W,1.0,Equivalent,,0.0,Weak,,0.0,Weak,,0.0,Weak,,0.0,Weak
LD,ST20,DICT_ONLY_FULL_UPPER,ST20,1.0,Equivalent,,0.0,Weak,,0.0,Weak,,0.0,Weak,,0.0,Weak
MA,SN1Y,DICT_ONLY_FULL_UPPER,SN1Y,1.0,Equivalent,,0.0,Weak,,0.0,Weak,,0.0,Weak,,0.0,Weak
MD-1,SM1Y,DICT_ONLY_FULL_UPPER,SM1Y,1.0,Equivalent,,0.0,Weak,,0.0,Weak,,0.0,Weak,,0.0,Weak
MD-2,SM12,DICT_ONLY_FULL_UPPER,SM12,1.0,Equivalent,,0.0,Weak,,0.0,Weak,,0.0,Weak,,0.0,Weak
MD-10,SR05,DICT_ONLY_FULL_UPPER,SR05,1.0,Equivalent,,0.0,Weak,,0.0,Weak,,0.0,Weak,,0.0,Weak
MD-12,SR00,DICT_ONLY_FULL_UPPER,SR00,1.0,Equivalent,,0.0,Weak,,0.0,Weak,,0.0,Weak,,0.0,Weak
O-2,SN5Y,DICT_ONLY_FULL_UPPER,SN5Y,1.0,Equivalent,,0.0,Weak,,0.0,Weak,,0.0,Weak,,0.0,Weak
O-4,SN5Y,DICT_ONLY_FULL_UPPER,SN5Y,1.0,Equivalent,,0.0,Weak,,0.0,Weak,,0.0,Weak,,0.0,Weak
O-5,SN0Y,DICT_ONLY_FULL_UPPER,SN0Y,1.0,Equivalent,,0.0,Weak,,0.0,Weak,,0.0,Weak,,0.0,Weak
O-7,SN70,DICT_ONLY_FULL_UPPER,SN70,1.0,Equivalent,,0.0,Weak,,0.0,Weak,,0.0,Weak,,0.0,Weak
O-12,SN4T,DICT_ONLY_FULL_UPPER,SN4T,1.0,Equivalent,,0.0,Weak,,0.0,Weak,,0.0,Weak,,0.0,Weak
O-17,SN5Y,DICT_ONLY_FULL_UPPER,SN5Y,1.0,Equivalent,,0.0,Weak,,0.0,Weak,,0.0,Weak,,0.0,Weak
O-21,SN4F,DICT_ONLY_FULL_UPPER,SN4F,1.0,Equivalent,,0.0,Weak,,0.0,Weak,,0.0,Weak,,0.0,Weak
O-23,SN4E,DICT_ONLY_FULL_UPPER,SN4E,1.0,Equivalent,,0.0,Weak,,0.0,Weak,,0.0,Weak,,0.0,Weak
O-34,SN5Y,DICT_ONLY_FULL_UPPER,SN5Y,1.0,Equivalent,,0.0,Weak,,0.0,Weak,,0.0,Weak,,0.0,Weak
O-38,SN40,DICT_ONLY_FULL_UPPER,SN40,1.0,Equivalent,,0.0,Weak,,0.0,Weak,,0.0,Weak,,0.0,Weak
O-39,SN90,DICT_ONLY_FULL_UPPER,SN90,1.0,Equivalent,,0.0,Weak,,0.0,Weak,,0.0,Weak,,0.0,Weak
O-40,SN5Y,DICT_ONLY_FULL_UPPER,SN5Y,1.0,Equivalent,,0.0,Weak,,0.0,Weak,,0.0,Weak,,0.0,Weak
O-42,SN4G,DICT_ONLY_FULL_UPPER,SN4G,1.0,Equivalent,,0.0,Weak,,0.0,Weak,,0.0,Weak,,0.0,Weak
O-43,SP9Y,DICT_ONLY_FULL_UPPER,SP9Y,1.0,Equivalent,,0.0,Weak,,0.0,Weak,,0.0,Weak,,0.0,Weak
O-50,SN5Y,DICT_ONLY_FULL_UPPER,SN5Y,1.0,Equivalent,,0.0,Weak,,0.0,Weak,,0.0,Weak,,0.0,Weak
PC-9,SQ6Y,DICT_ONLY_FULL_UPPER,SQ6Y,1.0,Equivalent,,0.0,Weak,,0.0,Weak,,0.0,Weak,,0.0,Weak
Q-7,SQ2Y,DICT_ONLY_FULL_UPPER,SQ2Y,1.0,Equivalent,,0.0,Weak,,0.0,Weak,,0.0,Weak,,0.0,Weak
Q-9,SQ2Y,DICT_ONLY_FULL_UPPER,SQ2Y,1.0,Equivalent,,0.0,Weak,,0.0,Weak,,0.0,Weak,,0.0,Weak
Q-12,SQ2Y,DICT_ONLY_FULL_UPPER,SQ2Y,1.0,Equivalent,,0.0,Weak,,0.0,Weak,,0.0,Weak,,0.0,Weak
R,SQ8Y,DICT_ONLY_FULL_UPPER,SQ8Y,1.0,Equivalent,,0.0,Weak,,0.0,Weak,,0.0,Weak,,0.0,Weak
RA-1,SQ24,DICT_ONLY_FULL_UPPER,SQ24,1.0,Equivalent,,0.0,Weak,,0.0,Weak,,0.0,Weak,,0.0,Weak
RD-1,SS2E,DICT_ONLY_FULL_UPPER,SS2E,1.0,Equivalent,,0.0,Weak,,0.0,Weak,,0.0,Weak,,0.0,Weak
RD-3,SS29,DICT_ONLY_FULL_UPPER,SS29,1.0,Equivalent,,0.0,Weak,,0.0,Weak,,0.0,Weak,,0.0,Weak
RD-11,SS23,DICT_ONLY_FULL_UPPER,SS23,1.0,Equivalent,,0.0,Weak,,0.0,Weak,,0.0,Weak,,0.0,Weak
VA-5,SS54,DICT_ONLY_FULL_UPPER,SS54,1.0,Equivalent,,0.0,Weak,,0.0,Weak,,0.0,Weak,,0.0,Weak
VA-6,SS55,DICT_ONLY_FULL_UPPER,SS55,1.0,Equivalent,,0.0,Weak,,0.0,Weak,,0.0,Weak,,0.0,Weak
VE-1.1,SS60,DICT_ONLY_FULL_UPPER,SS60,1.0,Equivalent,,0.0,Weak,,0.0,Weak,,0.0,Weak,,0.0,Weak
VE-1.7,SS60,DICT_ONLY_FULL_UPPER,SS60,1.0,Equivalent,,0.0,Weak,,0.0,Weak,,0.0,Weak,,0.0,Weak
VE-2.3,SS61,DICT_ONLY_FULL_UPPER,SS61,1.0,Equivalent,,0.0,Weak,,0.0,Weak,,0.0,Weak,,0.0,Weak
VE-2.5,SS61,DICT_ONLY_FULL_UPPER,SS61,1.0,Equivalent,,0.0,Weak,,0.0,Weak,,0.0,Weak,,0.0,Weak
VE-3.1,SS62,DICT_ONLY_FULL_UPPER,SS62,1.0,Equivalent,,0.0,Weak,,0.0,Weak,,0.0,Weak,,0.0,Weak
VE-3.2,SS62,DICT_ONLY_FULL_UPPER,SS62,1.0,Equivalent,,0.0,Weak,,0.0,Weak,,0.0,Weak,,0.0,Weak
AAA-2.1,SR10,TFIDF_NONE,SR10,0.4246883721739939,Related,SR12,0.07186717984832519,Weak,SR17,0.07055491423460078,Weak,SR1C,0.07020251620858639,Weak,SP4Y,0.054407166889756636,Weak
AAB-2,SQ05,TFIDF_NONE,SQ05,0.43692106976336453,Related,SR14,0.07114620016238792,Weak,SR11,0.07046466737017341,Weak,SR13,0.0687269503343568,Weak,SR1A,0.06416116181620284,Weak
AAB-3,SP9Y,TFIDF_NONE,SP9Y,0.27278509493266484,Weak,ST20,0.0,Weak,SM8B,0.0,Weak,SM92,0.0,Weak,SM91,0.0,Weak
AAB-7,SM1P,TFIDF_NONE,SM1P,0.3855061653775826,Weak,SR4L,0.17267266057280756,Weak,SR65,0.11106068178440366,Weak,SR4M,0.10043123849123199,Weak,SS10,0.08340312909908862,Weak
AAB-40,SP1Y,TFIDF_NONE,SP1Y,0.31834906782460415,Weak,ST20,0.0,Weak,SM92,0.0,Weak,SM91,0.0,Weak,SM90,0.0,Weak
AAB-46,SK30,TFIDF_NONE,SK30,0.34801056462442853,Weak,ST20,0.0,Weak,SM8D,0.0,Weak,SM93,0.0,Weak,SM92,0.0,Weak
AAB-48,SM1Y,TFIDF_NONE,SM1Y,0.29406236761528365,Weak,ST20,0.0,Weak,SM8C,0.0,Weak,SM92,0.0,Weak,SM91,0.0,Weak
AAB-49,SN60,TFIDF_NONE,SN60,0.4654347259077388,Related,SR1A,0.07254820338007856,Weak,SR15,0.07249753701486887,Weak,SR10,0.06563165247744164,Weak,SR40,0.058695272123781075,Weak
AAB-50,SN7Y,TFIDF_NONE,SN7Y,0.3568105557020527,Weak,ST20,0.0,Weak,SM8B,0.0,Weak,SM91,0.0,Weak,SM90,0.0,Weak
AAB-54,SK5Y,TFIDF_NONE,SK5Y,0.3070436587130458,Weak,SM82,0.0,Weak,SM93,0.0,Weak,SM92,0.0,Weak,SM91,0.0,Weak
AAB-64,SP4Y,TFIDF_NONE,SP4Y,0.3124429780529558,Weak,ST20,0.0,Weak,SM93,0.0,Weak,SM91,0.0,Weak,SM90,0.0,Weak
AAB-66,SP9Y,TFIDF_NONE,SP9Y,0.27064996251319806,Weak,SM37,0.031690915658554114,Weak,ST20,0.0,Weak,SM8C,0.0,Weak,SM92,0.0,Weak
AAB-74,SM1N,TFIDF_NONE,SM1N,0.40186880834537553,Related,SR1A,0.12998276133429099,Weak,SN42,0.12133874497278047,Weak,SS55,0.08999162182954762,Weak,SR40,0.08106581249179022,Weak
AAB-80,SP1Y,TFIDF_NONE,SP1Y,0.31834906782460415,Weak,ST20,0.0,Weak,SM92,0.0,Weak,SM91,0.0,Weak,SM90,0.0,Weak
AAB-86,SP9Y,TFIDF_NONE,SP9Y,0.27278509493266484,Weak,ST20,0.0,Weak,SM8B,0.0,Weak,SM92,0.0,Weak,SM91,0.0,Weak
AAB-87,SP1Y,TFIDF_NONE,SP1Y,0.3683840581221856,Weak,ST20,0.0,Weak,SM92,0.0,Weak,SM91,0.0,Weak,SM90,0.0,Weak
AAB-88,SP9Y,TFIDF_NONE,SP9Y,0.27278509493266484,Weak,ST20,0.0,Weak,SM8B,0.0,Weak,SM92,0.0,Weak,SM91,0.0,Weak
AAB-93,SP4Y,TFIDF_NONE,SP4Y,0.3124429780529558,Weak,ST20,0.0,Weak,SM93,0.0,Weak,SM91,0.0,Weak,SM90,0.0,Weak
AAB-97,SN03,TFIDF_NONE,SR4E,0.41060193138061474,Related,SN03,0.3661231198278565,Weak,SN0Z,0.21323689099158188,Weak,SS56,0.12461426816974888,Weak,SM9Z,0.10808428793736513,Weak
AAB-100,SP9Y,TFIDF_NONE,SP9Y,0.27278509493266484,Weak,ST20,0.0,Weak,SM8B,0.0,Weak,SM92,0.0,Weak,SM91,0.0,Weak
AAB-103,SP9Y,TFIDF_NONE,SP9Y,0.27278509493266484,Weak,ST20,0.0,Weak,SM8B,0.0,Weak,SM92,0.0,Weak,SM91,0.0,Weak
AAB-105,SP9Y,TFIDF_NONE,SP9Y,0.27278509493266484,Weak,ST20,0.0,Weak,SM8B,0.0,Weak,SM92,0.0,Weak,SM91,0.0,Weak
AAB-108,SP4Y,TFIDF_NONE,SP4Y,0.3124429780529558,Weak,ST20,0.0,Weak,SM93,0.0,Weak,SM91,0.0,Weak,SM90,0.0,Weak
AAB-110,SL62,TFIDF_NONE,SL62,0.326319462064783,Weak,SR40,0.11864697139967859,Weak,SL6Y,0.09744586696187066,Weak,SL6Z,0.09387017049280856,Weak,SR12,0.07943119120131836,Weak
AAC-1,SK30,TFIDF_NONE,SK30,0.34801056462442853,Weak,ST20,0.0,Weak,SM8D,0.0,Weak,SM93,0.0,Weak,SM92,0.0,Weak
AAC-2,SK30,TFIDF_NONE,SK30,0.34801056462442853,Weak,ST20,0.0,Weak,SM8D,0.0,Weak,SM93,0.0,Weak,SM92,0.0,Weak
AAC-5,SP0Y,TFIDF_NONE,SP0Y,0.3790081567276109,Weak,ST20,0.0,Weak,SM93,0.0,Weak,SM91,0.0,Weak,SM90,0.0,Weak
AAC-6,SP00,TFIDF_NONE,SP00,0.33446990408146116,Weak,SR1C,0.13972394600772448,Weak,SS19,0.12799049428007903,Weak,SR12,0.12348770228805869,Weak,SR1K,0.09971461234937545,Weak
AAC-7,SN08,TFIDF_NONE,SN08,0.37131717581943674,Weak,SM8Z,0.21205779794717888,Weak,SN3Z,0.11039784293746012,Weak,SM88,0.10303531533063048,Weak,SM8Y,0.08760368851926467,Weak
AAC-8,SP15,TFIDF_NONE,SP15,0.4795813893150279,Related,SP4Y,0.07179135665764007,Weak,SP1Z,0.054420855169207506,Weak,SP4Z,0.05398545351747392,Weak,SP9Z,0.05264321938675387,Weak
AAC-9.2,SK55,TFIDF_NONE,SK55,0.6091926959844061,Equivalent,SL08,0.07985007766517832,Weak,ST20,0.0,Weak,SM8E,0.0,Weak,SM93,0.0,Weak
AAC-12,SM31,TFIDF_NONE,SM31,0.3574762244290237,Weak,SR12,0.09081101525241217,Weak,SR17,0.07167166069527135,Weak,SR1C,0.07131368489692788,Weak,SM39,0.06242160637526821,Weak
AAC-13,SK30,TFIDF_NONE,SK30,0.4691582850133584,Related,ST20,0.0,Weak,SM8D,0.0,Weak,SM93,0.0,Weak,SM92,0.0,Weak
AAC-16,SK5Y,TFIDF_NONE,SK5Y,0.3070436587130458,Weak,SM82,0.0,Weak,SM93,0.0,Weak,SM92,0.0,Weak,SM91,0.0,Weak
AAC-239,SK30,TFIDF_NONE,SK30,0.34801056462442853,Weak,ST20,0.0,Weak,SM8D,0.0,Weak,SM93,0.0,Weak,SM92,0.0,Weak
AAC-27,SM83,TFIDF_NONE,SM83,0.4100723374367261,Related,SM82,0.0,Weak,SM93,0.0,Weak,SM92,0.0,Weak,SM91,0.0,Weak
AAC-38,SK22,TFIDF_NONE,SK22,0.1891709311989617,Weak,ST20,0.0,Weak,SM8D,0.0,Weak,SM93,0.0,Weak,SM92,0.0,Weak
AAC-39,SL7Y,TFIDF_NONE,SL7Y,0.41879732326541436,Related,ST20,0.0,Weak,SM8D,0.0,Weak,SM93,0.0,Weak,SM92,0.0,Weak
AAD-2.7,SR20,TFIDF_NONE,SR20,0.3064423816925976,Weak,SM82,0.0,Weak,SM92,0.0,Weak,SM91,0.0,Weak,SM90,0.0,Weak
AAD-2.9,SR20,TFIDF_NONE,SR20,0.27123739638845457,Weak,SM82,0.0,Weak,SM92,0.0,Weak,SM91,0.0,Weak,SM90,0.0,Weak
AAD-4,SR20,TFIDF_NONE,SR20,0.27123739638845457,Weak,SM82,0.0,Weak,SM92,0.0,Weak,SM91,0.0,Weak,SM90,0.0,Weak
AAD-4.1,SR20,TFIDF_NONE,SR20,0.27123739638845457,Weak,SM82,0.0,Weak,SM92,0.0,Weak,SM91,0.0,Weak,SM90,0.0,Weak
AAD-5,SR20,TFIDF_NONE,SR20,0.27123739638845457,Weak,SM82,0.0,Weak,SM92,0.0,Weak,SM91,0.0,Weak,SM90,0.0,Weak
ABA-1,SR16,TFIDF_NONE,SR16,0.5408746818766224,Related,SN41,0.1040155911244291,Weak,SR11,0.10284388941934582,Weak,SR1B,0.1014123861660302,Weak,SR40,0.05223422378594693,Weak
ABA-2,SR17,TFIDF_NONE,SR17,0.39585943526836986,Weak,SN41,0.12513645934775358,Weak,SR40,0.0920829384826497,Weak,SS2A,0.09124742224509655,Weak,SR62,0.07965148834366287,Weak
ABA-2.1,SR15,TFIDF_NONE,SR15,0.4385652616709327,Related,SP9Y,0.07489714197967928,Weak,SR12,0.0582642274332419,Weak,SR17,0.05720034622443106,Weak,SR1C,0.056914649766352965,Weak
ABB-1,SK7Y,TFIDF_NONE,SK7Y,0.29219928045691956,Weak,ST20,0.0,Weak,SM94,0.0,Weak,SM92,0.0,Weak,SM91,0.0,Weak
ABB-7,SM3Y,TFIDF_NONE,SM3Y,0.29840268375792395,Weak,ST20,0.0,Weak,SM93,0.0,Weak,SM92,0.0,Weak,SM91,0.0,Weak
ABB-10,SP9Y,TFIDF_NONE,SP9Y,0.27278509493266484,Weak,ST20,0.0,Weak,SM8B,0.0,Weak,SM92,0.0,Weak,SM91,0.0,Weak
ABB-25,SP9Y,TFIDF_NONE,SP9Y,0.2894649420786557,Weak,ST20,0.0,Weak,SM8B,0.0,Weak,SM92,0.0,Weak,SM91,0.0,Weak
ABB-29,SP2Y,TFIDF_NONE,SP2Y,0.39166189965939263,Weak,ST20,0.0,Weak,SM8C,0.0,Weak,SM92,0.0,Weak,SM91,0.0,Weak
ACA-1,SR1B,TFIDF_NONE,SR1B,0.6224171761814754,Equivalent,SR11,0.10888368561798306,Weak,SR16,0.10778219572815512,Weak,SR40,0.08853968182139287,Weak,SR1A,0.08500951552384445,Weak
ACA-2,SR1C,TFIDF_NONE,SR1C,0.409702143113015,Related,SR40,0.15201470422037766,Weak,SN41,0.10652217238552236,Weak,SR1G,0.08971342450778358,Weak,SP9Y,0.08691258927494971,Weak
ACA-4,SR1E,TFIDF_NONE,SR1E,0.4333003258324184,Related,SP9Y,0.09390131707451713,Weak,SR1K,0.08710205184591052,Weak,SR1L,0.08263421134715809,Weak,SR1J,0.0791470258640108,Weak
ACB-15,SQ4Y,TFIDF_NONE,SQ4Y,0.34345023875858727,Weak,ST20,0.0,Weak,SM8B,0.0,Weak,SM91,0.0,Weak,SM90,0.0,Weak
ACB-27,SP9Y,TFIDF_NONE,SP9Y,0.27278509493266484,Weak,ST20,0.0,Weak,SM8B,0.0,Weak,SM92,0.0,Weak,SM91,0.0,Weak
BD-2,SP62,TFIDF_NONE,SR47,0.43687639020564056,Related,SP62,0.42312015009786363,Related,SR60,0.10686012508582324,Weak,SR1G,0.0781837908116857,Weak,SR1H,0.074007190668549,Weak
BE-1,SR4A,TFIDF_NONE,SR4A,0.3580246847129157,Weak,SR1S,0.14341922734343895,Weak,SN71,0.13985259972362982,Weak,ST0T,0.1314917450718608,Weak,SN9Z,0.09653120264632478,Weak
BF-2,SR4B,TFIDF_NONE,SR4B,0.49283487078896654,Related,SP9Z,0.15817151302774365,Weak,SR4C,0.10673655953753523,Weak,SR55,0.10647112978072254,Weak,SR80,0.10479639504953066,Weak
BA-3.1,SR4K,TFIDF_NONE,SR4K,0.6284097489987972,Equivalent,SR4J,0.2648413728981751,Weak,SR1K,0.1102685952760897,Weak,SR1L,0.10461244269099784,Weak,SR42,0.10335624064299066,Weak
BH-1,SR4F,TFIDF_NONE,SR4F,0.5203728906071461,Related,SR4G,0.09278596643081238,Weak,SR64,0.08974508044047565,Weak,SR4H,0.08018665866271643,Weak,SR4K,0.07633087078528743,Weak
CC-2,SN45,TFIDF_NONE,SR84,0.4875167424743505,Related,SN45,0.4085554708157361,Related,SR8N,0.06577733023748103,Weak,SN4D,0.05468405945209831,Weak,SR82,0.03972523850680931,Weak
CA-1,SR83,TFIDF_NONE,SR83,0.4691070405826116,Related,SM86,0.09259428958565388,Weak,SM81,0.08656117275816111,Weak,SR62,0.08470668477319397,Weak,SM82,0.08381084782010968,Weak
CA-2,SR82,TFIDF_NONE,SR82,0.45204964934071934,Related,SM82,0.09534734002590553,Weak,SM86,0.09176539448653151,Weak,SS25,0.08684450086761583,Weak,SR62,0.07748456298928436,Weak
CB-1,SR81,TFIDF_NONE,SR81,0.4623954333302313,Related,SR10,0.14879033679469872,Weak,SR64,0.13148497487358768,Weak,SR20,0.10157543801415034,Weak,SR62,0.09977220273083194,Weak
CB-2,SR80,TFIDF_NONE,SR80,0.4637250337128428,Related,SR11,0.08197321701859092,Weak,SR16,0.08114395899641631,Weak,SR1B,0.08083221654195215,Weak,SN08,0.06508688432583754,Weak
CB-3,SR86,TFIDF_NONE,SR86,0.39656338646745504,Weak,SR5A,0.13184374318356695,Weak,SR4F,0.11560360855982248,Weak,SR81,0.11325729820321338,Weak,SS19,0.1004781198475794,Weak
D,SS10,TFIDF_NONE,SS10,0.7129398870815957,Equivalent,SR59,0.1807566739072751,Weak,SS19,0.14115178053108784,Weak,SS12,0.13800222485542968,Weak,SS11,0.1367095019634949,Weak
DB-2,SS11,TFIDF_NONE,SS11,0.5047183569358588,Related,SS10,0.15474208517513566,Weak,SR59,0.1433088947038371,Weak,SS19,0.1326849529651244,Weak,SS17,0.1271942782165944,Weak
DB-4,SS14,TFIDF_NONE,SS14,0.5293460476236622,Related,SP9Y,0.12648606923161698,Weak,SS10,0.11956168651918984,Weak,SS15,0.10796764340515773,Weak,SR80,0.09072558061041894,Weak
EA-2.5,SM74,TFIDF_NONE,SM74,0.3938803181019502,Weak,ST20,0.0,Weak,SM8C,0.0,Weak,SM92,0.0,Weak,SM91,0.0,Weak
EA-4.5.1,SL40,TFIDF_NONE,SL40,0.08105348873636613,Weak,SM83,0.0,Weak,SM94,0.0,Weak,SM93,0.0,Weak,SM92,0.0,Weak
EB-1,SR59,TFIDF_NONE,SR59,0.6065010774477297,Equivalent,SR5B,0.07489212323166512,Weak,SM3C,0.0685497992534535,Weak,SM3B,0.05042928594805325,Weak,SS10,0.0499547757753491,Weak
EB-2,SM37,TFIDF_NONE,SM37,0.3768221041716243,Weak,SM38,0.0863705049231931,Weak,SS10,0.07173685726048852,Weak,SM0Z,0.0680827031409369,Weak,SR59,0.06643654641135366,Weak
EB-3.9,SM3C,TFIDF_NONE,SM3C,0.34320451023008547,Weak,SR86,0.10049010604593976,Weak,SR40,0.07857010334256244,Weak,SM3Y,0.07708802879699479,Weak,SM3L,0.0764354349307933,Weak
EB-6,SM3L,TFIDF_NONE,SM3L,0.35200747054860326,Weak,SM3J,0.1312425445790895,Weak,SS19,0.12578788861528667,Weak,SR50,0.1192763146384504,Weak,SS54,0.09390014507988573,Weak
EB-8,SM3K,TFIDF_NONE,SM3K,0.4282966847405097,Related,SS56,0.07661882716728462,Weak,SM7Y,0.07558898992035508,Weak,SS10,0.07341265613617767,Weak,SP4Y,0.07063630972795906,Weak
EB-10,SM33,TFIDF_NONE,SM33,0.32307928333620406,Weak,SP9Y,0.08894253532693742,Weak,SM31,0.0585793538239623,Weak,SR64,0.05329272467485686,Weak,SR62,0.053023739040664375,Weak
EB-10.15,SM70,TFIDF_NONE,SM70,0.243242783272938,Weak,SR8J,0.05425139362763154,Weak,SR8L,0.052812277787002,Weak,SQ05,0.05004585604288775,Weak,SP4Y,0.046303009777198936,Weak
EC-3,SP51,TFIDF_NONE,SP51,0.4386921086415704,Related,SR40,0.15057497662536076,Weak,SR50,0.13041912902832847,Weak,SP9Z,0.092023969749849,Weak,SS56,0.08224392229723347,Weak
EC-3.2,SP54,TFIDF_NONE,SP54,0.5020141467421173,Related,SR50,0.12552516551354767,Weak,SN41,0.09968876697968415,Weak,SR40,0.08198923534587983,Weak,SS10,0.07987543175526465,Weak
EC-3.7,SP5Y,TFIDF_NONE,SP5Y,0.2891581352300034,Weak,SM82,0.0,Weak,SM93,0.0,Weak,SM92,0.0,Weak,SM91,0.0,Weak
EC-3.8,SP5Y,TFIDF_NONE,SP5Y,0.2891581352300034,Weak,SM82,0.0,Weak,SM93,0.0,Weak,SM92,0.0,Weak,SM91,0.0,Weak
ED-2.2,SP99,TFIDF_NONE,SP99,0.3236415601112227,Weak,SR40,0.10584353967745838,Weak,SN45,0.08902672999001797,Weak,SN5Y,0.08688583589836262,Weak,SP9Z,0.08365367490333414,Weak
ED-3.1,SM41,TFIDF_NONE,SM41,0.3178403864421534,Weak,ST20,0.0,Weak,SM8D,0.0,Weak,SM93,0.0,Weak,SM92,0.0,Weak
ED-3.3,SM41,TFIDF_NONE,SM41,0.3178403864421534,Weak,ST20,0.0,Weak,SM8D,0.0,Weak,SM93,0.0,Weak,SM92,0.0,Weak
ED-3.5,SM41,TFIDF_NONE,SM41,0.27465661263034086,Weak,ST20,0.0,Weak,SM8D,0.0,Weak,SM93,0.0,Weak,SM92,0.0,Weak
ED-4.2.3,SN49,TFIDF_NONE,SN49,0.4884733053287875,Related,SN4U,0.06620186373720485,Weak,SN5Y,0.023555760619895956,Weak,SM8C,0.0,Weak,SM92,0.0,Weak
ED-4.2.6,SN49,TFIDF_NONE,SN49,0.32268279400353217,Weak,SM82,0.0,Weak,SM93,0.0,Weak,SM92,0.0,Weak,SM91,0.0,Weak
ED-4.2.7,SN4A,TFIDF_NONE,SN4A,0.3689881139977082,Weak,SN42,0.1858947489780725,Weak,SN4R,0.13920602358762268,Weak,SN5Y,0.11491237672553882,Weak,SN4C,0.10715910194356323,Weak
ED-4.3.2,SN5Y,TFIDF_NONE,SN5Y,0.27377608587388624,Weak,SM94,0.0,Weak,SM92,0.0,Weak,SM91,0.0,Weak,SM90,0.0,Weak
ED-4.3.7,SN5Y,TFIDF_NONE,SN5Y,0.2989974654353659,Weak,SN49,0.09172824317322965,Weak,SN4U,0.05622036326166313,Weak,SM84,0.0,Weak,SM85,0.0,Weak
ED-4.4,SN49,TFIDF_NONE,SN49,0.30054722080738544,Weak,SR40,0.1157116509315841,Weak,SS56,0.11271487963479981,Weak,SN5Y,0.08296785103389033,Weak,SR64,0.08271242867430853,Weak
ED-8,SP11,TFIDF_NONE,SP11,0.34881304284012243,Weak,SP10,0.33641211866794735,Weak,SP14,0.21703621908529744,Weak,ST20,0.0,Weak,SM93,0.0,Weak
ED-9.7.9,SM40,TFIDF_NONE,SM40,0.4987991215466097,Related,SR17,0.09299184422708098,Weak,SM4Z,0.06513565057557837,Weak,SP4Y,0.0643439845218142,Weak,SM4Y,0.06319378436034254,Weak
ED-19,SN47,TFIDF_NONE,SN47,0.4029597724521705,Related,SQ50,0.2335034965563594,Weak,SR1A,0.11898031340171328,Weak,SN4U,0.0919081848576261,Weak,SR1C,0.06978854638830942,Weak
EE-1,SR52,TFIDF_NONE,SR52,0.6021104958276007,Equivalent,SL70,0.13323857052811586,Weak,SR53,0.12193839866844472,Weak,SR5Z,0.10755012182171685,Weak,SR50,0.10295266113356064,Weak
EE-2,SP72,TFIDF_NONE,SP72,0.37815170300909706,Weak,SR13,0.11175094948341104,Weak,SR18,0.11114786551672845,Weak,SR1D,0.1107376778025928,Weak,SS56,0.07280721028503491,Weak
EE-3.4,SM53,TFIDF_NONE,SM53,0.13780308005247824,Weak,SK6S,0.10537654087350873,Weak,SN06,0.09911427717925432,Weak,SM99,0.09070214947017056,Weak,SM3J,0.05647885167471161,Weak
EE-3.6,SM53,TFIDF_NONE,SM53,0.36265558779319185,Weak,SK6S,0.09479959075088179,Weak,SN06,0.08916588869093243,Weak,SM99,0.08159811072484272,Weak,SM1L,0.06888083841581538,Weak
EE-3.7,SM53,TFIDF_NONE,SM53,0.13769062282907518,Weak,SK6S,0.10455486920237925,Weak,SN06,0.09834143539599227,Weak,SM99,0.08999490110053911,Weak,SM72,0.05357612325780158,Weak
EE-3.10,SM53,TFIDF_NONE,SM53,0.3591795046327361,Weak,SK6S,0.08680203731278599,Weak,SN06,0.08164360980752491,Weak,SM99,0.07471427034324785,Weak,SM7Y,0.02398770825833038,Weak
EE-3.13,SM7Y,TFIDF_NONE,SM7Y,0.34957880130537117,Weak,SK6S,0.08680203731278599,Weak,SN06,0.08164360980752491,Weak,SM53,0.0808654355359903,Weak,SM99,0.07471427034324785,Weak
EE-3.16,SK6S,TFIDF_NONE,SK6S,0.5800402252770682,Related,SM53,0.10231534930090244,Weak,SN06,0.08645772940375344,Weak,SM7Y,0.05924463420686949,Weak,SM99,0.058687197065668606,Weak
EE-4.4,SP70,TFIDF_NONE,SP70,0.40270319941230215,Related,SR1A,0.12423270882489461,Weak,SR1C,0.07144839166655476,Weak,SR1E,0.07027754604453075,Weak,SR1B,0.06962303255137994,Weak
EF-1,SR53,TFIDF_NONE,SR53,0.4769436435430541,Related,SR5Z,0.11756488793745845,Weak,SR52,0.11279786902585023,Weak,SR5Y,0.11095590168140584,Weak,SR5A,0.10994553839544365,Weak
EF-2.2.7,SM8D,TFIDF_NONE,SM8D,0.29335428441101213,Weak,ST20,0.0,Weak,SM82,0.0,Weak,SM93,0.0,Weak,SM92,0.0,Weak
EF-2.2.8,SM8D,TFIDF_NONE,SM8D,0.29335428441101213,Weak,ST20,0.0,Weak,SM82,0.0,Weak,SM93,0.0,Weak,SM92,0.0,Weak
EF-2.2.11,SM8D,TFIDF_NONE,SM8D,0.29335428441101213,Weak,ST20,0.0,Weak,SM82,0.0,Weak,SM93,0.0,Weak,SM92,0.0,Weak
EF-2.2.12,SM8D,TFIDF_NONE,SM8D,0.29335428441101213,Weak,ST20,0.0,Weak,SM82,0.0,Weak,SM93,0.0,Weak,SM92,0.0,Weak
EF-2.2.13,SM8D,TFIDF_NONE,SM8D,0.29335428441101213,Weak,ST20,0.0,Weak,SM82,0.0,Weak,SM93,0.0,Weak,SM92,0.0,Weak
EF-2.3.1,SM8D,TFIDF_NONE,SM8D,0.29335428441101213,Weak,ST20,0.0,Weak,SM82,0.0,Weak,SM93,0.0,Weak,SM92,0.0,Weak
EF-2.3.2,SM8D,TFIDF_NONE,SM8D,0.32509182332566433,Weak,ST20,0.0,Weak,SM82,0.0,Weak,SM93,0.0,Weak,SM92,0.0,Weak
EF-2.3.3,SM8D,TFIDF_NONE,SM8D,0.29335428441101213,Weak,ST20,0.0,Weak,SM82,0.0,Weak,SM93,0.0,Weak,SM92,0.0,Weak
EF-2.3.4,SM8A,TFIDF_NONE,SM8A,0.42291029549644676,Related,SR5B,0.1684952137120938,Weak,SR15,0.1331475925848009,Weak,SR44,0.09740234311335977,Weak,SR43,0.08859124757521261,Weak
EF-2.3.6,SM8D,TFIDF_NONE,SM8D,0.29335428441101213,Weak,ST20,0.0,Weak,SM82,0.0,Weak,SM93,0.0,Weak,SM92,0.0,Weak
EF-3,SP64,TFIDF_NONE,SP64,0.6016324976494891,Equivalent,SR11,0.07541700979204932,Weak,SR16,0.07465407571854217,Weak,SR1B,0.07436726638500596,Weak,SR53,0.053406891576269204,Weak
EH-2,SP0Y,TFIDF_NONE,SP0Y,0.3790081567276109,Weak,ST20,0.0,Weak,SM93,0.0,Weak,SM91,0.0,Weak,SM90,0.0,Weak
EI-1,SR56,TFIDF_NONE,SR56,0.4799720064718788,Related,SN4F,0.091737883634578,Weak,SR51,0.08995774627168222,Weak,SR54,0.08000507439440147,Weak,SR5A,0.07450922252415897,Weak
EI-2,SN02,TFIDF_NONE,SN02,0.5693883393248034,Related,SP98,0.07539513373924409,Weak,SN0Y,0.06371386731600888,Weak,SN0Z,0.05946077071345154,Weak,SN3Y,0.05877795028050666,Weak
EI-6.8,SM3G,TFIDF_NONE,SM3G,0.37219865174140776,Weak,SM3Z,0.13310719171436866,Weak,SN0Y,0.11620363745668741,Weak,SN3Y,0.08813134436211964,Weak,SN01,0.06208120625766464,Weak
EI-6.9,SN0Y,TFIDF_NONE,SN0Y,0.46809730010273676,Related,SN3Y,0.07711548872521473,Weak,SN01,0.05935086340727851,Weak,SM3G,0.035134234613148956,Weak,ST20,0.0,Weak
EJ-1,SR5B,TFIDF_NONE,SR5B,0.4604167918063885,Related,SR5Z,0.12352685423368545,Weak,SR5Y,0.11658271218407844,Weak,SR5A,0.10668677429504142,Weak,SR51,0.10266433075031406,Weak
EJ-2,SM8C,TFIDF_NONE,SM8C,0.4387688408969954,Related,SR5B,0.15138251435743386,Weak,SM87,0.13340835036390578,Weak,SS25,0.09344093717929634,Weak,SM86,0.0897390547983791,Weak
EJ-3.4,SM8E,TFIDF_NONE,SM8E,0.43531546477496974,Related,SR1G,0.1005124904548611,Weak,SR1H,0.09514308488290651,Weak,SR1F,0.0914305313624888,Weak,SM81,0.08717142015014687,Weak
EJ-3.9,SM88,TFIDF_NONE,SM88,0.527043458676028,Related,SM86,0.18321801266462373,Weak,SM82,0.15258851994495484,Weak,SM81,0.08011146473568449,Weak,SP9Z,0.05201052856418062,Weak
EJ-3.12,SM52,TFIDF_NONE,SM52,0.39261645882779606,Weak,SM37,0.017099108964347992,Weak,ST20,0.0,Weak,SM8D,0.0,Weak,SM93,0.0,Weak
EK-4.2,SM32,TFIDF_NONE,SM32,0.5141021877609906,Related,SM3J,0.09681559834630385,Weak,SM1M,0.05686568978151612,Weak,SM8C,0.03298174450833484,Weak,SN3Y,0.02818553672506011,Weak
EK-4.4,SM32,TFIDF_NONE,SM32,0.5144196314048838,Related,SM1L,0.06614233907766198,Weak,SM8C,0.03118061162295321,Weak,SN3Y,0.02664632472022488,Weak,SQ04,0.021981880307834458,Weak
EK-4.5,SM32,TFIDF_NONE,SM32,0.5119129733807319,Related,ST20,0.0,Weak,SM8C,0.0,Weak,SM93,0.0,Weak,SM92,0.0,Weak
EK-4.6,SM42,TFIDF_NONE,SM42,0.3854943971880614,Weak,SM4Z,0.09431348591943808,Weak,SM1G,0.09196958719571695,Weak,SM40,0.08655182174762945,Weak,SM4Y,0.08461924822170895,Weak
EL-2.5,SM9Y,TFIDF_NONE,SM9Y,0.2958204296401247,Weak,ST20,0.0,Weak,SM82,0.0,Weak,SM93,0.0,Weak,SM92,0.0,Weak
EL-2.6,SM9Y,TFIDF_NONE,SM9Y,0.2958204296401247,Weak,ST20,0.0,Weak,SM82,0.0,Weak,SM93,0.0,Weak,SM92,0.0,Weak
EL-2.9,SM90,TFIDF_NONE,SM90,0.19815779459012722,Weak,SR20,0.047139929097257116,Weak,SR40,0.044849695707998564,Weak,ST20,0.04084436402179986,Weak,SM99,0.03683025269271299,Weak
EL-2.10,SM96,TFIDF_NONE,SM96,0.33214351409481324,Weak,SR1A,0.11265230393074425,Weak,SS55,0.08194052767822683,Weak,SR1C,0.06607681820501464,Weak,SR1E,0.06579813369984294,Weak
EL-2.12,SN12,TFIDF_NONE,SN12,0.4044004356016716,Related,SP9Z,0.05391142302378296,Weak,SM9Y,0.046987025473409993,Weak,SR20,0.031846977303499974,Weak,SR14,0.024173491702341,Weak
EL-2.15,SM91,TFIDF_NONE,SM91,0.4206316057209087,Related,SR4J,0.1654948452206974,Weak,SR4K,0.13730679895590908,Weak,SR64,0.07068899305300178,Weak,SR62,0.057856773195562934,Weak
EL-2.20,SM9A,TFIDF_NONE,SM9A,0.15299873119949456,Weak,SM9Y,0.09494672411422274,Weak,SS56,0.06323741213800887,Weak,SK20,0.04601198699497324,Weak,SP9Z,0.04446367803511261,Weak
EL-2.26,SM9Y,TFIDF_NONE,SM9Y,0.32936331216133097,Weak,ST20,0.0,Weak,SM82,0.0,Weak,SM93,0.0,Weak,SM92,0.0,Weak
EL-2.28,SM99,TFIDF_NONE,SM99,0.4729124763729856,Related,SM53,0.09618625335867119,Weak,SM7Y,0.08096358693999456,Weak,SN06,0.07910732488612678,Weak,SM9Y,0.06679905309222314,Weak
EL-9,SN1Y,TFIDF_NONE,SN1Y,0.37149411107741476,Weak,SM82,0.0,Weak,SM93,0.0,Weak,SM92,0.0,Weak,SM91,0.0,Weak
EM-1,SR5E,TFIDF_NONE,SR5E,0.5529176341432721,Related,SR5Z,0.1254573890802946,Weak,SR5Y,0.11840472076496394,Weak,SR5A,0.11305565551675063,Weak,SR51,0.10426881642467883,Weak
EM-2,SQ03,TFIDF_NONE,SQ03,0.3453223606097973,Weak,SR5E,0.12683732413978133,Weak,SQ41,0.08943455310286037,Weak,SR64,0.0646077469329085,Weak,SS15,0.06410433694940279,Weak
EM-2.4,SQ04,TFIDF_NONE,SQ04,0.3542985006294294,Weak,SQ0Z,0.09320428600540334,Weak,SQ03,0.07572197771359256,Weak,SQ41,0.07104483348457755,Weak,SR1A,0.06555972669959041,Weak
EM-7.5,SP98,TFIDF_NONE,SP98,0.39327872313913176,Weak,ST20,0.0,Weak,SM8B,0.0,Weak,SM91,0.0,Weak,SM90,0.0,Weak
EM-9,SQ10,TFIDF_NONE,SQ10,0.5935499369046968,Related,SP57,0.03870784082460326,Weak,SP5Y,0.03747758145447658,Weak,SP97,0.032675523476953384,Weak,SP54,0.03153691404027087,Weak
F-9,SK00,TFIDF_NONE,SK00,0.2710053342045211,Weak,ST20,0.0,Weak,SM8C,0.0,Weak,SM93,0.0,Weak,SM92,0.0,Weak
FA,SK50,TFIDF_NONE,SK50,0.49258670692424233,Related,SN4G,0.09063476932370368,Weak,SN4E,0.08127101807314738,Weak,SK00,0.047337036094824904,Weak,SN42,0.04587341634943744,Weak
FA-2,SN73,TFIDF_NONE,SN73,0.7417681299865007,Equivalent,SN7Z,0.09707659438580744,Weak,SN7Y,0.09437160799604327,Weak,SR17,0.07875460615230181,Weak,SN9Z,0.06637628345856696,Weak
FA-6,SK50,TFIDF_NONE,SK50,0.35566901367350473,Weak,ST20,0.0,Weak,SM8D,0.0,Weak,SM93,0.0,Weak,SM92,0.0,Weak
FA-7,SP9Y,TFIDF_NONE,SP9Y,0.27278509493266484,Weak,ST20,0.0,Weak,SM8B,0.0,Weak,SM92,0.0,Weak,SM91,0.0,Weak
GA-1,SM1M,TFIDF_NONE,SM1M,0.5029613138208078,Related,SM1K,0.08678034732726894,Weak,SM3J,0.08604825010426052,Weak,SR1A,0.04696738460671616,Weak,SR15,0.046934583426941096,Weak
GA-10,SM1Y,TFIDF_NONE,SM1Y,0.29406236761528365,Weak,ST20,0.0,Weak,SM8C,0.0,Weak,SM92,0.0,Weak,SM91,0.0,Weak
GB-3,SM13,TFIDF_NONE,SM13,0.40894893630179674,Related,SM1G,0.10068740216883235,Weak,SN44,0.07164949518212314,Weak,SS20,0.06841854148948005,Weak,SM1J,0.05804222181183492,Weak
GB-9,SM1Y,TFIDF_NONE,SM1Y,0.3263182594114488,Weak,ST20,0.0,Weak,SM8C,0.0,Weak,SM92,0.0,Weak,SM91,0.0,Weak
GB-11,SM1Y,TFIDF_NONE,SM1Y,0.29406236761528365,Weak,ST20,0.0,Weak,SM8C,0.0,Weak,SM92,0.0,Weak,SM91,0.0,Weak
GD-4,SM1Y,TFIDF_NONE,SM1Y,0.29406236761528365,Weak,ST20,0.0,Weak,SM8C,0.0,Weak,SM92,0.0,Weak,SM91,0.0,Weak
GE-3,SL06,TFIDF_NONE,SL06,0.3919013544259373,Weak,SL08,0.09668489173544491,Weak,SL0Z,0.07608455924107005,Weak,SN00,0.06863451866708661,Weak,SP4Y,0.06737822405945229,Weak
GE-4,SM17,TFIDF_NONE,SM17,0.41271751971199755,Related,SR1A,0.12664862249956205,Weak,SR1C,0.07283782564165645,Weak,SR1E,0.0716442109600512,Weak,SR1B,0.07097696935275627,Weak
GE-6,SM1Y,TFIDF_NONE,SM1Y,0.3249497384994755,Weak,SP72,0.09296217023554876,Weak,ST20,0.0,Weak,SM8C,0.0,Weak,SM91,0.0,Weak
GE-8,SM1Y,TFIDF_NONE,SM1Y,0.29406236761528365,Weak,ST20,0.0,Weak,SM8C,0.0,Weak,SM92,0.0,Weak,SM91,0.0,Weak
GE-10,SP9Y,TFIDF_NONE,SP9Y,0.2894649420786557,Weak,ST20,0.0,Weak,SM8B,0.0,Weak,SM92,0.0,Weak,SM91,0.0,Weak
GE-11,SM1Y,TFIDF_NONE,SM1Y,0.3263182594114488,Weak,ST20,0.0,Weak,SM8C,0.0,Weak,SM92,0.0,Weak,SM91,0.0,Weak
GF-7,SL01,TFIDF_NONE,SL01,0.37255884010994833,Weak,SR1C,0.1183315172113103,Weak,SR17,0.08864290465726386,Weak,SL0Y,0.08089461142239951,Weak,SR1A,0.07673131902660446,Weak
GF-9,SL0Y,TFIDF_NONE,SL0Y,0.37270484453329944,Weak,ST20,0.0,Weak,SM8D,0.0,Weak,SM93,0.0,Weak,SM92,0.0,Weak
GF-10,SL05,TFIDF_NONE,SL05,0.4480907882302968,Related,ST20,0.0,Weak,SM95,0.0,Weak,SM93,0.0,Weak,SM92,0.0,Weak
GF-11,SL03,TFIDF_NONE,SL03,0.3942434712004373,Weak,SM95,0.0,Weak,SM93,0.0,Weak,SM92,0.0,Weak,SM91,0.0,Weak
GF-13,SL0Y,TFIDF_NONE,SL0Y,0.4625310250665149,Related,ST20,0.0,Weak,SM8D,0.0,Weak,SM93,0.0,Weak,SM92,0.0,Weak
GF-16,SL2Y,TFIDF_NONE,SL2Y,0.36844158197483734,Weak,ST20,0.0,Weak,SM94,0.0,Weak,SM92,0.0,Weak,SM91,0.0,Weak
GF-19,SL0Y,TFIDF_NONE,SL0Y,0.37270484453329944,Weak,ST20,0.0,Weak,SM8D,0.0,Weak,SM93,0.0,Weak,SM92,0.0,Weak
GG,SM1Y,TFIDF_NONE,SM1Y,0.3240112198806422,Weak,SP91,0.09221745218174413,Weak,ST20,0.0,Weak,SM8C,0.0,Weak,SM91,0.0,Weak
HA-1,SK68,TFIDF_NONE,SK68,0.3657267812121933,Weak,SS28,0.11648155173160646,Weak,SM53,0.08608503382071593,Weak,SM7Y,0.07823667933218609,Weak,SN30,0.07219682563764979,Weak
HB-5,SK6U,TFIDF_NONE,SK6U,0.3358627071152191,Weak,ST20,0.0,Weak,SM83,0.0,Weak,SM93,0.0,Weak,SM92,0.0,Weak
HB-7,SK6P,TFIDF_NONE,SK6P,0.3991316216642057,Weak,SK6G,0.08125851610691835,Weak,SR44,0.0706891783282169,Weak,SR43,0.06429457750184714,Weak,SN30,0.06325032609525799,Weak
HB-8,SK7Y,TFIDF_NONE,SK7Y,0.29219928045691956,Weak,ST20,0.0,Weak,SM94,0.0,Weak,SM92,0.0,Weak,SM91,0.0,Weak
HB-17,SK6J,TFIDF_NONE,SK6J,0.5878607342076749,Related,SP9Z,0.0531040954210946,Weak,SN4D,0.051015845287672085,Weak,SK6K,0.0486682985698713,Weak,SK69,0.042969748835878854,Weak
HD-2,SK6C,TFIDF_NONE,SK6C,0.40289729400234553,Related,ST20,0.0,Weak,SM93,0.0,Weak,SM92,0.0,Weak,SM91,0.0,Weak
HD-4,SK7Y,TFIDF_NONE,SK7Y,0.29219928045691956,Weak,ST20,0.0,Weak,SM94,0.0,Weak,SM92,0.0,Weak,SM91,0.0,Weak
HE-4,SK61,TFIDF_NONE,SK61,0.234320112422764,Weak,SP4Y,0.059246397117458056,Weak,SM0Z,0.055590491631212366,Weak,SS28,0.05136738764428152,Weak,SM9A,0.04992282580373641,Weak
HF-3,SK6W,TFIDF_NONE,SK6W,0.43920139720144363,Related,SS56,0.10387202948100945,Weak,SK7Z,0.09012313547717804,Weak,SK6R,0.07334239173779376,Weak,SR1A,0.05826535463527727,Weak
HF-5,SK6X,TFIDF_NONE,SK6X,0.3970293942964527,Weak,SR12,0.08244734983256977,Weak,SR17,0.08094189459756083,Weak,SR1C,0.0805376171041009,Weak,SK6U,0.07731962800859403,Weak
HF-8,SK7Y,TFIDF_NONE,SK7Y,0.29219928045691956,Weak,ST20,0.0,Weak,SM94,0.0,Weak,SM92,0.0,Weak,SM91,0.0,Weak
HF-9,SK7Y,TFIDF_NONE,SK7Y,0.323091297794233,Weak,ST20,0.0,Weak,SM94,0.0,Weak,SM92,0.0,Weak,SM91,0.0,Weak
HG-2.4,SK65,TFIDF_NONE,SK65,0.5508615482987012,Related,ST20,0.0,Weak,SM8C,0.0,Weak,SM92,0.0,Weak,SM91,0.0,Weak
HG-3,SK7Y,TFIDF_NONE,SK7Y,0.29219928045691956,Weak,ST20,0.0,Weak,SM94,0.0,Weak,SM92,0.0,Weak,SM91,0.0,Weak
HG-4,SK63,TFIDF_NONE,SK63,0.2879717661467478,Weak,SR65,0.050801877964989584,Weak,SP9Z,0.03993786590562995,Weak,SK65,0.03622726375547779,Weak,SR17,0.0301793709534951,Weak
HG-10,SK7Y,TFIDF_NONE,SK7Y,0.29219928045691956,Weak,ST20,0.0,Weak,SM94,0.0,Weak,SM92,0.0,Weak,SM91,0.0,Weak
HG-12,SK7Y,TFIDF_NONE,SK7Y,0.29219928045691956,Weak,ST20,0.0,Weak,SM94,0.0,Weak,SM92,0.0,Weak,SM91,0.0,Weak
I-6,SK95,TFIDF_NONE,SK95,0.32548159121467907,Weak,SM83,0.0,Weak,SM94,0.0,Weak,SM93,0.0,Weak,SM92,0.0,Weak
I-10,SK95,TFIDF_NONE,SK95,0.13073795101996877,Weak,SM83,0.0,Weak,SM94,0.0,Weak,SM93,0.0,Weak,SM92,0.0,Weak
I-13,SK9Y,TFIDF_NONE,SK9Y,0.39484028459579923,Weak,ST20,0.0,Weak,SM8D,0.0,Weak,SM93,0.0,Weak,SM92,0.0,Weak
I-16,SK94,TFIDF_NONE,SK94,0.43489492907485766,Related,SK97,0.14755770115708702,Weak,SK9Y,0.10700628288904082,Weak,SK9Z,0.0753267216165113,Weak,SN92,0.060679259350527384,Weak
J-1,SK8Y,TFIDF_NONE,SK8Y,0.09226427447784286,Weak,SM83,0.0,Weak,SM94,0.0,Weak,SM93,0.0,Weak,SM92,0.0,Weak
J-3,SK8Y,TFIDF_NONE,SK8Y,0.3032688037063681,Weak,SM83,0.0,Weak,SM94,0.0,Weak,SM93,0.0,Weak,SM92,0.0,Weak
J-7,SK86,TFIDF_NONE,SK86,0.5611557599855787,Related,SK82,0.0721033759688838,Weak,SK80,0.07162877647581757,Weak,SK85,0.07094107800811611,Weak,SK83,0.0649435105878405,Weak
J-11,SK8Y,TFIDF_NONE,SK8Y,0.3345076491260029,Weak,SK86,0.10601415038333814,Weak,SK82,0.0721033759688838,Weak,SK80,0.07162877647581757,Weak,SK85,0.07094107800811611,Weak
J-16,SK8Y,TFIDF_NONE,SK8Y,0.3032688037063681,Weak,SM83,0.0,Weak,SM94,0.0,Weak,SM93,0.0,Weak,SM92,0.0,Weak
J-20,SK87,TFIDF_NONE,SK87,0.32344361067928656,Weak,SK8Y,0.09251915277420929,Weak,SK96,0.08549725125668857,Weak,SR14,0.07196045041009846,Weak,SR11,0.07127111764763092,Weak
K,SN4W,TFIDF_NONE,SN4W,0.47044014143199486,Related,SP4Z,0.09153427045086014,Weak,SR1A,0.06842668154208056,Weak,SR15,0.06837889357386673,Weak,SR10,0.06190306546430066,Weak
LD,ST20,TFIDF_NONE,ST20,0.38303824630847083,Weak,SR57,0.2672874179121964,Weak,SS3J,0.14478050745355087,Weak,SS3B,0.13088198871152168,Weak,SR89,0.09736512116391825,Weak
MA,SN1Y,TFIDF_NONE,SN1Y,0.4604339732064991,Related,SM82,0.0,Weak,SM93,0.0,Weak,SM92,0.0,Weak,SM91,0.0,Weak
MD-1,SM1Y,TFIDF_NONE,SM1Y,0.07631825941144882,Weak,ST20,0.0,Weak,SM8C,0.0,Weak,SM92,0.0,Weak,SM91,0.0,Weak
MD-2,SM12,TFIDF_NONE,SM12,0.44044346010902485,Related,SM1Z,0.1861849123293905,Weak,SM1Y,0.10481659222911026,Weak,SR1A,0.09235205966223967,Weak,SM1G,0.0808759472545724,Weak
MD-10,SR05,TFIDF_NONE,SR05,0.3605351696642357,Weak,SS10,0.24882367177318132,Weak,SM76,0.16036760563692792,Weak,SR59,0.15892328008927487,Weak,SS12,0.11794673727109958,Weak
MD-12,SR00,TFIDF_NONE,SR00,0.4130588521438746,Related,SR5D,0.15724275721515013,Weak,SN11,0.11299403788979225,Weak,SR4L,0.11164625142118437,Weak,SR4M,0.11055176742899388,Weak
O-2,SN5Y,TFIDF_NONE,SN5Y,0.27377608587388624,Weak,SM94,0.0,Weak,SM92,0.0,Weak,SM91,0.0,Weak,SM90,0.0,Weak
O-4,SN5Y,TFIDF_NONE,SN5Y,0.2911813887386917,Weak,SM94,0.0,Weak,SM92,0.0,Weak,SM91,0.0,Weak,SM90,0.0,Weak
O-5,SN0Y,TFIDF_NONE,SN0Y,0.33143694122334794,Weak,ST20,0.0,Weak,SM94,0.0,Weak,SM92,0.0,Weak,SM91,0.0,Weak
O-7,SN70,TFIDF_NONE,SN70,0.4684047514943067,Related,SK50,0.086639227544782,Weak,SN7Y,0.07197213540854386,Weak,SN4C,0.06653785852767807,Weak,SN5Y,0.05688784678315164,Weak
O-12,SN4T,TFIDF_NONE,SN4T,0.423072082305312,Related,SM82,0.0,Weak,SM92,0.0,Weak,SM91,0.0,Weak,SM90,0.0,Weak
O-17,SN5Y,TFIDF_NONE,SN5Y,0.27377608587388624,Weak,SM94,0.0,Weak,SM92,0.0,Weak,SM91,0.0,Weak,SM90,0.0,Weak
O-21,SN4F,TFIDF_NONE,SN4F,0.4481725212109182,Related,SN4J,0.052773418331269764,Weak,SN5Y,0.04219187181228504,Weak,SL8Y,0.03125427724307548,Weak,SM0Z,0.030722006650774555,Weak
O-23,SN4E,TFIDF_NONE,SN4E,0.27388522203751214,Weak,SS56,0.10365008147103494,Weak,SR40,0.09156116798756621,Weak,SN41,0.06000041003795211,Weak,SR1A,0.05583346467340051,Weak
O-34,SN5Y,TFIDF_NONE,SN5Y,0.27377608587388624,Weak,SM94,0.0,Weak,SM92,0.0,Weak,SM91,0.0,Weak,SM90,0.0,Weak
O-38,SN40,TFIDF_NONE,SN40,0.388826106419389,Weak,SN5Y,0.1028247157791013,Weak,SP9Y,0.08546130219980055,Weak,SN4R,0.08108203878972822,Weak,SN42,0.07469889902291325,Weak
O-39,SN90,TFIDF_NONE,SN90,0.360933381699836,Weak,SN7Y,0.1211943257614554,Weak,SN73,0.11098065417032293,Weak,SN7Z,0.10120007055301396,Weak,SN9Z,0.08419765021016293,Weak
O-40,SN5Y,TFIDF_NONE,SN5Y,0.27377608587388624,Weak,SM94,0.0,Weak,SM92,0.0,Weak,SM91,0.0,Weak,SM90,0.0,Weak
O-42,SN4G,TFIDF_NONE,SN4G,0.41165125847442036,Related,SN41,0.0967194195038315,Weak,SN4J,0.08782486141486445,Weak,SN5Y,0.0865188163854979,Weak,SP9Z,0.060608307163387436,Weak
O-43,SP9Y,TFIDF_NONE,SP9Y,0.27278509493266484,Weak,ST20,0.0,Weak,SM8B,0.0,Weak,SM92,0.0,Weak,SM91,0.0,Weak
O-50,SN5Y,TFIDF_NONE,SN5Y,0.27377608587388624,Weak,SM94,0.0,Weak,SM92,0.0,Weak,SM91,0.0,Weak,SM90,0.0,Weak
PC-9,SQ6Y,TFIDF_NONE,SQ6Y,0.4725070835202023,Related,ST20,0.0,Weak,SM94,0.0,Weak,SM92,0.0,Weak,SM91,0.0,Weak
Q-7,SQ2Y,TFIDF_NONE,SQ2Y,0.3006112547423402,Weak,ST20,0.0,Weak,SM8C,0.0,Weak,SM92,0.0,Weak,SM91,0.0,Weak
Q-9,SQ2Y,TFIDF_NONE,SQ2Y,0.3150504949045355,Weak,ST20,0.0,Weak,SM8C,0.0,Weak,SM92,0.0,Weak,SM91,0.0,Weak
Q-12,SQ2Y,TFIDF_NONE,SQ2Y,0.2792204215495148,Weak,ST20,0.0,Weak,SM8C,0.0,Weak,SM92,0.0,Weak,SM91,0.0,Weak
R,SQ8Y,TFIDF_NONE,SQ8Y,0.2971881761804395,Weak,ST20,0.0,Weak,SM82,0.0,Weak,SM92,0.0,Weak,SM91,0.0,Weak
RA-1,SQ24,TFIDF_NONE,SQ24,0.19591034367475058,Weak,SS26,0.09241938848349221,Weak,SP54,0.06585741881803563,Weak,SR65,0.04915429600115366,Weak,SK00,0.043898252675792906,Weak
RD-1,SS2E,TFIDF_NONE,SS2E,0.45675300588379925,Related,SM81,0.193184526095433,Weak,SS10,0.15218034948957254,Weak,SR5A,0.1374865441743083,Weak,SM7Y,0.11479017075107939,Weak
RD-3,SS29,TFIDF_NONE,SS29,0.37093748133864896,Weak,SN5Y,0.12536666544401515,Weak,SL41,0.0782994425691789,Weak,SN41,0.07430849511622,Weak,SP57,0.07272789846550243,Weak
RD-11,SS23,TFIDF_NONE,SS23,0.34251979915821434,Weak,SP4Y,0.13514825617844545,Weak,SK87,0.12734439578069207,Weak,SP9Y,0.11729855182273449,Weak,SM0Y,0.1128215357958928,Weak
VA-5,SS54,TFIDF_NONE,SS54,0.6871351903007568,Equivalent,SS52,0.17050402567653608,Weak,SS56,0.14778812121952367,Weak,SS51,0.12321454538917442,Weak,SS53,0.11016779615064477,Weak
VA-6,SS55,TFIDF_NONE,SS55,0.6877129338812963,Equivalent,SS50,0.17165792218622974,Weak,SS56,0.1485831587358652,Weak,SS52,0.12555784145017856,Weak,SS54,0.11097618517260571,Weak
VE-1.1,SS60,TFIDF_NONE,SS60,0.11085943239976115,Weak,ST20,0.0,Weak,SM82,0.0,Weak,SM92,0.0,Weak,SM91,0.0,Weak
VE-1.7,SS60,TFIDF_NONE,SS60,0.14311891181809397,Weak,ST20,0.0,Weak,SM82,0.0,Weak,SM92,0.0,Weak,SM91,0.0,Weak
VE-2.3,SS61,TFIDF_NONE,SS61,0.1214341485002902,Weak,ST20,0.0,Weak,SM82,0.0,Weak,SM92,0.0,Weak,SM91,0.0,Weak
VE-2.5,SS61,TFIDF_NONE,SS61,0.12243362336974642,Weak,ST20,0.0,Weak,SM82,0.0,Weak,SM92,0.0,Weak,SM91,0.0,Weak
VE-3.1,SS62,TFIDF_NONE,SS62,0.17164282214419663,Weak,ST20,0.0,Weak,SM82,0.0,Weak,SM92,0.0,Weak,SM91,0.0,Weak
VE-3.2,SS62,TFIDF_NONE,SS62,0.17164282214419663,Weak,ST20,0.0,Weak,SM82,0.0,Weak,SM92,0.0,Weak,SM91,0.0,Weak
AAA-2.1,SR10,TFIDF_SOFT_DICT,SR10,0.4246883721739939,Related,SR12,0.07186717984832519,Weak,SR17,0.07055491423460078,Weak,SR1C,0.07020251620858639,Weak,SP4Y,0.054407166889756636,Weak
AAB-2,SQ05,TFIDF_SOFT_DICT,SQ05,0.43692106976336453,Related,SR14,0.07114620016238792,Weak,SR11,0.07046466737017341,Weak,SR13,0.0687269503343568,Weak,SR1A,0.06416116181620284,Weak
AAB-3,SP9Y,TFIDF_SOFT_DICT,SP9Y,0.27278509493266484,Weak,ST20,0.0,Weak,SM8B,0.0,Weak,SM92,0.0,Weak,SM91,0.0,Weak
AAB-7,SM1P,TFIDF_SOFT_DICT,SM1P,0.3855061653775826,Weak,SR4L,0.17267266057280756,Weak,SR65,0.11106068178440366,Weak,SR4M,0.10043123849123199,Weak,SS10,0.08340312909908862,Weak
AAB-40,SP1Y,TFIDF_SOFT_DICT,SP1Y,0.31834906782460415,Weak,ST20,0.0,Weak,SM92,0.0,Weak,SM91,0.0,Weak,SM90,0.0,Weak
AAB-46,SK30,TFIDF_SOFT_DICT,SK30,0.34801056462442853,Weak,ST20,0.0,Weak,SM8D,0.0,Weak,SM93,0.0,Weak,SM92,0.0,Weak
AAB-48,SM1Y,TFIDF_SOFT_DICT,SM1Y,0.29406236761528365,Weak,ST20,0.0,Weak,SM8C,0.0,Weak,SM92,0.0,Weak,SM91,0.0,Weak
AAB-49,SN60,TFIDF_SOFT_DICT,SN60,0.4654347259077388,Related,SR1A,0.07254820338007856,Weak,SR15,0.07249753701486887,Weak,SR10,0.06563165247744164,Weak,SR40,0.058695272123781075,Weak
AAB-50,SN7Y,TFIDF_SOFT_DICT,SN7Y,0.3568105557020527,Weak,ST20,0.0,Weak,SM8B,0.0,Weak,SM91,0.0,Weak,SM90,0.0,Weak
AAB-54,SK5Y,TFIDF_SOFT_DICT,SK5Y,0.3070436587130458,Weak,SM82,0.0,Weak,SM93,0.0,Weak,SM92,0.0,Weak,SM91,0.0,Weak
AAB-64,SP4Y,TFIDF_SOFT_DICT,SP4Y,0.3124429780529558,Weak,ST20,0.0,Weak,SM93,0.0,Weak,SM91,0.0,Weak,SM90,0.0,Weak
AAB-66,SP9Y,TFIDF_SOFT_DICT,SP9Y,0.27064996251319806,Weak,SM37,0.031690915658554114,Weak,ST20,0.0,Weak,SM8C,0.0,Weak,SM92,0.0,Weak
AAB-74,SM1N,TFIDF_SOFT_DICT,SM1N,0.40186880834537553,Related,SR1A,0.12998276133429099,Weak,SN42,0.12133874497278047,Weak,SS55,0.08999162182954762,Weak,SR40,0.08106581249179022,Weak
AAB-80,SP1Y,TFIDF_SOFT_DICT,SP1Y,0.31834906782460415,Weak,ST20,0.0,Weak,SM92,0.0,Weak,SM91,0.0,Weak,SM90,0.0,Weak
AAB-86,SP9Y,TFIDF_SOFT_DICT,SP9Y,0.27278509493266484,Weak,ST20,0.0,Weak,SM8B,0.0,Weak,SM92,0.0,Weak,SM91,0.0,Weak
AAB-87,SP1Y,TFIDF_SOFT_DICT,SP1Y,0.3683840581221856,Weak,ST20,0.0,Weak,SM92,0.0,Weak,SM91,0.0,Weak,SM90,0.0,Weak
AAB-88,SP9Y,TFIDF_SOFT_DICT,SP9Y,0.27278509493266484,Weak,ST20,0.0,Weak,SM8B,0.0,Weak,SM92,0.0,Weak,SM91,0.0,Weak
AAB-93,SP4Y,TFIDF_SOFT_DICT,SP4Y,0.3124429780529558,Weak,ST20,0.0,Weak,SM93,0.0,Weak,SM91,0.0,Weak,SM90,0.0,Weak
AAB-97,SN03,TFIDF_SOFT_DICT,SR4E,0.5606019313806148,Equivalent,SN03,0.3661231198278565,Weak,SN0Z,0.21323689099158188,Weak,SS56,0.12461426816974888,Weak,SM9Z,0.10808428793736513,Weak
AAB-100,SP9Y,TFIDF_SOFT_DICT,SP9Y,0.27278509493266484,Weak,ST20,0.0,Weak,SM8B,0.0,Weak,SM92,0.0,Weak,SM91,0.0,Weak
AAB-103,SP9Y,TFIDF_SOFT_DICT,SP9Y,0.27278509493266484,Weak,ST20,0.0,Weak,SM8B,0.0,Weak,SM92,0.0,Weak,SM91,0.0,Weak
AAB-105,SP9Y,TFIDF_SOFT_DICT,SP9Y,0.27278509493266484,Weak,ST20,0.0,Weak,SM8B,0.0,Weak,SM92,0.0,Weak,SM91,0.0,Weak
AAB-108,SP4Y,TFIDF_SOFT_DICT,SP4Y,0.3124429780529558,Weak,ST20,0.0,Weak,SM93,0.0,Weak,SM91,0.0,Weak,SM90,0.0,Weak
AAB-110,SL62,TFIDF_SOFT_DICT,SL62,0.326319462064783,Weak,SR40,0.11864697139967859,Weak,SL6Y,0.09744586696187066,Weak,SL6Z,0.09387017049280856,Weak,SR12,0.07943119120131836,Weak
AAC-1,SK30,TFIDF_SOFT_DICT,SK30,0.34801056462442853,Weak,ST20,0.0,Weak,SM8D,0.0,Weak,SM93,0.0,Weak,SM92,0.0,Weak
AAC-2,SK30,TFIDF_SOFT_DICT,SK30,0.34801056462442853,Weak,ST20,0.0,Weak,SM8D,0.0,Weak,SM93,0.0,Weak,SM92,0.0,Weak
AAC-5,SP0Y,TFIDF_SOFT_DICT,SP0Y,0.3790081567276109,Weak,ST20,0.0,Weak,SM93,0.0,Weak,SM91,0.0,Weak,SM90,0.0,Weak
AAC-6,SP00,TFIDF_SOFT_DICT,SP00,0.33446990408146116,Weak,SR1C,0.13972394600772448,Weak,SS19,0.12799049428007903,Weak,SR12,0.12348770228805869,Weak,SR1K,0.09971461234937545,Weak
AAC-7,SN08,TFIDF_SOFT_DICT,SN08,0.37131717581943674,Weak,SM8Z,0.21205779794717888,Weak,SN3Z,0.11039784293746012,Weak,SM88,0.10303531533063048,Weak,SM8Y,0.08760368851926467,Weak
AAC-8,SP15,TFIDF_SOFT_DICT,SP15,0.4795813893150279,Related,SP4Y,0.07179135665764007,Weak,SP1Z,0.054420855169207506,Weak,SP4Z,0.05398545351747392,Weak,SP9Z,0.05264321938675387,Weak
AAC-9.2,SK55,TFIDF_SOFT_DICT,SK55,0.6091926959844061,Equivalent,SL08,0.07985007766517832,Weak,ST20,0.0,Weak,SM8E,0.0,Weak,SM93,0.0,Weak
AAC-12,SM31,TFIDF_SOFT_DICT,SM31,0.3574762244290237,Weak,SR12,0.09081101525241217,Weak,SR17,0.07167166069527135,Weak,SR1C,0.07131368489692788,Weak,SM39,0.06242160637526821,Weak
AAC-13,SK30,TFIDF_SOFT_DICT,SK30,0.4691582850133584,Related,ST20,0.0,Weak,SM8D,0.0,Weak,SM93,0.0,Weak,SM92,0.0,Weak
AAC-16,SK5Y,TFIDF_SOFT_DICT,SK5Y,0.3070436587130458,Weak,SM82,0.0,Weak,SM93,0.0,Weak,SM92,0.0,Weak,SM91,0.0,Weak
AAC-239,SK30,TFIDF_SOFT_DICT,SK30,0.34801056462442853,Weak,ST20,0.0,Weak,SM8D,0.0,Weak,SM93,0.0,Weak,SM92,0.0,Weak
AAC-27,SM83,TFIDF_SOFT_DICT,SM83,0.4100723374367261,Related,SM82,0.0,Weak,SM93,0.0,Weak,SM92,0.0,Weak,SM91,0.0,Weak
AAC-38,SK22,TFIDF_SOFT_DICT,SK22,0.1891709311989617,Weak,ST20,0.0,Weak,SM8D,0.0,Weak,SM93,0.0,Weak,SM92,0.0,Weak
AAC-39,SL7Y,TFIDF_SOFT_DICT,SL7Y,0.41879732326541436,Related,ST20,0.0,Weak,SM8D,0.0,Weak,SM93,0.0,Weak,SM92,0.0,Weak
AAD-2.7,SR20,TFIDF_SOFT_DICT,SR20,0.3064423816925976,Weak,SM82,0.0,Weak,SM92,0.0,Weak,SM91,0.0,Weak,SM90,0.0,Weak
AAD-2.9,SR20,TFIDF_SOFT_DICT,SR20,0.27123739638845457,Weak,SM82,0.0,Weak,SM92,0.0,Weak,SM91,0.0,Weak,SM90,0.0,Weak
AAD-4,SR20,TFIDF_SOFT_DICT,SR20,0.27123739638845457,Weak,SM82,0.0,Weak,SM92,0.0,Weak,SM91,0.0,Weak,SM90,0.0,Weak
AAD-4.1,SR20,TFIDF_SOFT_DICT,SR20,0.27123739638845457,Weak,SM82,0.0,Weak,SM92,0.0,Weak,SM91,0.0,Weak,SM90,0.0,Weak
AAD-5,SR20,TFIDF_SOFT_DICT,SR20,0.27123739638845457,Weak,SM82,0.0,Weak,SM92,0.0,Weak,SM91,0.0,Weak,SM90,0.0,Weak
ABA-1,SR16,TFIDF_SOFT_DICT,SR16,0.5408746818766224,Related,SN41,0.1040155911244291,Weak,SR11,0.10284388941934582,Weak,SR1B,0.1014123861660302,Weak,SR40,0.05223422378594693,Weak
ABA-2,SR17,TFIDF_SOFT_DICT,SR17,0.39585943526836986,Weak,SN41,0.12513645934775358,Weak,SR40,0.0920829384826497,Weak,SS2A,0.09124742224509655,Weak,SR62,0.07965148834366287,Weak
ABA-2.1,SR15,TFIDF_SOFT_DICT,SR15,0.4385652616709327,Related,SP9Y,0.07489714197967928,Weak,SR12,0.0582642274332419,Weak,SR17,0.05720034622443106,Weak,SR1C,0.056914649766352965,Weak
ABB-1,SK7Y,TFIDF_SOFT_DICT,SK7Y,0.29219928045691956,Weak,ST20,0.0,Weak,SM94,0.0,Weak,SM92,0.0,Weak,SM91,0.0,Weak
ABB-7,SM3Y,TFIDF_SOFT_DICT,SM3Y,0.29840268375792395,Weak,ST20,0.0,Weak,SM93,0.0,Weak,SM92,0.0,Weak,SM91,0.0,Weak
ABB-10,SP9Y,TFIDF_SOFT_DICT,SP9Y,0.27278509493266484,Weak,ST20,0.0,Weak,SM8B,0.0,Weak,SM92,0.0,Weak,SM91,0.0,Weak
ABB-25,SP9Y,TFIDF_SOFT_DICT,SP9Y,0.2894649420786557,Weak,ST20,0.0,Weak,SM8B,0.0,Weak,SM92,0.0,Weak,SM91,0.0,Weak
ABB-29,SP2Y,TFIDF_SOFT_DICT,SP2Y,0.39166189965939263,Weak,ST20,0.0,Weak,SM8C,0.0,Weak,SM92,0.0,Weak,SM91,0.0,Weak
ACA-1,SR1B,TFIDF_SOFT_DICT,SR1B,0.6224171761814754,Equivalent,SR11,0.10888368561798306,Weak,SR16,0.10778219572815512,Weak,SR40,0.08853968182139287,Weak,SR1A,0.08500951552384445,Weak
ACA-2,SR1C,TFIDF_SOFT_DICT,SR1C,0.409702143113015,Related,SR40,0.15201470422037766,Weak,SN41,0.10652217238552236,Weak,SR1G,0.08971342450778358,Weak,SP9Y,0.08691258927494971,Weak
ACA-4,SR1E,TFIDF_SOFT_DICT,SR1E,0.4333003258324184,Related,SP9Y,0.09390131707451713,Weak,SR1K,0.08710205184591052,Weak,SR1L,0.08263421134715809,Weak,SR1J,0.0791470258640108,Weak
ACB-15,SQ4Y,TFIDF_SOFT_DICT,SQ4Y,0.34345023875858727,Weak,ST20,0.0,Weak,SM8B,0.0,Weak,SM91,0.0,Weak,SM90,0.0,Weak
ACB-27,SP9Y,TFIDF_SOFT_DICT,SP9Y,0.27278509493266484,Weak,ST20,0.0,Weak,SM8B,0.0,Weak,SM92,0.0,Weak,SM91,0.0,Weak
BD-2,SP62,TFIDF_SOFT_DICT,SR47,0.43687639020564056,Related,SP62,0.42312015009786363,Related,SR60,0.10686012508582324,Weak,SR1G,0.0781837908116857,Weak,SR1H,0.074007190668549,Weak
BE-1,SR4A,TFIDF_SOFT_DICT,SR4A,0.3580246847129157,Weak,SR1S,0.14341922734343895,Weak,SN71,0.13985259972362982,Weak,ST0T,0.1314917450718608,Weak,SN9Z,0.09653120264632478,Weak
BF-2,SR4B,TFIDF_SOFT_DICT,SR4B,0.49283487078896654,Related,SP9Z,0.15817151302774365,Weak,SR4C,0.10673655953753523,Weak,SR55,0.10647112978072254,Weak,SR80,0.10479639504953066,Weak
BA-3.1,SR4K,TFIDF_SOFT_DICT,SR4K,0.6284097489987972,Equivalent,SR4J,0.2648413728981751,Weak,SR1K,0.1102685952760897,Weak,SR1L,0.10461244269099784,Weak,SR42,0.10335624064299066,Weak
BH-1,SR4F,TFIDF_SOFT_DICT,SR4F,0.5203728906071461,Related,SR4G,0.09278596643081238,Weak,SR64,0.08974508044047565,Weak,SR4H,0.08018665866271643,Weak,SR4K,0.07633087078528743,Weak
CC-2,SN45,TFIDF_SOFT_DICT,SR84,0.4875167424743505,Related,SN45,0.4085554708157361,Related,SR8N,0.06577733023748103,Weak,SN4D,0.05468405945209831,Weak,SR82,0.03972523850680931,Weak
CA-1,SR83,TFIDF_SOFT_DICT,SR83,0.4691070405826116,Related,SM86,0.09259428958565388,Weak,SM81,0.08656117275816111,Weak,SR62,0.08470668477319397,Weak,SM82,0.08381084782010968,Weak
CA-2,SR82,TFIDF_SOFT_DICT,SR82,0.45204964934071934,Related,SM82,0.09534734002590553,Weak,SM86,0.09176539448653151,Weak,SS25,0.08684450086761583,Weak,SR62,0.07748456298928436,Weak
CB-1,SR81,TFIDF_SOFT_DICT,SR81,0.4623954333302313,Related,SR10,0.14879033679469872,Weak,SR64,0.13148497487358768,Weak,SR20,0.10157543801415034,Weak,SR62,0.09977220273083194,Weak
CB-2,SR80,TFIDF_SOFT_DICT,SR80,0.4637250337128428,Related,SR11,0.08197321701859092,Weak,SR16,0.08114395899641631,Weak,SR1B,0.08083221654195215,Weak,SN08,0.06508688432583754,Weak
CB-3,SR86,TFIDF_SOFT_DICT,SR86,0.39656338646745504,Weak,SR5A,0.13184374318356695,Weak,SR4F,0.11560360855982248,Weak,SR81,0.11325729820321338,Weak,SS19,0.1004781198475794,Weak
D,SS10,TFIDF_SOFT_DICT,SS10,0.7129398870815957,Equivalent,SR59,0.1807566739072751,Weak,SS19,0.14115178053108784,Weak,SS12,0.13800222485542968,Weak,SS11,0.1367095019634949,Weak
DB-2,SS11,TFIDF_SOFT_DICT,SS11,0.5047183569358588,Related,SS10,0.15474208517513566,Weak,SR59,0.1433088947038371,Weak,SS19,0.1326849529651244,Weak,SS17,0.1271942782165944,Weak
DB-4,SS14,TFIDF_SOFT_DICT,SS14,0.5293460476236622,Related,SP9Y,0.12648606923161698,Weak,SS10,0.11956168651918984,Weak,SS15,0.10796764340515773,Weak,SR80,0.09072558061041894,Weak
EA-2.5,SM74,TFIDF_SOFT_DICT,SM74,0.3938803181019502,Weak,ST20,0.0,Weak,SM8C,0.0,Weak,SM92,0.0,Weak,SM91,0.0,Weak
EA-4.5.1,SL40,TFIDF_SOFT_DICT,SL40,0.08105348873636613,Weak,SM83,0.0,Weak,SM94,0.0,Weak,SM93,0.0,Weak,SM92,0.0,Weak
EB-1,SR59,TFIDF_SOFT_DICT,SR59,0.6065010774477297,Equivalent,SR5B,0.07489212323166512,Weak,SM3C,0.0685497992534535,Weak,SM3B,0.05042928594805325,Weak,SS10,0.0499547757753491,Weak
EB-2,SM37,TFIDF_SOFT_DICT,SM37,0.3768221041716243,Weak,SM38,0.0863705049231931,Weak,SS10,0.07173685726048852,Weak,SM0Z,0.0680827031409369,Weak,SR59,0.06643654641135366,Weak
EB-3.9,SM3C,TFIDF_SOFT_DICT,SM3C,0.34320451023008547,Weak,SR86,0.10049010604593976,Weak,SR40,0.07857010334256244,Weak,SM3Y,0.07708802879699479,Weak,SM3L,0.0764354349307933,Weak
EB-6,SM3L,TFIDF_SOFT_DICT,SM3L,0.35200747054860326,Weak,SM3J,0.1312425445790895,Weak,SS19,0.12578788861528667,Weak,SR50,0.1192763146384504,Weak,SS54,0.09390014507988573,Weak
EB-8,SM3K,TFIDF_SOFT_DICT,SM3K,0.4282966847405097,Related,SS56,0.07661882716728462,Weak,SM7Y,0.07558898992035508,Weak,SS10,0.07341265613617767,Weak,SP4Y,0.07063630972795906,Weak
EB-10,SM33,TFIDF_SOFT_DICT,SM33,0.32307928333620406,Weak,SP9Y,0.08894253532693742,Weak,SM31,0.0585793538239623,Weak,SR64,0.05329272467485686,Weak,SR62,0.053023739040664375,Weak
EB-10.15,SM70,TFIDF_SOFT_DICT,SM70,0.243242783272938,Weak,SR8J,0.05425139362763154,Weak,SR8L,0.052812277787002,Weak,SQ05,0.05004585604288775,Weak,SP4Y,0.046303009777198936,Weak
EC-3,SP51,TFIDF_SOFT_DICT,SP51,0.4386921086415704,Related,SR40,0.15057497662536076,Weak,SR50,0.13041912902832847,Weak,SP9Z,0.092023969749849,Weak,SS56,0.08224392229723347,Weak
EC-3.2,SP54,TFIDF_SOFT_DICT,SP54,0.5020141467421173,Related,SR50,0.12552516551354767,Weak,SN41,0.09968876697968415,Weak,SR40,0.08198923534587983,Weak,SS10,0.07987543175526465,Weak
EC-3.7,SP5Y,TFIDF_SOFT_DICT,SP5Y,0.2891581352300034,Weak,SM82,0.0,Weak,SM93,0.0,Weak,SM92,0.0,Weak,SM91,0.0,Weak
EC-3.8,SP5Y,TFIDF_SOFT_DICT,SP5Y,0.2891581352300034,Weak,SM82,0.0,Weak,SM93,0.0,Weak,SM92,0.0,Weak,SM91,0.0,Weak
ED-2.2,SP99,TFIDF_SOFT_DICT,SP99,0.3236415601112227,Weak,SR40,0.10584353967745838,Weak,SN45,0.08902672999001797,Weak,SN5Y,0.08688583589836262,Weak,SP9Z,0.08365367490333414,Weak
ED-3.1,SM41,TFIDF_SOFT_DICT,SM41,0.3178403864421534,Weak,ST20,0.0,Weak,SM8D,0.0,Weak,SM93,0.0,Weak,SM92,0.0,Weak
ED-3.3,SM41,TFIDF_SOFT_DICT,SM41,0.3178403864421534,Weak,ST20,0.0,Weak,SM8D,0.0,Weak,SM93,0.0,Weak,SM92,0.0,Weak
ED-3.5,SM41,TFIDF_SOFT_DICT,SM41,0.27465661263034086,Weak,ST20,0.0,Weak,SM8D,0.0,Weak,SM93,0.0,Weak,SM92,0.0,Weak
ED-4.2.3,SN49,TFIDF_SOFT_DICT,SN49,0.4884733053287875,Related,SN4U,0.06620186373720485,Weak,SN5Y,0.023555760619895956,Weak,SM8C,0.0,Weak,SM92,0.0,Weak
ED-4.2.6,SN49,TFIDF_SOFT_DICT,SN49,0.32268279400353217,Weak,SM82,0.0,Weak,SM93,0.0,Weak,SM92,0.0,Weak,SM91,0.0,Weak
ED-4.2.7,SN4A,TFIDF_SOFT_DICT,SN4A,0.3689881139977082,Weak,SN42,0.1858947489780725,Weak,SN4R,0.13920602358762268,Weak,SN5Y,0.11491237672553882,Weak,SN4C,0.10715910194356323,Weak
ED-4.3.2,SN5Y,TFIDF_SOFT_DICT,SN5Y,0.27377608587388624,Weak,SM94,0.0,Weak,SM92,0.0,Weak,SM91,0.0,Weak,SM90,0.0,Weak
ED-4.3.7,SN5Y,TFIDF_SOFT_DICT,SN5Y,0.2989974654353659,Weak,SN49,0.09172824317322965,Weak,SN4U,0.05622036326166313,Weak,SM84,0.0,Weak,SM85,0.0,Weak
ED-4.4,SN49,TFIDF_SOFT_DICT,SN49,0.30054722080738544,Weak,SR40,0.1157116509315841,Weak,SS56,0.11271487963479981,Weak,SN5Y,0.08296785103389033,Weak,SR64,0.08271242867430853,Weak
ED-8,SP11,TFIDF_SOFT_DICT,SP11,0.34881304284012243,Weak,SP10,0.33641211866794735,Weak,SP14,0.21703621908529744,Weak,ST20,0.0,Weak,SM93,0.0,Weak
ED-9.7.9,SM40,TFIDF_SOFT_DICT,SM40,0.4987991215466097,Related,SR17,0.09299184422708098,Weak,SM4Z,0.06513565057557837,Weak,SP4Y,0.0643439845218142,Weak,SM4Y,0.06319378436034254,Weak
ED-19,SN47,TFIDF_SOFT_DICT,SN47,0.4029597724521705,Related,SQ50,0.2335034965563594,Weak,SR1A,0.11898031340171328,Weak,SN4U,0.0919081848576261,Weak,SR1C,0.06978854638830942,Weak
EE-1,SR52,TFIDF_SOFT_DICT,SR52,0.6021104958276007,Equivalent,SL70,0.13323857052811586,Weak,SR53,0.12193839866844472,Weak,SR5Z,0.10755012182171685,Weak,SR50,0.10295266113356064,Weak
EE-2,SP72,TFIDF_SOFT_DICT,SP72,0.37815170300909706,Weak,SR13,0.11175094948341104,Weak,SR18,0.11114786551672845,Weak,SR1D,0.1107376778025928,Weak,SS56,0.07280721028503491,Weak
EE-3.4,SM53,TFIDF_SOFT_DICT,SM53,0.13780308005247824,Weak,SK6S,0.10537654087350873,Weak,SN06,0.09911427717925432,Weak,SM99,0.09070214947017056,Weak,SM3J,0.05647885167471161,Weak
EE-3.6,SM53,TFIDF_SOFT_DICT,SM53,0.36265558779319185,Weak,SK6S,0.09479959075088179,Weak,SN06,0.08916588869093243,Weak,SM99,0.08159811072484272,Weak,SM1L,0.06888083841581538,Weak
EE-3.7,SM53,TFIDF_SOFT_DICT,SM53,0.13769062282907518,Weak,SK6S,0.10455486920237925,Weak,SN06,0.09834143539599227,Weak,SM99,0.08999490110053911,Weak,SM72,0.05357612325780158,Weak
EE-3.10,SM53,TFIDF_SOFT_DICT,SM53,0.3591795046327361,Weak,SK6S,0.08680203731278599,Weak,SN06,0.08164360980752491,Weak,SM99,0.07471427034324785,Weak,SM7Y,0.02398770825833038,Weak
EE-3.13,SM7Y,TFIDF_SOFT_DICT,SM7Y,0.34957880130537117,Weak,SK6S,0.08680203731278599,Weak,SN06,0.08164360980752491,Weak,SM53,0.0808654355359903,Weak,SM99,0.07471427034324785,Weak
EE-3.16,SK6S,TFIDF_SOFT_DICT,SK6S,0.5800402252770682,Related,SM53,0.10231534930090244,Weak,SN06,0.08645772940375344,Weak,SM7Y,0.05924463420686949,Weak,SM99,0.058687197065668606,Weak
EE-4.4,SP70,TFIDF_SOFT_DICT,SP70,0.40270319941230215,Related,SR1A,0.12423270882489461,Weak,SR1C,0.07144839166655476,Weak,SR1E,0.07027754604453075,Weak,SR1B,0.06962303255137994,Weak
EF-1,SR53,TFIDF_SOFT_DICT,SR53,0.4769436435430541,Related,SR5Z,0.11756488793745845,Weak,SR52,0.11279786902585023,Weak,SR5Y,0.11095590168140584,Weak,SR5A,0.10994553839544365,Weak
EF-2.2.7,SM8D,TFIDF_SOFT_DICT,SM8D,0.29335428441101213,Weak,ST20,0.0,Weak,SM82,0.0,Weak,SM93,0.0,Weak,SM92,0.0,Weak
EF-2.2.8,SM8D,TFIDF_SOFT_DICT,SM8D,0.29335428441101213,Weak,ST20,0.0,Weak,SM82,0.0,Weak,SM93,0.0,Weak,SM92,0.0,Weak
EF-2.2.11,SM8D,TFIDF_SOFT_DICT,SM8D,0.29335428441101213,Weak,ST20,0.0,Weak,SM82,0.0,Weak,SM93,0.0,Weak,SM92,0.0,Weak
EF-2.2.12,SM8D,TFIDF_SOFT_DICT,SM8D,0.29335428441101213,Weak,ST20,0.0,Weak,SM82,0.0,Weak,SM93,0.0,Weak,SM92,0.0,Weak
EF-2.2.13,SM8D,TFIDF_SOFT_DICT,SM8D,0.29335428441101213,Weak,ST20,0.0,Weak,SM82,0.0,Weak,SM93,0.0,Weak,SM92,0.0,Weak
EF-2.3.1,SM8D,TFIDF_SOFT_DICT,SM8D,0.29335428441101213,Weak,ST20,0.0,Weak,SM82,0.0,Weak,SM93,0.0,Weak,SM92,0.0,Weak
EF-2.3.2,SM8D,TFIDF_SOFT_DICT,SM8D,0.32509182332566433,Weak,ST20,0.0,Weak,SM82,0.0,Weak,SM93,0.0,Weak,SM92,0.0,Weak
EF-2.3.3,SM8D,TFIDF_SOFT_DICT,SM8D,0.29335428441101213,Weak,ST20,0.0,Weak,SM82,0.0,Weak,SM93,0.0,Weak,SM92,0.0,Weak
EF-2.3.4,SM8A,TFIDF_SOFT_DICT,SM8A,0.42291029549644676,Related,SR5B,0.1684952137120938,Weak,SR15,0.1331475925848009,Weak,SR44,0.09740234311335977,Weak,SR43,0.08859124757521261,Weak
EF-2.3.6,SM8D,TFIDF_SOFT_DICT,SM8D,0.29335428441101213,Weak,ST20,0.0,Weak,SM82,0.0,Weak,SM93,0.0,Weak,SM92,0.0,Weak
EF-3,SP64,TFIDF_SOFT_DICT,SP64,0.6016324976494891,Equivalent,SR11,0.07541700979204932,Weak,SR16,0.07465407571854217,Weak,SR1B,0.07436726638500596,Weak,SR53,0.053406891576269204,Weak
EH-2,SP0Y,TFIDF_SOFT_DICT,SP0Y,0.3790081567276109,Weak,ST20,0.0,Weak,SM93,0.0,Weak,SM91,0.0,Weak,SM90,0.0,Weak
EI-1,SR56,TFIDF_SOFT_DICT,SR56,0.4799720064718788,Related,SN4F,0.091737883634578,Weak,SR51,0.08995774627168222,Weak,SR54,0.08000507439440147,Weak,SR5A,0.07450922252415897,Weak
EI-2,SN02,TFIDF_SOFT_DICT,SN02,0.5693883393248034,Related,SP98,0.07539513373924409,Weak,SN0Y,0.06371386731600888,Weak,SN0Z,0.05946077071345154,Weak,SN3Y,0.05877795028050666,Weak
EI-6.8,SM3G,TFIDF_SOFT_DICT,SM3G,0.37219865174140776,Weak,SM3Z,0.13310719171436866,Weak,SN0Y,0.11620363745668741,Weak,SN3Y,0.08813134436211964,Weak,SN01,0.06208120625766464,Weak
EI-6.9,SN0Y,TFIDF_SOFT_DICT,SN0Y,0.46809730010273676,Related,SN3Y,0.07711548872521473,Weak,SN01,0.05935086340727851,Weak,SM3G,0.035134234613148956,Weak,ST20,0.0,Weak
EJ-1,SR5B,TFIDF_SOFT_DICT,SR5B,0.4604167918063885,Related,SR5Z,0.12352685423368545,Weak,SR5Y,0.11658271218407844,Weak,SR5A,0.10668677429504142,Weak,SR51,0.10266433075031406,Weak
EJ-2,SM8C,TFIDF_SOFT_DICT,SM8C,0.4387688408969954,Related,SR5B,0.15138251435743386,Weak,SM87,0.13340835036390578,Weak,SS25,0.09344093717929634,Weak,SM86,0.0897390547983791,Weak
EJ-3.4,SM8E,TFIDF_SOFT_DICT,SM8E,0.43531546477496974,Related,SR1G,0.1005124904548611,Weak,SR1H,0.09514308488290651,Weak,SR1F,0.0914305313624888,Weak,SM81,0.08717142015014687,Weak
EJ-3.9,SM88,TFIDF_SOFT_DICT,SM88,0.527043458676028,Related,SM86,0.18321801266462373,Weak,SM82,0.15258851994495484,Weak,SM81,0.08011146473568449,Weak,SP9Z,0.05201052856418062,Weak
EJ-3.12,SM52,TFIDF_SOFT_DICT,SM52,0.39261645882779606,Weak,SM37,0.017099108964347992,Weak,ST20,0.0,Weak,SM8D,0.0,Weak,SM93,0.0,Weak
EK-4.2,SM32,TFIDF_SOFT_DICT,SM32,0.5141021877609906,Related,SM3J,0.09681559834630385,Weak,SM1M,0.05686568978151612,Weak,SM8C,0.03298174450833484,Weak,SN3Y,0.02818553672506011,Weak
EK-4.4,SM32,TFIDF_SOFT_DICT,SM32,0.5144196314048838,Related,SM1L,0.06614233907766198,Weak,SM8C,0.03118061162295321,Weak,SN3Y,0.02664632472022488,Weak,SQ04,0.021981880307834458,Weak
EK-4.5,SM32,TFIDF_SOFT_DICT,SM32,0.5119129733807319,Related,ST20,0.0,Weak,SM8C,0.0,Weak,SM93,0.0,Weak,SM92,0.0,Weak
EK-4.6,SM42,TFIDF_SOFT_DICT,SM42,0.3854943971880614,Weak,SM4Z,0.09431348591943808,Weak,SM1G,0.09196958719571695,Weak,SM40,0.08655182174762945,Weak,SM4Y,0.08461924822170895,Weak
EL-2.5,SM9Y,TFIDF_SOFT_DICT,SM9Y,0.2958204296401247,Weak,ST20,0.0,Weak,SM82,0.0,Weak,SM93,0.0,Weak,SM92,0.0,Weak
EL-2.6,SM9Y,TFIDF_SOFT_DICT,SM9Y,0.2958204296401247,Weak,ST20,0.0,Weak,SM82,0.0,Weak,SM93,0.0,Weak,SM92,0.0,Weak
EL-2.9,SM90,TFIDF_SOFT_DICT,SM90,0.19815779459012722,Weak,SR20,0.047139929097257116,Weak,SR40,0.044849695707998564,Weak,ST20,0.04084436402179986,Weak,SM99,0.03683025269271299,Weak
EL-2.10,SM96,TFIDF_SOFT_DICT,SM96,0.33214351409481324,Weak,SR1A,0.11265230393074425,Weak,SS55,0.08194052767822683,Weak,SR1C,0.06607681820501464,Weak,SR1E,0.06579813369984294,Weak
EL-2.12,SN12,TFIDF_SOFT_DICT,SN12,0.4044004356016716,Related,SP9Z,0.05391142302378296,Weak,SM9Y,0.046987025473409993,Weak,SR20,0.031846977303499974,Weak,SR14,0.024173491702341,Weak
EL-2.15,SM91,TFIDF_SOFT_DICT,SM91,0.4206316057209087,Related,SR4J,0.1654948452206974,Weak,SR4K,0.13730679895590908,Weak,SR64,0.07068899305300178,Weak,SR62,0.057856773195562934,Weak
EL-2.20,SM9A,TFIDF_SOFT_DICT,SM9A,0.15299873119949456,Weak,SM9Y,0.09494672411422274,Weak,SS56,0.06323741213800887,Weak,SK20,0.04601198699497324,Weak,SP9Z,0.04446367803511261,Weak
EL-2.26,SM9Y,TFIDF_SOFT_DICT,SM9Y,0.32936331216133097,Weak,ST20,0.0,Weak,SM82,0.0,Weak,SM93,0.0,Weak,SM92,0.0,Weak
EL-2.28,SM99,TFIDF_SOFT_DICT,SM99,0.4729124763729856,Related,SM53,0.09618625335867119,Weak,SM7Y,0.08096358693999456,Weak,SN06,0.07910732488612678,Weak,SM9Y,0.06679905309222314,Weak
EL-9,SN1Y,TFIDF_SOFT_DICT,SN1Y,0.37149411107741476,Weak,SM82,0.0,Weak,SM93,0.0,Weak,SM92,0.0,Weak,SM91,0.0,Weak
EM-1,SR5E,TFIDF_SOFT_DICT,SR5E,0.5529176341432721,Related,SR5Z,0.1254573890802946,Weak,SR5Y,0.11840472076496394,Weak,SR5A,0.11305565551675063,Weak,SR51,0.10426881642467883,Weak
EM-2,SQ03,TFIDF_SOFT_DICT,SQ03,0.3453223606097973,Weak,SR5E,0.12683732413978133,Weak,SQ41,0.08943455310286037,Weak,SR64,0.0646077469329085,Weak,SS15,0.06410433694940279,Weak
EM-2.4,SQ04,TFIDF_SOFT_DICT,SQ04,0.3542985006294294,Weak,SQ0Z,0.09320428600540334,Weak,SQ03,0.07572197771359256,Weak,SQ41,0.07104483348457755,Weak,SR1A,0.06555972669959041,Weak
EM-7.5,SP98,TFIDF_SOFT_DICT,SP98,0.39327872313913176,Weak,ST20,0.0,Weak,SM8B,0.0,Weak,SM91,0.0,Weak,SM90,0.0,Weak
EM-9,SQ10,TFIDF_SOFT_DICT,SQ10,0.5935499369046968,Related,SP57,0.03870784082460326,Weak,SP5Y,0.03747758145447658,Weak,SP97,0.032675523476953384,Weak,SP54,0.03153691404027087,Weak
F-9,SK00,TFIDF_SOFT_DICT,SK00,0.2710053342045211,Weak,ST20,0.0,Weak,SM8C,0.0,Weak,SM93,0.0,Weak,SM92,0.0,Weak
FA,SK50,TFIDF_SOFT_DICT,SK50,0.49258670692424233,Related,SN4G,0.09063476932370368,Weak,SN4E,0.08127101807314738,Weak,SK00,0.047337036094824904,Weak,SN42,0.04587341634943744,Weak
FA-2,SN73,TFIDF_SOFT_DICT,SN73,0.7417681299865007,Equivalent,SN7Z,0.09707659438580744,Weak,SN7Y,0.09437160799604327,Weak,SR17,0.07875460615230181,Weak,SN9Z,0.06637628345856696,Weak
FA-6,SK50,TFIDF_SOFT_DICT,SK50,0.35566901367350473,Weak,ST20,0.0,Weak,SM8D,0.0,Weak,SM93,0.0,Weak,SM92,0.0,Weak
FA-7,SP9Y,TFIDF_SOFT_DICT,SP9Y,0.27278509493266484,Weak,ST20,0.0,Weak,SM8B,0.0,Weak,SM92,0.0,Weak,SM91,0.0,Weak
GA-1,SM1M,TFIDF_SOFT_DICT,SM1M,0.5029613138208078,Related,SM1K,0.08678034732726894,Weak,SM3J,0.08604825010426052,Weak,SR1A,0.04696738460671616,Weak,SR15,0.046934583426941096,Weak
GA-10,SM1Y,TFIDF_SOFT_DICT,SM1Y,0.29406236761528365,Weak,ST20,0.0,Weak,SM8C,0.0,Weak,SM92,0.0,Weak,SM91,0.0,Weak
GB-3,SM13,TFIDF_SOFT_DICT,SM13,0.40894893630179674,Related,SM1G,0.10068740216883235,Weak,SN44,0.07164949518212314,Weak,SS20,0.06841854148948005,Weak,SM1J,0.05804222181183492,Weak
GB-9,SM1Y,TFIDF_SOFT_DICT,SM1Y,0.3263182594114488,Weak,ST20,0.0,Weak,SM8C,0.0,Weak,SM92,0.0,Weak,SM91,0.0,Weak
GB-11,SM1Y,TFIDF_SOFT_DICT,SM1Y,0.29406236761528365,Weak,ST20,0.0,Weak,SM8C,0.0,Weak,SM92,0.0,Weak,SM91,0.0,Weak
GD-4,SM1Y,TFIDF_SOFT_DICT,SM1Y,0.29406236761528365,Weak,ST20,0.0,Weak,SM8C,0.0,Weak,SM92,0.0,Weak,SM91,0.0,Weak
GE-3,SL06,TFIDF_SOFT_DICT,SL06,0.3919013544259373,Weak,SL08,0.09668489173544491,Weak,SL0Z,0.07608455924107005,Weak,SN00,0.06863451866708661,Weak,SP4Y,0.06737822405945229,Weak
GE-4,SM17,TFIDF_SOFT_DICT,SM17,0.41271751971199755,Related,SR1A,0.12664862249956205,Weak,SR1C,0.07283782564165645,Weak,SR1E,0.0716442109600512,Weak,SR1B,0.07097696935275627,Weak
GE-6,SM1Y,TFIDF_SOFT_DICT,SM1Y,0.3249497384994755,Weak,SP72,0.09296217023554876,Weak,ST20,0.0,Weak,SM8C,0.0,Weak,SM91,0.0,Weak
GE-8,SM1Y,TFIDF_SOFT_DICT,SM1Y,0.29406236761528365,Weak,ST20,0.0,Weak,SM8C,0.0,Weak,SM92,0.0,Weak,SM91,0.0,Weak
GE-10,SP9Y,TFIDF_SOFT_DICT,SP9Y,0.2894649420786557,Weak,ST20,0.0,Weak,SM8B,0.0,Weak,SM92,0.0,Weak,SM91,0.0,Weak
GE-11,SM1Y,TFIDF_SOFT_DICT,SM1Y,0.3263182594114488,Weak,ST20,0.0,Weak,SM8C,0.0,Weak,SM92,0.0,Weak,SM91,0.0,Weak
GF-7,SL01,TFIDF_SOFT_DICT,SL01,0.37255884010994833,Weak,SR1C,0.1183315172113103,Weak,SR17,0.08864290465726386,Weak,SL0Y,0.08089461142239951,Weak,SR1A,0.07673131902660446,Weak
GF-9,SL0Y,TFIDF_SOFT_DICT,SL0Y,0.37270484453329944,Weak,ST20,0.0,Weak,SM8D,0.0,Weak,SM93,0.0,Weak,SM92,0.0,Weak
GF-10,SL05,TFIDF_SOFT_DICT,SL05,0.4480907882302968,Related,ST20,0.0,Weak,SM95,0.0,Weak,SM93,0.0,Weak,SM92,0.0,Weak
GF-11,SL03,TFIDF_SOFT_DICT,SL03,0.3942434712004373,Weak,SM95,0.0,Weak,SM93,0.0,Weak,SM92,0.0,Weak,SM91,0.0,Weak
GF-13,SL0Y,TFIDF_SOFT_DICT,SL0Y,0.4625310250665149,Related,ST20,0.0,Weak,SM8D,0.0,Weak,SM93,0.0,Weak,SM92,0.0,Weak
GF-16,SL2Y,TFIDF_SOFT_DICT,SL2Y,0.36844158197483734,Weak,ST20,0.0,Weak,SM94,0.0,Weak,SM92,0.0,Weak,SM91,0.0,Weak
GF-19,SL0Y,TFIDF_SOFT_DICT,SL0Y,0.37270484453329944,Weak,ST20,0.0,Weak,SM8D,0.0,Weak,SM93,0.0,Weak,SM92,0.0,Weak
GG,SM1Y,TFIDF_SOFT_DICT,SM1Y,0.3240112198806422,Weak,SP91,0.09221745218174413,Weak,ST20,0.0,Weak,SM8C,0.0,Weak,SM91,0.0,Weak
HA-1,SK68,TFIDF_SOFT_DICT,SK68,0.3657267812121933,Weak,SS28,0.11648155173160646,Weak,SM53,0.08608503382071593,Weak,SM7Y,0.07823667933218609,Weak,SN30,0.07219682563764979,Weak
HB-5,SK6U,TFIDF_SOFT_DICT,SK6U,0.3358627071152191,Weak,ST20,0.0,Weak,SM83,0.0,Weak,SM93,0.0,Weak,SM92,0.0,Weak
HB-7,SK6P,TFIDF_SOFT_DICT,SK6P,0.3991316216642057,Weak,SK6G,0.08125851610691835,Weak,SR44,0.0706891783282169,Weak,SR43,0.06429457750184714,Weak,SN30,0.06325032609525799,Weak
HB-8,SK7Y,TFIDF_SOFT_DICT,SK7Y,0.29219928045691956,Weak,ST20,0.0,Weak,SM94,0.0,Weak,SM92,0.0,Weak,SM91,0.0,Weak
HB-17,SK6J,TFIDF_SOFT_DICT,SK6J,0.5878607342076749,Related,SP9Z,0.0531040954210946,Weak,SN4D,0.051015845287672085,Weak,SK6K,0.0486682985698713,Weak,SK69,0.042969748835878854,Weak
HD-2,SK6C,TFIDF_SOFT_DICT,SK6C,0.40289729400234553,Related,ST20,0.0,Weak,SM93,0.0,Weak,SM92,0.0,Weak,SM91,0.0,Weak
HD-4,SK7Y,TFIDF_SOFT_DICT,SK7Y,0.29219928045691956,Weak,ST20,0.0,Weak,SM94,0.0,Weak,SM92,0.0,Weak,SM91,0.0,Weak
HE-4,SK61,TFIDF_SOFT_DICT,SK61,0.234320112422764,Weak,SP4Y,0.059246397117458056,Weak,SM0Z,0.055590491631212366,Weak,SS28,0.05136738764428152,Weak,SM9A,0.04992282580373641,Weak
HF-3,SK6W,TFIDF_SOFT_DICT,SK6W,0.43920139720144363,Related,SS56,0.10387202948100945,Weak,SK7Z,0.09012313547717804,Weak,SK6R,0.07334239173779376,Weak,SR1A,0.05826535463527727,Weak
HF-5,SK6X,TFIDF_SOFT_DICT,SK6X,0.3970293942964527,Weak,SR12,0.08244734983256977,Weak,SR17,0.08094189459756083,Weak,SR1C,0.0805376171041009,Weak,SK6U,0.07731962800859403,Weak
HF-8,SK7Y,TFIDF_SOFT_DICT,SK7Y,0.29219928045691956,Weak,ST20,0.0,Weak,SM94,0.0,Weak,SM92,0.0,Weak,SM91,0.0,Weak
HF-9,SK7Y,TFIDF_SOFT_DICT,SK7Y,0.323091297794233,Weak,ST20,0.0,Weak,SM94,0.0,Weak,SM92,0.0,Weak,SM91,0.0,Weak
HG-2.4,SK65,TFIDF_SOFT_DICT,SK65,0.5508615482987012,Related,ST20,0.0,Weak,SM8C,0.0,Weak,SM92,0.0,Weak,SM91,0.0,Weak
HG-3,SK7Y,TFIDF_SOFT_DICT,SK7Y,0.29219928045691956,Weak,ST20,0.0,Weak,SM94,0.0,Weak,SM92,0.0,Weak,SM91,0.0,Weak
HG-4,SK63,TFIDF_SOFT_DICT,SK63,0.2879717661467478,Weak,SR65,0.050801877964989584,Weak,SP9Z,0.03993786590562995,Weak,SK65,0.03622726375547779,Weak,SR17,0.0301793709534951,Weak
HG-10,SK7Y,TFIDF_SOFT_DICT,SK7Y,0.29219928045691956,Weak,ST20,0.0,Weak,SM94,0.0,Weak,SM92,0.0,Weak,SM91,0.0,Weak
HG-12,SK7Y,TFIDF_SOFT_DICT,SK7Y,0.29219928045691956,Weak,ST20,0.0,Weak,SM94,0.0,Weak,SM92,0.0,Weak,SM91,0.0,Weak
I-6,SK95,TFIDF_SOFT_DICT,SK95,0.32548159121467907,Weak,SM83,0.0,Weak,SM94,0.0,Weak,SM93,0.0,Weak,SM92,0.0,Weak
I-10,SK95,TFIDF_SOFT_DICT,SK95,0.13073795101996877,Weak,SM83,0.0,Weak,SM94,0.0,Weak,SM93,0.0,Weak,SM92,0.0,Weak
I-13,SK9Y,TFIDF_SOFT_DICT,SK9Y,0.39484028459579923,Weak,ST20,0.0,Weak,SM8D,0.0,Weak,SM93,0.0,Weak,SM92,0.0,Weak
I-16,SK94,TFIDF_SOFT_DICT,SK94,0.43489492907485766,Related,SK97,0.14755770115708702,Weak,SK9Y,0.10700628288904082,Weak,SK9Z,0.0753267216165113,Weak,SN92,0.060679259350527384,Weak
J-1,SK8Y,TFIDF_SOFT_DICT,SK8Y,0.09226427447784286,Weak,SM83,0.0,Weak,SM94,0.0,Weak,SM93,0.0,Weak,SM92,0.0,Weak
J-3,SK8Y,TFIDF_SOFT_DICT,SK8Y,0.3032688037063681,Weak,SM83,0.0,Weak,SM94,0.0,Weak,SM93,0.0,Weak,SM92,0.0,Weak
J-7,SK86,TFIDF_SOFT_DICT,SK86,0.5611557599855787,Related,SK82,0.0721033759688838,Weak,SK80,0.07162877647581757,Weak,SK85,0.07094107800811611,Weak,SK83,0.0649435105878405,Weak
J-11,SK8Y,TFIDF_SOFT_DICT,SK8Y,0.3345076491260029,Weak,SK86,0.10601415038333814,Weak,SK82,0.0721033759688838,Weak,SK80,0.07162877647581757,Weak,SK85,0.07094107800811611,Weak
J-16,SK8Y,TFIDF_SOFT_DICT,SK8Y,0.3032688037063681,Weak,SM83,0.0,Weak,SM94,0.0,Weak,SM93,0.0,Weak,SM92,0.0,Weak
J-20,SK87,TFIDF_SOFT_DICT,SK87,0.32344361067928656,Weak,SK8Y,0.09251915277420929,Weak,SK96,0.08549725125668857,Weak,SR14,0.07196045041009846,Weak,SR11,0.07127111764763092,Weak
K,SN4W,TFIDF_SOFT_DICT,SN4W,0.47044014143199486,Related,SP4Z,0.09153427045086014,Weak,SR1A,0.06842668154208056,Weak,SR15,0.06837889357386673,Weak,SR10,0.06190306546430066,Weak
LD,ST20,TFIDF_SOFT_DICT,ST20,0.38303824630847083,Weak,SR57,0.2672874179121964,Weak,SS3J,0.14478050745355087,Weak,SS3B,0.13088198871152168,Weak,SR89,0.09736512116391825,Weak
MA,SN1Y,TFIDF_SOFT_DICT,SN1Y,0.4604339732064991,Related,SM82,0.0,Weak,SM93,0.0,Weak,SM92,0.0,Weak,SM91,0.0,Weak
MD-1,SM1Y,TFIDF_SOFT_DICT,SM1Y,0.07631825941144882,Weak,ST20,0.0,Weak,SM8C,0.0,Weak,SM92,0.0,Weak,SM91,0.0,Weak
MD-2,SM12,TFIDF_SOFT_DICT,SM12,0.44044346010902485,Related,SM1Z,0.1861849123293905,Weak,SM1Y,0.10481659222911026,Weak,SR1A,0.09235205966223967,Weak,SM1G,0.0808759472545724,Weak
MD-10,SR05,TFIDF_SOFT_DICT,SR05,0.3605351696642357,Weak,SS10,0.24882367177318132,Weak,SM76,0.16036760563692792,Weak,SR59,0.15892328008927487,Weak,SS12,0.11794673727109958,Weak
MD-12,SR00,TFIDF_SOFT_DICT,SR00,0.4130588521438746,Related,SR5D,0.15724275721515013,Weak,SN11,0.11299403788979225,Weak,SR4L,0.11164625142118437,Weak,SR4M,0.11055176742899388,Weak
O-2,SN5Y,TFIDF_SOFT_DICT,SN5Y,0.27377608587388624,Weak,SM94,0.0,Weak,SM92,0.0,Weak,SM91,0.0,Weak,SM90,0.0,Weak
O-4,SN5Y,TFIDF_SOFT_DICT,SN5Y,0.2911813887386917,Weak,SM94,0.0,Weak,SM92,0.0,Weak,SM91,0.0,Weak,SM90,0.0,Weak
O-5,SN0Y,TFIDF_SOFT_DICT,SN0Y,0.33143694122334794,Weak,ST20,0.0,Weak,SM94,0.0,Weak,SM92,0.0,Weak,SM91,0.0,Weak
O-7,SN70,TFIDF_SOFT_DICT,SN70,0.4684047514943067,Related,SK50,0.086639227544782,Weak,SN7Y,0.07197213540854386,Weak,SN4C,0.06653785852767807,Weak,SN5Y,0.05688784678315164,Weak
O-12,SN4T,TFIDF_SOFT_DICT,SN4T,0.423072082305312,Related,SM82,0.0,Weak,SM92,0.0,Weak,SM91,0.0,Weak,SM90,0.0,Weak
O-17,SN5Y,TFIDF_SOFT_DICT,SN5Y,0.27377608587388624,Weak,SM94,0.0,Weak,SM92,0.0,Weak,SM91,0.0,Weak,SM90,0.0,Weak
O-21,SN4F,TFIDF_SOFT_DICT,SN4F,0.4481725212109182,Related,SN4J,0.052773418331269764,Weak,SN5Y,0.04219187181228504,Weak,SL8Y,0.03125427724307548,Weak,SM0Z,0.030722006650774555,Weak
O-23,SN4E,TFIDF_SOFT_DICT,SN4E,0.27388522203751214,Weak,SS56,0.10365008147103494,Weak,SR40,0.09156116798756621,Weak,SN41,0.06000041003795211,Weak,SR1A,0.05583346467340051,Weak
O-34,SN5Y,TFIDF_SOFT_DICT,SN5Y,0.27377608587388624,Weak,SM94,0.0,Weak,SM92,0.0,Weak,SM91,0.0,Weak,SM90,0.0,Weak
O-38,SN40,TFIDF_SOFT_DICT,SN40,0.388826106419389,Weak,SN5Y,0.1028247157791013,Weak,SP9Y,0.08546130219980055,Weak,SN4R,0.08108203878972822,Weak,SN42,0.07469889902291325,Weak
O-39,SN90,TFIDF_SOFT_DICT,SN90,0.360933381699836,Weak,SN7Y,0.1211943257614554,Weak,SN73,0.11098065417032293,Weak,SN7Z,0.10120007055301396,Weak,SN9Z,0.08419765021016293,Weak
O-40,SN5Y,TFIDF_SOFT_DICT,SN5Y,0.27377608587388624,Weak,SM94,0.0,Weak,SM92,0.0,Weak,SM91,0.0,Weak,SM90,0.0,Weak
O-42,SN4G,TFIDF_SOFT_DICT,SN4G,0.41165125847442036,Related,SN41,0.0967194195038315,Weak,SN4J,0.08782486141486445,Weak,SN5Y,0.0865188163854979,Weak,SP9Z,0.060608307163387436,Weak
O-43,SP9Y,TFIDF_SOFT_DICT,SP9Y,0.27278509493266484,Weak,ST20,0.0,Weak,SM8B,0.0,Weak,SM92,0.0,Weak,SM91,0.0,Weak
O-50,SN5Y,TFIDF_SOFT_DICT,SN5Y,0.27377608587388624,Weak,SM94,0.0,Weak,SM92,0.0,Weak,SM91,0.0,Weak,SM90,0.0,Weak
PC-9,SQ6Y,TFIDF_SOFT_DICT,SQ6Y,0.4725070835202023,Related,ST20,0.0,Weak,SM94,0.0,Weak,SM92,0.0,Weak,SM91,0.0,Weak
Q-7,SQ2Y,TFIDF_SOFT_DICT,SQ2Y,0.3006112547423402,Weak,ST20,0.0,Weak,SM8C,0.0,Weak,SM92,0.0,Weak,SM91,0.0,Weak
Q-9,SQ2Y,TFIDF_SOFT_DICT,SQ2Y,0.3150504949045355,Weak,ST20,0.0,Weak,SM8C,0.0,Weak,SM92,0.0,Weak,SM91,0.0,Weak
Q-12,SQ2Y,TFIDF_SOFT_DICT,SQ2Y,0.2792204215495148,Weak,ST20,0.0,Weak,SM8C,0.0,Weak,SM92,0.0,Weak,SM91,0.0,Weak
R,SQ8Y,TFIDF_SOFT_DICT,SQ8Y,0.2971881761804395,Weak,ST20,0.0,Weak,SM82,0.0,Weak,SM92,0.0,Weak,SM91,0.0,Weak
RA-1,SQ24,TFIDF_SOFT_DICT,SQ24,0.19591034367475058,Weak,SS26,0.09241938848349221,Weak,SP54,0.06585741881803563,Weak,SR65,0.04915429600115366,Weak,SK00,0.043898252675792906,Weak
RD-1,SS2E,TFIDF_SOFT_DICT,SS2E,0.45675300588379925,Related,SM81,0.193184526095433,Weak,SS10,0.15218034948957254,Weak,SR5A,0.1374865441743083,Weak,SM7Y,0.11479017075107939,Weak
RD-3,SS29,TFIDF_SOFT_DICT,SS29,0.37093748133864896,Weak,SN5Y,0.12536666544401515,Weak,SL41,0.0782994425691789,Weak,SN41,0.07430849511622,Weak,SP57,0.07272789846550243,Weak
RD-11,SS23,TFIDF_SOFT_DICT,SS23,0.34251979915821434,Weak,SP4Y,0.13514825617844545,Weak,SK87,0.12734439578069207,Weak,SP9Y,0.11729855182273449,Weak,SM0Y,0.1128215357958928,Weak
VA-5,SS54,TFIDF_SOFT_DICT,SS54,0.6871351903007568,Equivalent,SS52,0.17050402567653608,Weak,SS56,0.14778812121952367,Weak,SS51,0.12321454538917442,Weak,SS53,0.11016779615064477,Weak
VA-6,SS55,TFIDF_SOFT_DICT,SS55,0.6877129338812963,Equivalent,SS50,0.17165792218622974,Weak,SS56,0.1485831587358652,Weak,SS52,0.12555784145017856,Weak,SS54,0.11097618517260571,Weak
VE-1.1,SS60,TFIDF_SOFT_DICT,SS60,0.11085943239976115,Weak,ST20,0.0,Weak,SM82,0.0,Weak,SM92,0.0,Weak,SM91,0.0,Weak
VE-1.7,SS60,TFIDF_SOFT_DICT,SS60,0.14311891181809397,Weak,ST20,0.0,Weak,SM82,0.0,Weak,SM92,0.0,Weak,SM91,0.0,Weak
VE-2.3,SS61,TFIDF_SOFT_DICT,SS61,0.1214341485002902,Weak,ST20,0.0,Weak,SM82,0.0,Weak,SM92,0.0,Weak,SM91,0.0,Weak
VE-2.5,SS61,TFIDF_SOFT_DICT,SS61,0.12243362336974642,Weak,ST20,0.0,Weak,SM82,0.0,Weak,SM92,0.0,Weak,SM91,0.0,Weak
VE-3.1,SS62,TFIDF_SOFT_DICT,SS62,0.17164282214419663,Weak,ST20,0.0,Weak,SM82,0.0,Weak,SM92,0.0,Weak,SM91,0.0,Weak
VE-3.2,SS62,TFIDF_SOFT_DICT,SS62,0.17164282214419663,Weak,ST20,0.0,Weak,SM82,0.0,Weak,SM92,0.0,Weak,SM91,0.0,Weak
AAA-2.1,SR10,TFIDF_HARD_DICT,SR10,0.4246883721739939,Related,SR12,0.07186717984832519,Weak,SR17,0.07055491423460078,Weak,SR1C,0.07020251620858639,Weak,SP4Y,0.054407166889756636,Weak
AAB-2,SQ05,TFIDF_HARD_DICT,SQ05,0.43692106976336453,Related,SR14,0.07114620016238792,Weak,SR11,0.07046466737017341,Weak,SR13,0.0687269503343568,Weak,SR1A,0.06416116181620284,Weak
AAB-3,SP9Y,TFIDF_HARD_DICT,SP9Y,0.27278509493266484,Weak,ST20,0.0,Weak,SM8B,0.0,Weak,SM92,0.0,Weak,SM91,0.0,Weak
AAB-7,SM1P,TFIDF_HARD_DICT,SM1P,0.3855061653775826,Weak,SR4L,0.17267266057280756,Weak,SR65,0.11106068178440366,Weak,SR4M,0.10043123849123199,Weak,SS10,0.08340312909908862,Weak
AAB-40,SP1Y,TFIDF_HARD_DICT,SP1Y,0.31834906782460415,Weak,ST20,0.0,Weak,SM92,0.0,Weak,SM91,0.0,Weak,SM90,0.0,Weak
AAB-46,SK30,TFIDF_HARD_DICT,SK30,0.34801056462442853,Weak,ST20,0.0,Weak,SM8D,0.0,Weak,SM93,0.0,Weak,SM92,0.0,Weak
AAB-48,SM1Y,TFIDF_HARD_DICT,SM1Y,0.29406236761528365,Weak,ST20,0.0,Weak,SM8C,0.0,Weak,SM92,0.0,Weak,SM91,0.0,Weak
AAB-49,SN60,TFIDF_HARD_DICT,SN60,0.4654347259077388,Related,SR1A,0.07254820338007856,Weak,SR15,0.07249753701486887,Weak,SR10,0.06563165247744164,Weak,SR40,0.058695272123781075,Weak
AAB-50,SN7Y,TFIDF_HARD_DICT,SN7Y,0.3568105557020527,Weak,ST20,0.0,Weak,SM8B,0.0,Weak,SM91,0.0,Weak,SM90,0.0,Weak
AAB-54,SK5Y,TFIDF_HARD_DICT,SK5Y,0.3070436587130458,Weak,SM82,0.0,Weak,SM93,0.0,Weak,SM92,0.0,Weak,SM91,0.0,Weak
AAB-64,SP4Y,TFIDF_HARD_DICT,SP4Y,0.3124429780529558,Weak,ST20,0.0,Weak,SM93,0.0,Weak,SM91,0.0,Weak,SM90,0.0,Weak
AAB-66,SP9Y,TFIDF_HARD_DICT,SP9Y,0.27064996251319806,Weak,SM37,0.031690915658554114,Weak,ST20,0.0,Weak,SM8C,0.0,Weak,SM92,0.0,Weak
AAB-74,SM1N,TFIDF_HARD_DICT,SM1N,0.40186880834537553,Related,SR1A,0.12998276133429099,Weak,SN42,0.12133874497278047,Weak,SS55,0.08999162182954762,Weak,SR40,0.08106581249179022,Weak
AAB-80,SP1Y,TFIDF_HARD_DICT,SP1Y,0.31834906782460415,Weak,ST20,0.0,Weak,SM92,0.0,Weak,SM91,0.0,Weak,SM90,0.0,Weak
AAB-86,SP9Y,TFIDF_HARD_DICT,SP9Y,0.27278509493266484,Weak,ST20,0.0,Weak,SM8B,0.0,Weak,SM92,0.0,Weak,SM91,0.0,Weak
AAB-87,SP1Y,TFIDF_HARD_DICT,SP1Y,0.3683840581221856,Weak,ST20,0.0,Weak,SM92,0.0,Weak,SM91,0.0,Weak,SM90,0.0,Weak
AAB-88,SP9Y,TFIDF_HARD_DICT,SP9Y,0.27278509493266484,Weak,ST20,0.0,Weak,SM8B,0.0,Weak,SM92,0.0,Weak,SM91,0.0,Weak
AAB-93,SP4Y,TFIDF_HARD_DICT,SP4Y,0.3124429780529558,Weak,ST20,0.0,Weak,SM93,0.0,Weak,SM91,0.0,Weak,SM90,0.0,Weak
AAB-97,SN03,TFIDF_HARD_DICT,SR4E,1.4106019313806146,Equivalent,SN03,0.3661231198278565,Weak,SN0Z,0.21323689099158188,Weak,SS56,0.12461426816974888,Weak,SM9Z,0.10808428793736513,Weak
AAB-100,SP9Y,TFIDF_HARD_DICT,SP9Y,0.27278509493266484,Weak,ST20,0.0,Weak,SM8B,0.0,Weak,SM92,0.0,Weak,SM91,0.0,Weak
AAB-103,SP9Y,TFIDF_HARD_DICT,SP9Y,0.27278509493266484,Weak,ST20,0.0,Weak,SM8B,0.0,Weak,SM92,0.0,Weak,SM91,0.0,Weak
AAB-105,SP9Y,TFIDF_HARD_DICT,SP9Y,0.27278509493266484,Weak,ST20,0.0,Weak,SM8B,0.0,Weak,SM92,0.0,Weak,SM91,0.0,Weak
AAB-108,SP4Y,TFIDF_HARD_DICT,SP4Y,0.3124429780529558,Weak,ST20,0.0,Weak,SM93,0.0,Weak,SM91,0.0,Weak,SM90,0.0,Weak
AAB-110,SL62,TFIDF_HARD_DICT,SL62,0.326319462064783,Weak,SR40,0.11864697139967859,Weak,SL6Y,0.09744586696187066,Weak,SL6Z,0.09387017049280856,Weak,SR12,0.07943119120131836,Weak
AAC-1,SK30,TFIDF_HARD_DICT,SK30,0.34801056462442853,Weak,ST20,0.0,Weak,SM8D,0.0,Weak,SM93,0.0,Weak,SM92,0.0,Weak
AAC-2,SK30,TFIDF_HARD_DICT,SK30,0.34801056462442853,Weak,ST20,0.0,Weak,SM8D,0.0,Weak,SM93,0.0,Weak,SM92,0.0,Weak
AAC-5,SP0Y,TFIDF_HARD_DICT,SP0Y,0.3790081567276109,Weak,ST20,0.0,Weak,SM93,0.0,Weak,SM91,0.0,Weak,SM90,0.0,Weak
AAC-6,SP00,TFIDF_HARD_DICT,SP00,0.33446990408146116,Weak,SR1C,0.13972394600772448,Weak,SS19,0.12799049428007903,Weak,SR12,0.12348770228805869,Weak,SR1K,0.09971461234937545,Weak
AAC-7,SN08,TFIDF_HARD_DICT,SN08,0.37131717581943674,Weak,SM8Z,0.21205779794717888,Weak,SN3Z,0.11039784293746012,Weak,SM88,0.10303531533063048,Weak,SM8Y,0.08760368851926467,Weak
AAC-8,SP15,TFIDF_HARD_DICT,SP15,0.4795813893150279,Related,SP4Y,0.07179135665764007,Weak,SP1Z,0.054420855169207506,Weak,SP4Z,0.05398545351747392,Weak,SP9Z,0.05264321938675387,Weak
AAC-9.2,SK55,TFIDF_HARD_DICT,SK55,0.6091926959844061,Equivalent,SL08,0.07985007766517832,Weak,ST20,0.0,Weak,SM8E,0.0,Weak,SM93,0.0,Weak
AAC-12,SM31,TFIDF_HARD_DICT,SM31,0.3574762244290237,Weak,SR12,0.09081101525241217,Weak,SR17,0.07167166069527135,Weak,SR1C,0.07131368489692788,Weak,SM39,0.06242160637526821,Weak
AAC-13,SK30,TFIDF_HARD_DICT,SK30,0.4691582850133584,Related,ST20,0.0,Weak,SM8D,0.0,Weak,SM93,0.0,Weak,SM92,0.0,Weak
AAC-16,SK5Y,TFIDF_HARD_DICT,SK5Y,0.3070436587130458,Weak,SM82,0.0,Weak,SM93,0.0,Weak,SM92,0.0,Weak,SM91,0.0,Weak
AAC-239,SK30,TFIDF_HARD_DICT,SK30,0.34801056462442853,Weak,ST20,0.0,Weak,SM8D,0.0,Weak,SM93,0.0,Weak,SM92,0.0,Weak
AAC-27,SM83,TFIDF_HARD_DICT,SM83,0.4100723374367261,Related,SM82,0.0,Weak,SM93,0.0,Weak,SM92,0.0,Weak,SM91,0.0,Weak
AAC-38,SK22,TFIDF_HARD_DICT,SK22,0.1891709311989617,Weak,ST20,0.0,Weak,SM8D,0.0,Weak,SM93,0.0,Weak,SM92,0.0,Weak
AAC-39,SL7Y,TFIDF_HARD_DICT,SL7Y,0.41879732326541436,Related,ST20,0.0,Weak,SM8D,0.0,Weak,SM93,0.0,Weak,SM92,0.0,Weak
AAD-2.7,SR20,TFIDF_HARD_DICT,SR20,0.3064423816925976,Weak,SM82,0.0,Weak,SM92,0.0,Weak,SM91,0.0,Weak,SM90,0.0,Weak
AAD-2.9,SR20,TFIDF_HARD_DICT,SR20,0.27123739638845457,Weak,SM82,0.0,Weak,SM92,0.0,Weak,SM91,0.0,Weak,SM90,0.0,Weak
AAD-4,SR20,TFIDF_HARD_DICT,SR20,0.27123739638845457,Weak,SM82,0.0,Weak,SM92,0.0,Weak,SM91,0.0,Weak,SM90,0.0,Weak
AAD-4.1,SR20,TFIDF_HARD_DICT,SR20,0.27123739638845457,Weak,SM82,0.0,Weak,SM92,0.0,Weak,SM91,0.0,Weak,SM90,0.0,Weak
AAD-5,SR20,TFIDF_HARD_DICT,SR20,0.27123739638845457,Weak,SM82,0.0,Weak,SM92,0.0,Weak,SM91,0.0,Weak,SM90,0.0,Weak
ABA-1,SR16,TFIDF_HARD_DICT,SR16,0.5408746818766224,Related,SN41,0.1040155911244291,Weak,SR11,0.10284388941934582,Weak,SR1B,0.1014123861660302,Weak,SR40,0.05223422378594693,Weak
ABA-2,SR17,TFIDF_HARD_DICT,SR17,0.39585943526836986,Weak,SN41,0.12513645934775358,Weak,SR40,0.0920829384826497,Weak,SS2A,0.09124742224509655,Weak,SR62,0.07965148834366287,Weak
ABA-2.1,SR15,TFIDF_HARD_DICT,SR15,0.4385652616709327,Related,SP9Y,0.07489714197967928,Weak,SR12,0.0582642274332419,Weak,SR17,0.05720034622443106,Weak,SR1C,0.056914649766352965,Weak
ABB-1,SK7Y,TFIDF_HARD_DICT,SK7Y,0.29219928045691956,Weak,ST20,0.0,Weak,SM94,0.0,Weak,SM92,0.0,Weak,SM91,0.0,Weak
ABB-7,SM3Y,TFIDF_HARD_DICT,SM3Y,0.29840268375792395,Weak,ST20,0.0,Weak,SM93,0.0,Weak,SM92,0.0,Weak,SM91,0.0,Weak
ABB-10,SP9Y,TFIDF_HARD_DICT,SP9Y,0.27278509493266484,Weak,ST20,0.0,Weak,SM8B,0.0,Weak,SM92,0.0,Weak,SM91,0.0,Weak
ABB-25,SP9Y,TFIDF_HARD_DICT,SP9Y,0.2894649420786557,Weak,ST20,0.0,Weak,SM8B,0.0,Weak,SM92,0.0,Weak,SM91,0.0,Weak
ABB-29,SP2Y,TFIDF_HARD_DICT,SP2Y,0.39166189965939263,Weak,ST20,0.0,Weak,SM8C,0.0,Weak,SM92,0.0,Weak,SM91,0.0,Weak
ACA-1,SR1B,TFIDF_HARD_DICT,SR1B,0.6224171761814754,Equivalent,SR11,0.10888368561798306,Weak,SR16,0.10778219572815512,Weak,SR40,0.08853968182139287,Weak,SR1A,0.08500951552384445,Weak
ACA-2,SR1C,TFIDF_HARD_DICT,SR1C,0.409702143113015,Related,SR40,0.15201470422037766,Weak,SN41,0.10652217238552236,Weak,SR1G,0.08971342450778358,Weak,SP9Y,0.08691258927494971,Weak
ACA-4,SR1E,TFIDF_HARD_DICT,SR1E,0.4333003258324184,Related,SP9Y,0.09390131707451713,Weak,SR1K,0.08710205184591052,Weak,SR1L,0.08263421134715809,Weak,SR1J,0.0791470258640108,Weak
ACB-15,SQ4Y,TFIDF_HARD_DICT,SQ4Y,0.34345023875858727,Weak,ST20,0.0,Weak,SM8B,0.0,Weak,SM91,0.0,Weak,SM90,0.0,Weak
ACB-27,SP9Y,TFIDF_HARD_DICT,SP9Y,0.27278509493266484,Weak,ST20,0.0,Weak,SM8B,0.0,Weak,SM92,0.0,Weak,SM91,0.0,Weak
BD-2,SP62,TFIDF_HARD_DICT,SR47,0.43687639020564056,Related,SP62,0.42312015009786363,Related,SR60,0.10686012508582324,Weak,SR1G,0.0781837908116857,Weak,SR1H,0.074007190668549,Weak
BE-1,SR4A,TFIDF_HARD_DICT,SR4A,0.3580246847129157,Weak,SR1S,0.14341922734343895,Weak,SN71,0.13985259972362982,Weak,ST0T,0.1314917450718608,Weak,SN9Z,0.09653120264632478,Weak
BF-2,SR4B,TFIDF_HARD_DICT,SR4B,0.49283487078896654,Related,SP9Z,0.15817151302774365,Weak,SR4C,0.10673655953753523,Weak,SR55,0.10647112978072254,Weak,SR80,0.10479639504953066,Weak
BA-3.1,SR4K,TFIDF_HARD_DICT,SR4K,0.6284097489987972,Equivalent,SR4J,0.2648413728981751,Weak,SR1K,0.1102685952760897,Weak,SR1L,0.10461244269099784,Weak,SR42,0.10335624064299066,Weak
BH-1,SR4F,TFIDF_HARD_DICT,SR4F,0.5203728906071461,Related,SR4G,0.09278596643081238,Weak,SR64,0.08974508044047565,Weak,SR4H,0.08018665866271643,Weak,SR4K,0.07633087078528743,Weak
CC-2,SN45,TFIDF_HARD_DICT,SR84,0.4875167424743505,Related,SN45,0.4085554708157361,Related,SR8N,0.06577733023748103,Weak,SN4D,0.05468405945209831,Weak,SR82,0.03972523850680931,Weak
CA-1,SR83,TFIDF_HARD_DICT,SR83,0.4691070405826116,Related,SM86,0.09259428958565388,Weak,SM81,0.08656117275816111,Weak,SR62,0.08470668477319397,Weak,SM82,0.08381084782010968,Weak
CA-2,SR82,TFIDF_HARD_DICT,SR82,0.45204964934071934,Related,SM82,0.09534734002590553,Weak,SM86,0.09176539448653151,Weak,SS25,0.08684450086761583,Weak,SR62,0.07748456298928436,Weak
CB-1,SR81,TFIDF_HARD_DICT,SR81,0.4623954333302313,Related,SR10,0.14879033679469872,Weak,SR64,0.13148497487358768,Weak,SR20,0.10157543801415034,Weak,SR62,0.09977220273083194,Weak
CB-2,SR80,TFIDF_HARD_DICT,SR80,0.4637250337128428,Related,SR11,0.08197321701859092,Weak,SR16,0.08114395899641631,Weak,SR1B,0.08083221654195215,Weak,SN08,0.06508688432583754,Weak
CB-3,SR86,TFIDF_HARD_DICT,SR86,0.39656338646745504,Weak,SR5A,0.13184374318356695,Weak,SR4F,0.11560360855982248,Weak,SR81,0.11325729820321338,Weak,SS19,0.1004781198475794,Weak
D,SS10,TFIDF_HARD_DICT,SS10,0.7129398870815957,Equivalent,SR59,0.1807566739072751,Weak,SS19,0.14115178053108784,Weak,SS12,0.13800222485542968,Weak,SS11,0.1367095019634949,Weak
DB-2,SS11,TFIDF_HARD_DICT,SS11,0.5047183569358588,Related,SS10,0.15474208517513566,Weak,SR59,0.1433088947038371,Weak,SS19,0.1326849529651244,Weak,SS17,0.1271942782165944,Weak
DB-4,SS14,TFIDF_HARD_DICT,SS14,0.5293460476236622,Related,SP9Y,0.12648606923161698,Weak,SS10,0.11956168651918984,Weak,SS15,0.10796764340515773,Weak,SR80,0.09072558061041894,Weak
EA-2.5,SM74,TFIDF_HARD_DICT,SM74,0.3938803181019502,Weak,ST20,0.0,Weak,SM8C,0.0,Weak,SM92,0.0,Weak,SM91,0.0,Weak
EA-4.5.1,SL40,TFIDF_HARD_DICT,SL40,0.08105348873636613,Weak,SM83,0.0,Weak,SM94,0.0,Weak,SM93,0.0,Weak,SM92,0.0,Weak
EB-1,SR59,TFIDF_HARD_DICT,SR59,0.6065010774477297,Equivalent,SR5B,0.07489212323166512,Weak,SM3C,0.0685497992534535,Weak,SM3B,0.05042928594805325,Weak,SS10,0.0499547757753491,Weak
EB-2,SM37,TFIDF_HARD_DICT,SM37,0.3768221041716243,Weak,SM38,0.0863705049231931,Weak,SS10,0.07173685726048852,Weak,SM0Z,0.0680827031409369,Weak,SR59,0.06643654641135366,Weak
EB-3.9,SM3C,TFIDF_HARD_DICT,SM3C,0.34320451023008547,Weak,SR86,0.10049010604593976,Weak,SR40,0.07857010334256244,Weak,SM3Y,0.07708802879699479,Weak,SM3L,0.0764354349307933,Weak
EB-6,SM3L,TFIDF_HARD_DICT,SM3L,0.35200747054860326,Weak,SM3J,0.1312425445790895,Weak,SS19,0.12578788861528667,Weak,SR50,0.1192763146384504,Weak,SS54,0.09390014507988573,Weak
EB-8,SM3K,TFIDF_HARD_DICT,SM3K,0.4282966847405097,Related,SS56,0.07661882716728462,Weak,SM7Y,0.07558898992035508,Weak,SS10,0.07341265613617767,Weak,SP4Y,0.07063630972795906,Weak
EB-10,SM33,TFIDF_HARD_DICT,SM33,0.32307928333620406,Weak,SP9Y,0.08894253532693742,Weak,SM31,0.0585793538239623,Weak,SR64,0.05329272467485686,Weak,SR62,0.053023739040664375,Weak
EB-10.15,SM70,TFIDF_HARD_DICT,SM70,0.243242783272938,Weak,SR8J,0.05425139362763154,Weak,SR8L,0.052812277787002,Weak,SQ05,0.05004585604288775,Weak,SP4Y,0.046303009777198936,Weak
EC-3,SP51,TFIDF_HARD_DICT,SP51,0.4386921086415704,Related,SR40,0.15057497662536076,Weak,SR50,0.13041912902832847,Weak,SP9Z,0.092023969749849,Weak,SS56,0.08224392229723347,Weak
EC-3.2,SP54,TFIDF_HARD_DICT,SP54,0.5020141467421173,Related,SR50,0.12552516551354767,Weak,SN41,0.09968876697968415,Weak,SR40,0.08198923534587983,Weak,SS10,0.07987543175526465,Weak
EC-3.7,SP5Y,TFIDF_HARD_DICT,SP5Y,0.2891581352300034,Weak,SM82,0.0,Weak,SM93,0.0,Weak,SM92,0.0,Weak,SM91,0.0,Weak
EC-3.8,SP5Y,TFIDF_HARD_DICT,SP5Y,0.2891581352300034,Weak,SM82,0.0,Weak,SM93,0.0,Weak,SM92,0.0,Weak,SM91,0.0,Weak
ED-2.2,SP99,TFIDF_HARD_DICT,SP99,0.3236415601112227,Weak,SR40,0.10584353967745838,Weak,SN45,0.08902672999001797,Weak,SN5Y,0.08688583589836262,Weak,SP9Z,0.08365367490333414,Weak
ED-3.1,SM41,TFIDF_HARD_DICT,SM41,0.3178403864421534,Weak,ST20,0.0,Weak,SM8D,0.0,Weak,SM93,0.0,Weak,SM92,0.0,Weak
ED-3.3,SM41,TFIDF_HARD_DICT,SM41,0.3178403864421534,Weak,ST20,0.0,Weak,SM8D,0.0,Weak,SM93,0.0,Weak,SM92,0.0,Weak
ED-3.5,SM41,TFIDF_HARD_DICT,SM41,0.27465661263034086,Weak,ST20,0.0,Weak,SM8D,0.0,Weak,SM93,0.0,Weak,SM92,0.0,Weak
ED-4.2.3,SN49,TFIDF_HARD_DICT,SN49,0.4884733053287875,Related,SN4U,0.06620186373720485,Weak,SN5Y,0.023555760619895956,Weak,SM8C,0.0,Weak,SM92,0.0,Weak
ED-4.2.6,SN49,TFIDF_HARD_DICT,SN49,0.32268279400353217,Weak,SM82,0.0,Weak,SM93,0.0,Weak,SM92,0.0,Weak,SM91,0.0,Weak
ED-4.2.7,SN4A,TFIDF_HARD_DICT,SN4A,0.3689881139977082,Weak,SN42,0.1858947489780725,Weak,SN4R,0.13920602358762268,Weak,SN5Y,0.11491237672553882,Weak,SN4C,0.10715910194356323,Weak
ED-4.3.2,SN5Y,TFIDF_HARD_DICT,SN5Y,0.27377608587388624,Weak,SM94,0.0,Weak,SM92,0.0,Weak,SM91,0.0,Weak,SM90,0.0,Weak
ED-4.3.7,SN5Y,TFIDF_HARD_DICT,SN5Y,0.2989974654353659,Weak,SN49,0.09172824317322965,Weak,SN4U,0.05622036326166313,Weak,SM84,0.0,Weak,SM85,0.0,Weak
ED-4.4,SN49,TFIDF_HARD_DICT,SN49,0.30054722080738544,Weak,SR40,0.1157116509315841,Weak,SS56,0.11271487963479981,Weak,SN5Y,0.08296785103389033,Weak,SR64,0.08271242867430853,Weak
ED-8,SP11,TFIDF_HARD_DICT,SP11,0.34881304284012243,Weak,SP10,0.33641211866794735,Weak,SP14,0.21703621908529744,Weak,ST20,0.0,Weak,SM93,0.0,Weak
ED-9.7.9,SM40,TFIDF_HARD_DICT,SM40,0.4987991215466097,Related,SR17,0.09299184422708098,Weak,SM4Z,0.06513565057557837,Weak,SP4Y,0.0643439845218142,Weak,SM4Y,0.06319378436034254,Weak
ED-19,SN47,TFIDF_HARD_DICT,SN47,0.4029597724521705,Related,SQ50,0.2335034965563594,Weak,SR1A,0.11898031340171328,Weak,SN4U,0.0919081848576261,Weak,SR1C,0.06978854638830942,Weak
EE-1,SR52,TFIDF_HARD_DICT,SR52,0.6021104958276007,Equivalent,SL70,0.13323857052811586,Weak,SR53,0.12193839866844472,Weak,SR5Z,0.10755012182171685,Weak,SR50,0.10295266113356064,Weak
EE-2,SP72,TFIDF_HARD_DICT,SP72,0.37815170300909706,Weak,SR13,0.11175094948341104,Weak,SR18,0.11114786551672845,Weak,SR1D,0.1107376778025928,Weak,SS56,0.07280721028503491,Weak
EE-3.4,SM53,TFIDF_HARD_DICT,SM53,0.13780308005247824,Weak,SK6S,0.10537654087350873,Weak,SN06,0.09911427717925432,Weak,SM99,0.09070214947017056,Weak,SM3J,0.05647885167471161,Weak
EE-3.6,SM53,TFIDF_HARD_DICT,SM53,0.36265558779319185,Weak,SK6S,0.09479959075088179,Weak,SN06,0.08916588869093243,Weak,SM99,0.08159811072484272,Weak,SM1L,0.06888083841581538,Weak
EE-3.7,SM53,TFIDF_HARD_DICT,SM53,0.13769062282907518,Weak,SK6S,0.10455486920237925,Weak,SN06,0.09834143539599227,Weak,SM99,0.08999490110053911,Weak,SM72,0.05357612325780158,Weak
EE-3.10,SM53,TFIDF_HARD_DICT,SM53,0.3591795046327361,Weak,SK6S,0.08680203731278599,Weak,SN06,0.08164360980752491,Weak,SM99,0.07471427034324785,Weak,SM7Y,0.02398770825833038,Weak
EE-3.13,SM7Y,TFIDF_HARD_DICT,SM7Y,0.34957880130537117,Weak,SK6S,0.08680203731278599,Weak,SN06,0.08164360980752491,Weak,SM53,0.0808654355359903,Weak,SM99,0.07471427034324785,Weak
EE-3.16,SK6S,TFIDF_HARD_DICT,SK6S,0.5800402252770682,Related,SM53,0.10231534930090244,Weak,SN06,0.08645772940375344,Weak,SM7Y,0.05924463420686949,Weak,SM99,0.058687197065668606,Weak
EE-4.4,SP70,TFIDF_HARD_DICT,SP70,0.40270319941230215,Related,SR1A,0.12423270882489461,Weak,SR1C,0.07144839166655476,Weak,SR1E,0.07027754604453075,Weak,SR1B,0.06962303255137994,Weak
EF-1,SR53,TFIDF_HARD_DICT,SR53,0.4769436435430541,Related,SR5Z,0.11756488793745845,Weak,SR52,0.11279786902585023,Weak,SR5Y,0.11095590168140584,Weak,SR5A,0.10994553839544365,Weak
EF-2.2.7,SM8D,TFIDF_HARD_DICT,SM8D,0.29335428441101213,Weak,ST20,0.0,Weak,SM82,0.0,Weak,SM93,0.0,Weak,SM92,0.0,Weak
EF-2.2.8,SM8D,TFIDF_HARD_DICT,SM8D,0.29335428441101213,Weak,ST20,0.0,Weak,SM82,0.0,Weak,SM93,0.0,Weak,SM92,0.0,Weak
EF-2.2.11,SM8D,TFIDF_HARD_DICT,SM8D,0.29335428441101213,Weak,ST20,0.0,Weak,SM82,0.0,Weak,SM93,0.0,Weak,SM92,0.0,Weak
EF-2.2.12,SM8D,TFIDF_HARD_DICT,SM8D,0.29335428441101213,Weak,ST20,0.0,Weak,SM82,0.0,Weak,SM93,0.0,Weak,SM92,0.0,Weak
EF-2.2.13,SM8D,TFIDF_HARD_DICT,SM8D,0.29335428441101213,Weak,ST20,0.0,Weak,SM82,0.0,Weak,SM93,0.0,Weak,SM92,0.0,Weak
EF-2.3.1,SM8D,TFIDF_HARD_DICT,SM8D,0.29335428441101213,Weak,ST20,0.0,Weak,SM82,0.0,Weak,SM93,0.0,Weak,SM92,0.0,Weak
EF-2.3.2,SM8D,TFIDF_HARD_DICT,SM8D,0.32509182332566433,Weak,ST20,0.0,Weak,SM82,0.0,Weak,SM93,0.0,Weak,SM92,0.0,Weak
EF-2.3.3,SM8D,TFIDF_HARD_DICT,SM8D,0.29335428441101213,Weak,ST20,0.0,Weak,SM82,0.0,Weak,SM93,0.0,Weak,SM92,0.0,Weak
EF-2.3.4,SM8A,TFIDF_HARD_DICT,SM8A,0.42291029549644676,Related,SR5B,0.1684952137120938,Weak,SR15,0.1331475925848009,Weak,SR44,0.09740234311335977,Weak,SR43,0.08859124757521261,Weak
EF-2.3.6,SM8D,TFIDF_HARD_DICT,SM8D,0.29335428441101213,Weak,ST20,0.0,Weak,SM82,0.0,Weak,SM93,0.0,Weak,SM92,0.0,Weak
EF-3,SP64,TFIDF_HARD_DICT,SP64,0.6016324976494891,Equivalent,SR11,0.07541700979204932,Weak,SR16,0.07465407571854217,Weak,SR1B,0.07436726638500596,Weak,SR53,0.053406891576269204,Weak
EH-2,SP0Y,TFIDF_HARD_DICT,SP0Y,0.3790081567276109,Weak,ST20,0.0,Weak,SM93,0.0,Weak,SM91,0.0,Weak,SM90,0.0,Weak
EI-1,SR56,TFIDF_HARD_DICT,SR56,0.4799720064718788,Related,SN4F,0.091737883634578,Weak,SR51,0.08995774627168222,Weak,SR54,0.08000507439440147,Weak,SR5A,0.07450922252415897,Weak
EI-2,SN02,TFIDF_HARD_DICT,SN02,0.5693883393248034,Related,SP98,0.07539513373924409,Weak,SN0Y,0.06371386731600888,Weak,SN0Z,0.05946077071345154,Weak,SN3Y,0.05877795028050666,Weak
EI-6.8,SM3G,TFIDF_HARD_DICT,SM3G,0.37219865174140776,Weak,SM3Z,0.13310719171436866,Weak,SN0Y,0.11620363745668741,Weak,SN3Y,0.08813134436211964,Weak,SN01,0.06208120625766464,Weak
EI-6.9,SN0Y,TFIDF_HARD_DICT,SN0Y,0.46809730010273676,Related,SN3Y,0.07711548872521473,Weak,SN01,0.05935086340727851,Weak,SM3G,0.035134234613148956,Weak,ST20,0.0,Weak
EJ-1,SR5B,TFIDF_HARD_DICT,SR5B,0.4604167918063885,Related,SR5Z,0.12352685423368545,Weak,SR5Y,0.11658271218407844,Weak,SR5A,0.10668677429504142,Weak,SR51,0.10266433075031406,Weak
EJ-2,SM8C,TFIDF_HARD_DICT,SM8C,0.4387688408969954,Related,SR5B,0.15138251435743386,Weak,SM87,0.13340835036390578,Weak,SS25,0.09344093717929634,Weak,SM86,0.0897390547983791,Weak
EJ-3.4,SM8E,TFIDF_HARD_DICT,SM8E,0.43531546477496974,Related,SR1G,0.1005124904548611,Weak,SR1H,0.09514308488290651,Weak,SR1F,0.0914305313624888,Weak,SM81,0.08717142015014687,Weak
EJ-3.9,SM88,TFIDF_HARD_DICT,SM88,0.527043458676028,Related,SM86,0.18321801266462373,Weak,SM82,0.15258851994495484,Weak,SM81,0.08011146473568449,Weak,SP9Z,0.05201052856418062,Weak
EJ-3.12,SM52,TFIDF_HARD_DICT,SM52,0.39261645882779606,Weak,SM37,0.017099108964347992,Weak,ST20,0.0,Weak,SM8D,0.0,Weak,SM93,0.0,Weak
EK-4.2,SM32,TFIDF_HARD_DICT,SM32,0.5141021877609906,Related,SM3J,0.09681559834630385,Weak,SM1M,0.05686568978151612,Weak,SM8C,0.03298174450833484,Weak,SN3Y,0.02818553672506011,Weak
EK-4.4,SM32,TFIDF_HARD_DICT,SM32,0.5144196314048838,Related,SM1L,0.06614233907766198,Weak,SM8C,0.03118061162295321,Weak,SN3Y,0.02664632472022488,Weak,SQ04,0.021981880307834458,Weak
EK-4.5,SM32,TFIDF_HARD_DICT,SM32,0.5119129733807319,Related,ST20,0.0,Weak,SM8C,0.0,Weak,SM93,0.0,Weak,SM92,0.0,Weak
EK-4.6,SM42,TFIDF_HARD_DICT,SM42,0.3854943971880614,Weak,SM4Z,0.09431348591943808,Weak,SM1G,0.09196958719571695,Weak,SM40,0.08655182174762945,Weak,SM4Y,0.08461924822170895,Weak
EL-2.5,SM9Y,TFIDF_HARD_DICT,SM9Y,0.2958204296401247,Weak,ST20,0.0,Weak,SM82,0.0,Weak,SM93,0.0,Weak,SM92,0.0,Weak
EL-2.6,SM9Y,TFIDF_HARD_DICT,SM9Y,0.2958204296401247,Weak,ST20,0.0,Weak,SM82,0.0,Weak,SM93,0.0,Weak,SM92,0.0,Weak
EL-2.9,SM90,TFIDF_HARD_DICT,SM90,0.19815779459012722,Weak,SR20,0.047139929097257116,Weak,SR40,0.044849695707998564,Weak,ST20,0.04084436402179986,Weak,SM99,0.03683025269271299,Weak
EL-2.10,SM96,TFIDF_HARD_DICT,SM96,0.33214351409481324,Weak,SR1A,0.11265230393074425,Weak,SS55,0.08194052767822683,Weak,SR1C,0.06607681820501464,Weak,SR1E,0.06579813369984294,Weak
EL-2.12,SN12,TFIDF_HARD_DICT,SN12,0.4044004356016716,Related,SP9Z,0.05391142302378296,Weak,SM9Y,0.046987025473409993,Weak,SR20,0.031846977303499974,Weak,SR14,0.024173491702341,Weak
EL-2.15,SM91,TFIDF_HARD_DICT,SM91,0.4206316057209087,Related,SR4J,0.1654948452206974,Weak,SR4K,0.13730679895590908,Weak,SR64,0.07068899305300178,Weak,SR62,0.057856773195562934,Weak
EL-2.20,SM9A,TFIDF_HARD_DICT,SM9A,0.15299873119949456,Weak,SM9Y,0.09494672411422274,Weak,SS56,0.06323741213800887,Weak,SK20,0.04601198699497324,Weak,SP9Z,0.04446367803511261,Weak
EL-2.26,SM9Y,TFIDF_HARD_DICT,SM9Y,0.32936331216133097,Weak,ST20,0.0,Weak,SM82,0.0,Weak,SM93,0.0,Weak,SM92,0.0,Weak
EL-2.28,SM99,TFIDF_HARD_DICT,SM99,0.4729124763729856,Related,SM53,0.09618625335867119,Weak,SM7Y,0.08096358693999456,Weak,SN06,0.07910732488612678,Weak,SM9Y,0.06679905309222314,Weak
EL-9,SN1Y,TFIDF_HARD_DICT,SN1Y,0.37149411107741476,Weak,SM82,0.0,Weak,SM93,0.0,Weak,SM92,0.0,Weak,SM91,0.0,Weak
EM-1,SR5E,TFIDF_HARD_DICT,SR5E,0.5529176341432721,Related,SR5Z,0.1254573890802946,Weak,SR5Y,0.11840472076496394,Weak,SR5A,0.11305565551675063,Weak,SR51,0.10426881642467883,Weak
EM-2,SQ03,TFIDF_HARD_DICT,SQ03,0.3453223606097973,Weak,SR5E,0.12683732413978133,Weak,SQ41,0.08943455310286037,Weak,SR64,0.0646077469329085,Weak,SS15,0.06410433694940279,Weak
EM-2.4,SQ04,TFIDF_HARD_DICT,SQ04,0.3542985006294294,Weak,SQ0Z,0.09320428600540334,Weak,SQ03,0.07572197771359256,Weak,SQ41,0.07104483348457755,Weak,SR1A,0.06555972669959041,Weak
EM-7.5,SP98,TFIDF_HARD_DICT,SP98,0.39327872313913176,Weak,ST20,0.0,Weak,SM8B,0.0,Weak,SM91,0.0,Weak,SM90,0.0,Weak
EM-9,SQ10,TFIDF_HARD_DICT,SQ10,0.5935499369046968,Related,SP57,0.03870784082460326,Weak,SP5Y,0.03747758145447658,Weak,SP97,0.032675523476953384,Weak,SP54,0.03153691404027087,Weak
F-9,SK00,TFIDF_HARD_DICT,SK00,0.2710053342045211,Weak,ST20,0.0,Weak,SM8C,0.0,Weak,SM93,0.0,Weak,SM92,0.0,Weak
FA,SK50,TFIDF_HARD_DICT,SK50,0.49258670692424233,Related,SN4G,0.09063476932370368,Weak,SN4E,0.08127101807314738,Weak,SK00,0.047337036094824904,Weak,SN42,0.04587341634943744,Weak
FA-2,SN73,TFIDF_HARD_DICT,SN73,0.7417681299865007,Equivalent,SN7Z,0.09707659438580744,Weak,SN7Y,0.09437160799604327,Weak,SR17,0.07875460615230181,Weak,SN9Z,0.06637628345856696,Weak
FA-6,SK50,TFIDF_HARD_DICT,SK50,0.35566901367350473,Weak,ST20,0.0,Weak,SM8D,0.0,Weak,SM93,0.0,Weak,SM92,0.0,Weak
FA-7,SP9Y,TFIDF_HARD_DICT,SP9Y,0.27278509493266484,Weak,ST20,0.0,Weak,SM8B,0.0,Weak,SM92,0.0,Weak,SM91,0.0,Weak
GA-1,SM1M,TFIDF_HARD_DICT,SM1M,0.5029613138208078,Related,SM1K,0.08678034732726894,Weak,SM3J,0.08604825010426052,Weak,SR1A,0.04696738460671616,Weak,SR15,0.046934583426941096,Weak
GA-10,SM1Y,TFIDF_HARD_DICT,SM1Y,0.29406236761528365,Weak,ST20,0.0,Weak,SM8C,0.0,Weak,SM92,0.0,Weak,SM91,0.0,Weak
GB-3,SM13,TFIDF_HARD_DICT,SM13,0.40894893630179674,Related,SM1G,0.10068740216883235,Weak,SN44,0.07164949518212314,Weak,SS20,0.06841854148948005,Weak,SM1J,0.05804222181183492,Weak
GB-9,SM1Y,TFIDF_HARD_DICT,SM1Y,0.3263182594114488,Weak,ST20,0.0,Weak,SM8C,0.0,Weak,SM92,0.0,Weak,SM91,0.0,Weak
GB-11,SM1Y,TFIDF_HARD_DICT,SM1Y,0.29406236761528365,Weak,ST20,0.0,Weak,SM8C,0.0,Weak,SM92,0.0,Weak,SM91,0.0,Weak
GD-4,SM1Y,TFIDF_HARD_DICT,SM1Y,0.29406236761528365,Weak,ST20,0.0,Weak,SM8C,0.0,Weak,SM92,0.0,Weak,SM91,0.0,Weak
GE-3,SL06,TFIDF_HARD_DICT,SL06,0.3919013544259373,Weak,SL08,0.09668489173544491,Weak,SL0Z,0.07608455924107005,Weak,SN00,0.06863451866708661,Weak,SP4Y,0.06737822405945229,Weak
GE-4,SM17,TFIDF_HARD_DICT,SM17,0.41271751971199755,Related,SR1A,0.12664862249956205,Weak,SR1C,0.07283782564165645,Weak,SR1E,0.0716442109600512,Weak,SR1B,0.07097696935275627,Weak
GE-6,SM1Y,TFIDF_HARD_DICT,SM1Y,0.3249497384994755,Weak,SP72,0.09296217023554876,Weak,ST20,0.0,Weak,SM8C,0.0,Weak,SM91,0.0,Weak
GE-8,SM1Y,TFIDF_HARD_DICT,SM1Y,0.29406236761528365,Weak,ST20,0.0,Weak,SM8C,0.0,Weak,SM92,0.0,Weak,SM91,0.0,Weak
GE-10,SP9Y,TFIDF_HARD_DICT,SP9Y,0.2894649420786557,Weak,ST20,0.0,Weak,SM8B,0.0,Weak,SM92,0.0,Weak,SM91,0.0,Weak
GE-11,SM1Y,TFIDF_HARD_DICT,SM1Y,0.3263182594114488,Weak,ST20,0.0,Weak,SM8C,0.0,Weak,SM92,0.0,Weak,SM91,0.0,Weak
GF-7,SL01,TFIDF_HARD_DICT,SL01,0.37255884010994833,Weak,SR1C,0.1183315172113103,Weak,SR17,0.08864290465726386,Weak,SL0Y,0.08089461142239951,Weak,SR1A,0.07673131902660446,Weak
GF-9,SL0Y,TFIDF_HARD_DICT,SL0Y,0.37270484453329944,Weak,ST20,0.0,Weak,SM8D,0.0,Weak,SM93,0.0,Weak,SM92,0.0,Weak
GF-10,SL05,TFIDF_HARD_DICT,SL05,0.4480907882302968,Related,ST20,0.0,Weak,SM95,0.0,Weak,SM93,0.0,Weak,SM92,0.0,Weak
GF-11,SL03,TFIDF_HARD_DICT,SL03,0.3942434712004373,Weak,SM95,0.0,Weak,SM93,0.0,Weak,SM92,0.0,Weak,SM91,0.0,Weak
GF-13,SL0Y,TFIDF_HARD_DICT,SL0Y,0.4625310250665149,Related,ST20,0.0,Weak,SM8D,0.0,Weak,SM93,0.0,Weak,SM92,0.0,Weak
GF-16,SL2Y,TFIDF_HARD_DICT,SL2Y,0.36844158197483734,Weak,ST20,0.0,Weak,SM94,0.0,Weak,SM92,0.0,Weak,SM91,0.0,Weak
GF-19,SL0Y,TFIDF_HARD_DICT,SL0Y,0.37270484453329944,Weak,ST20,0.0,Weak,SM8D,0.0,Weak,SM93,0.0,Weak,SM92,0.0,Weak
GG,SM1Y,TFIDF_HARD_DICT,SM1Y,0.3240112198806422,Weak,SP91,0.09221745218174413,Weak,ST20,0.0,Weak,SM8C,0.0,Weak,SM91,0.0,Weak
HA-1,SK68,TFIDF_HARD_DICT,SK68,0.3657267812121933,Weak,SS28,0.11648155173160646,Weak,SM53,0.08608503382071593,Weak,SM7Y,0.07823667933218609,Weak,SN30,0.07219682563764979,Weak
HB-5,SK6U,TFIDF_HARD_DICT,SK6U,0.3358627071152191,Weak,ST20,0.0,Weak,SM83,0.0,Weak,SM93,0.0,Weak,SM92,0.0,Weak
HB-7,SK6P,TFIDF_HARD_DICT,SK6P,0.3991316216642057,Weak,SK6G,0.08125851610691835,Weak,SR44,0.0706891783282169,Weak,SR43,0.06429457750184714,Weak,SN30,0.06325032609525799,Weak
HB-8,SK7Y,TFIDF_HARD_DICT,SK7Y,0.29219928045691956,Weak,ST20,0.0,Weak,SM94,0.0,Weak,SM92,0.0,Weak,SM91,0.0,Weak
HB-17,SK6J,TFIDF_HARD_DICT,SK6J,0.5878607342076749,Related,SP9Z,0.0531040954210946,Weak,SN4D,0.051015845287672085,Weak,SK6K,0.0486682985698713,Weak,SK69,0.042969748835878854,Weak
HD-2,SK6C,TFIDF_HARD_DICT,SK6C,0.40289729400234553,Related,ST20,0.0,Weak,SM93,0.0,Weak,SM92,0.0,Weak,SM91,0.0,Weak
HD-4,SK7Y,TFIDF_HARD_DICT,SK7Y,0.29219928045691956,Weak,ST20,0.0,Weak,SM94,0.0,Weak,SM92,0.0,Weak,SM91,0.0,Weak
HE-4,SK61,TFIDF_HARD_DICT,SK61,0.234320112422764,Weak,SP4Y,0.059246397117458056,Weak,SM0Z,0.055590491631212366,Weak,SS28,0.05136738764428152,Weak,SM9A,0.04992282580373641,Weak
HF-3,SK6W,TFIDF_HARD_DICT,SK6W,0.43920139720144363,Related,SS56,0.10387202948100945,Weak,SK7Z,0.09012313547717804,Weak,SK6R,0.07334239173779376,Weak,SR1A,0.05826535463527727,Weak
HF-5,SK6X,TFIDF_HARD_DICT,SK6X,0.3970293942964527,Weak,SR12,0.08244734983256977,Weak,SR17,0.08094189459756083,Weak,SR1C,0.0805376171041009,Weak,SK6U,0.07731962800859403,Weak
HF-8,SK7Y,TFIDF_HARD_DICT,SK7Y,0.29219928045691956,Weak,ST20,0.0,Weak,SM94,0.0,Weak,SM92,0.0,Weak,SM91,0.0,Weak
HF-9,SK7Y,TFIDF_HARD_DICT,SK7Y,0.323091297794233,Weak,ST20,0.0,Weak,SM94,0.0,Weak,SM92,0.0,Weak,SM91,0.0,Weak
HG-2.4,SK65,TFIDF_HARD_DICT,SK65,0.5508615482987012,Related,ST20,0.0,Weak,SM8C,0.0,Weak,SM92,0.0,Weak,SM91,0.0,Weak
HG-3,SK7Y,TFIDF_HARD_DICT,SK7Y,0.29219928045691956,Weak,ST20,0.0,Weak,SM94,0.0,Weak,SM92,0.0,Weak,SM91,0.0,Weak
HG-4,SK63,TFIDF_HARD_DICT,SK63,0.2879717661467478,Weak,SR65,0.050801877964989584,Weak,SP9Z,0.03993786590562995,Weak,SK65,0.03622726375547779,Weak,SR17,0.0301793709534951,Weak
HG-10,SK7Y,TFIDF_HARD_DICT,SK7Y,0.29219928045691956,Weak,ST20,0.0,Weak,SM94,0.0,Weak,SM92,0.0,Weak,SM91,0.0,Weak
HG-12,SK7Y,TFIDF_HARD_DICT,SK7Y,0.29219928045691956,Weak,ST20,0.0,Weak,SM94,0.0,Weak,SM92,0.0,Weak,SM91,0.0,Weak
I-6,SK95,TFIDF_HARD_DICT,SK95,0.32548159121467907,Weak,SM83,0.0,Weak,SM94,0.0,Weak,SM93,0.0,Weak,SM92,0.0,Weak
I-10,SK95,TFIDF_HARD_DICT,SK95,0.13073795101996877,Weak,SM83,0.0,Weak,SM94,0.0,Weak,SM93,0.0,Weak,SM92,0.0,Weak
I-13,SK9Y,TFIDF_HARD_DICT,SK9Y,0.39484028459579923,Weak,ST20,0.0,Weak,SM8D,0.0,Weak,SM93,0.0,Weak,SM92,0.0,Weak
I-16,SK94,TFIDF_HARD_DICT,SK94,0.43489492907485766,Related,SK97,0.14755770115708702,Weak,SK9Y,0.10700628288904082,Weak,SK9Z,0.0753267216165113,Weak,SN92,0.060679259350527384,Weak
J-1,SK8Y,TFIDF_HARD_DICT,SK8Y,0.09226427447784286,Weak,SM83,0.0,Weak,SM94,0.0,Weak,SM93,0.0,Weak,SM92,0.0,Weak
J-3,SK8Y,TFIDF_HARD_DICT,SK8Y,0.3032688037063681,Weak,SM83,0.0,Weak,SM94,0.0,Weak,SM93,0.0,Weak,SM92,0.0,Weak
J-7,SK86,TFIDF_HARD_DICT,SK86,0.5611557599855787,Related,SK82,0.0721033759688838,Weak,SK80,0.07162877647581757,Weak,SK85,0.07094107800811611,Weak,SK83,0.0649435105878405,Weak
J-11,SK8Y,TFIDF_HARD_DICT,SK8Y,0.3345076491260029,Weak,SK86,0.10601415038333814,Weak,SK82,0.0721033759688838,Weak,SK80,0.07162877647581757,Weak,SK85,0.07094107800811611,Weak
J-16,SK8Y,TFIDF_HARD_DICT,SK8Y,0.3032688037063681,Weak,SM83,0.0,Weak,SM94,0.0,Weak,SM93,0.0,Weak,SM92,0.0,Weak
J-20,SK87,TFIDF_HARD_DICT,SK87,0.32344361067928656,Weak,SK8Y,0.09251915277420929,Weak,SK96,0.08549725125668857,Weak,SR14,0.07196045041009846,Weak,SR11,0.07127111764763092,Weak
K,SN4W,TFIDF_HARD_DICT,SN4W,0.47044014143199486,Related,SP4Z,0.09153427045086014,Weak,SR1A,0.06842668154208056,Weak,SR15,0.06837889357386673,Weak,SR10,0.06190306546430066,Weak
LD,ST20,TFIDF_HARD_DICT,ST20,0.38303824630847083,Weak,SR57,0.2672874179121964,Weak,SS3J,0.14478050745355087,Weak,SS3B,0.13088198871152168,Weak,SR89,0.09736512116391825,Weak
MA,SN1Y,TFIDF_HARD_DICT,SN1Y,0.4604339732064991,Related,SM82,0.0,Weak,SM93,0.0,Weak,SM92,0.0,Weak,SM91,0.0,Weak
MD-1,SM1Y,TFIDF_HARD_DICT,SM1Y,0.07631825941144882,Weak,ST20,0.0,Weak,SM8C,0.0,Weak,SM92,0.0,Weak,SM91,0.0,Weak
MD-2,SM12,TFIDF_HARD_DICT,SM12,0.44044346010902485,Related,SM1Z,0.1861849123293905,Weak,SM1Y,0.10481659222911026,Weak,SR1A,0.09235205966223967,Weak,SM1G,0.0808759472545724,Weak
MD-10,SR05,TFIDF_HARD_DICT,SR05,0.3605351696642357,Weak,SS10,0.24882367177318132,Weak,SM76,0.16036760563692792,Weak,SR59,0.15892328008927487,Weak,SS12,0.11794673727109958,Weak
MD-12,SR00,TFIDF_HARD_DICT,SR00,0.4130588521438746,Related,SR5D,0.15724275721515013,Weak,SN11,0.11299403788979225,Weak,SR4L,0.11164625142118437,Weak,SR4M,0.11055176742899388,Weak
O-2,SN5Y,TFIDF_HARD_DICT,SN5Y,0.27377608587388624,Weak,SM94,0.0,Weak,SM92,0.0,Weak,SM91,0.0,Weak,SM90,0.0,Weak
O-4,SN5Y,TFIDF_HARD_DICT,SN5Y,0.2911813887386917,Weak,SM94,0.0,Weak,SM92,0.0,Weak,SM91,0.0,Weak,SM90,0.0,Weak
O-5,SN0Y,TFIDF_HARD_DICT,SN0Y,0.33143694122334794,Weak,ST20,0.0,Weak,SM94,0.0,Weak,SM92,0.0,Weak,SM91,0.0,Weak
O-7,SN70,TFIDF_HARD_DICT,SN70,0.4684047514943067,Related,SK50,0.086639227544782,Weak,SN7Y,0.07197213540854386,Weak,SN4C,0.06653785852767807,Weak,SN5Y,0.05688784678315164,Weak
O-12,SN4T,TFIDF_HARD_DICT,SN4T,0.423072082305312,Related,SM82,0.0,Weak,SM92,0.0,Weak,SM91,0.0,Weak,SM90,0.0,Weak
O-17,SN5Y,TFIDF_HARD_DICT,SN5Y,0.27377608587388624,Weak,SM94,0.0,Weak,SM92,0.0,Weak,SM91,0.0,Weak,SM90,0.0,Weak
O-21,SN4F,TFIDF_HARD_DICT,SN4F,0.4481725212109182,Related,SN4J,0.052773418331269764,Weak,SN5Y,0.04219187181228504,Weak,SL8Y,0.03125427724307548,Weak,SM0Z,0.030722006650774555,Weak
O-23,SN4E,TFIDF_HARD_DICT,SN4E,0.27388522203751214,Weak,SS56,0.10365008147103494,Weak,SR40,0.09156116798756621,Weak,SN41,0.06000041003795211,Weak,SR1A,0.05583346467340051,Weak
O-34,SN5Y,TFIDF_HARD_DICT,SN5Y,0.27377608587388624,Weak,SM94,0.0,Weak,SM92,0.0,Weak,SM91,0.0,Weak,SM90,0.0,Weak
O-38,SN40,TFIDF_HARD_DICT,SN40,0.388826106419389,Weak,SN5Y,0.1028247157791013,Weak,SP9Y,0.08546130219980055,Weak,SN4R,0.08108203878972822,Weak,SN42,0.07469889902291325,Weak
O-39,SN90,TFIDF_HARD_DICT,SN90,0.360933381699836,Weak,SN7Y,0.1211943257614554,Weak,SN73,0.11098065417032293,Weak,SN7Z,0.10120007055301396,Weak,SN9Z,0.08419765021016293,Weak
O-40,SN5Y,TFIDF_HARD_DICT,SN5Y,0.27377608587388624,Weak,SM94,0.0,Weak,SM92,0.0,Weak,SM91,0.0,Weak,SM90,0.0,Weak
O-42,SN4G,TFIDF_HARD_DICT,SN4G,0.41165125847442036,Related,SN41,0.0967194195038315,Weak,SN4J,0.08782486141486445,Weak,SN5Y,0.0865188163854979,Weak,SP9Z,0.060608307163387436,Weak
O-43,SP9Y,TFIDF_HARD_DICT,SP9Y,0.27278509493266484,Weak,ST20,0.0,Weak,SM8B,0.0,Weak,SM92,0.0,Weak,SM91,0.0,Weak
O-50,SN5Y,TFIDF_HARD_DICT,SN5Y,0.27377608587388624,Weak,SM94,0.0,Weak,SM92,0.0,Weak,SM91,0.0,Weak,SM90,0.0,Weak
PC-9,SQ6Y,TFIDF_HARD_DICT,SQ6Y,0.4725070835202023,Related,ST20,0.0,Weak,SM94,0.0,Weak,SM92,0.0,Weak,SM91,0.0,Weak
Q-7,SQ2Y,TFIDF_HARD_DICT,SQ2Y,0.3006112547423402,Weak,ST20,0.0,Weak,SM8C,0.0,Weak,SM92,0.0,Weak,SM91,0.0,Weak
Q-9,SQ2Y,TFIDF_HARD_DICT,SQ2Y,0.3150504949045355,Weak,ST20,0.0,Weak,SM8C,0.0,Weak,SM92,0.0,Weak,SM91,0.0,Weak
Q-12,SQ2Y,TFIDF_HARD_DICT,SQ2Y,0.2792204215495148,Weak,ST20,0.0,Weak,SM8C,0.0,Weak,SM92,0.0,Weak,SM91,0.0,Weak
R,SQ8Y,TFIDF_HARD_DICT,SQ8Y,0.2971881761804395,Weak,ST20,0.0,Weak,SM82,0.0,Weak,SM92,0.0,Weak,SM91,0.0,Weak
RA-1,SQ24,TFIDF_HARD_DICT,SQ24,0.19591034367475058,Weak,SS26,0.09241938848349221,Weak,SP54,0.06585741881803563,Weak,SR65,0.04915429600115366,Weak,SK00,0.043898252675792906,Weak
RD-1,SS2E,TFIDF_HARD_DICT,SS2E,0.45675300588379925,Related,SM81,0.193184526095433,Weak,SS10,0.15218034948957254,Weak,SR5A,0.1374865441743083,Weak,SM7Y,0.11479017075107939,Weak
RD-3,SS29,TFIDF_HARD_DICT,SS29,0.37093748133864896,Weak,SN5Y,0.12536666544401515,Weak,SL41,0.0782994425691789,Weak,SN41,0.07430849511622,Weak,SP57,0.07272789846550243,Weak
RD-11,SS23,TFIDF_HARD_DICT,SS23,0.34251979915821434,Weak,SP4Y,0.13514825617844545,Weak,SK87,0.12734439578069207,Weak,SP9Y,0.11729855182273449,Weak,SM0Y,0.1128215357958928,Weak
VA-5,SS54,TFIDF_HARD_DICT,SS54,0.6871351903007568,Equivalent,SS52,0.17050402567653608,Weak,SS56,0.14778812121952367,Weak,SS51,0.12321454538917442,Weak,SS53,0.11016779615064477,Weak
VA-6,SS55,TFIDF_HARD_DICT,SS55,0.6877129338812963,Equivalent,SS50,0.17165792218622974,Weak,SS56,0.1485831587358652,Weak,SS52,0.12555784145017856,Weak,SS54,0.11097618517260571,Weak
VE-1.1,SS60,TFIDF_HARD_DICT,SS60,0.11085943239976115,Weak,ST20,0.0,Weak,SM82,0.0,Weak,SM92,0.0,Weak,SM91,0.0,Weak
VE-1.7,SS60,TFIDF_HARD_DICT,SS60,0.14311891181809397,Weak,ST20,0.0,Weak,SM82,0.0,Weak,SM92,0.0,Weak,SM91,0.0,Weak
VE-2.3,SS61,TFIDF_HARD_DICT,SS61,0.1214341485002902,Weak,ST20,0.0,Weak,SM82,0.0,Weak,SM92,0.0,Weak,SM91,0.0,Weak
VE-2.5,SS61,TFIDF_HARD_DICT,SS61,0.12243362336974642,Weak,ST20,0.0,Weak,SM82,0.0,Weak,SM92,0.0,Weak,SM91,0.0,Weak
VE-3.1,SS62,TFIDF_HARD_DICT,SS62,0.17164282214419663,Weak,ST20,0.0,Weak,SM82,0.0,Weak,SM92,0.0,Weak,SM91,0.0,Weak
VE-3.2,SS62,TFIDF_HARD_DICT,SS62,0.17164282214419663,Weak,ST20,0.0,Weak,SM82,0.0,Weak,SM92,0.0,Weak,SM91,0.0,Weak
AAA-2.1,SR10,TFIDF_FULL_DICT_UPPER,SR10,1.424688372173994,Equivalent,SR12,0.07186717984832519,Weak,SR17,0.07055491423460078,Weak,SR1C,0.07020251620858639,Weak,SP4Y,0.054407166889756636,Weak
AAB-2,SQ05,TFIDF_FULL_DICT_UPPER,SQ05,1.4369210697633645,Equivalent,SR14,0.07114620016238792,Weak,SR11,0.07046466737017341,Weak,SR13,0.0687269503343568,Weak,SR1A,0.06416116181620284,Weak
AAB-3,SP9Y,TFIDF_FULL_DICT_UPPER,SP9Y,1.272785094932665,Equivalent,ST20,0.0,Weak,SM8B,0.0,Weak,SM92,0.0,Weak,SM91,0.0,Weak
AAB-7,SM1P,TFIDF_FULL_DICT_UPPER,SM1P,1.3855061653775826,Equivalent,SR4L,0.17267266057280756,Weak,SR65,0.11106068178440366,Weak,SR4M,0.10043123849123199,Weak,SS10,0.08340312909908862,Weak
AAB-40,SP1Y,TFIDF_FULL_DICT_UPPER,SP1Y,1.3183490678246041,Equivalent,ST20,0.0,Weak,SM92,0.0,Weak,SM91,0.0,Weak,SM90,0.0,Weak
AAB-46,SK30,TFIDF_FULL_DICT_UPPER,SK30,1.3480105646244285,Equivalent,ST20,0.0,Weak,SM8D,0.0,Weak,SM93,0.0,Weak,SM92,0.0,Weak
AAB-48,SM1Y,TFIDF_FULL_DICT_UPPER,SM1Y,1.2940623676152836,Equivalent,ST20,0.0,Weak,SM8C,0.0,Weak,SM92,0.0,Weak,SM91,0.0,Weak
AAB-49,SN60,TFIDF_FULL_DICT_UPPER,SN60,1.465434725907739,Equivalent,SR1A,0.07254820338007856,Weak,SR15,0.07249753701486887,Weak,SR10,0.06563165247744164,Weak,SR40,0.058695272123781075,Weak
AAB-50,SN7Y,TFIDF_FULL_DICT_UPPER,SN7Y,1.3568105557020527,Equivalent,ST20,0.0,Weak,SM8B,0.0,Weak,SM91,0.0,Weak,SM90,0.0,Weak
AAB-54,SK5Y,TFIDF_FULL_DICT_UPPER,SK5Y,1.3070436587130458,Equivalent,SM82,0.0,Weak,SM93,0.0,Weak,SM92,0.0,Weak,SM91,0.0,Weak
AAB-64,SP4Y,TFIDF_FULL_DICT_UPPER,SP4Y,1.3124429780529558,Equivalent,ST20,0.0,Weak,SM93,0.0,Weak,SM91,0.0,Weak,SM90,0.0,Weak
AAB-66,SP9Y,TFIDF_FULL_DICT_UPPER,SP9Y,1.2706499625131982,Equivalent,SM37,0.031690915658554114,Weak,ST20,0.0,Weak,SM8C,0.0,Weak,SM92,0.0,Weak
AAB-74,SM1N,TFIDF_FULL_DICT_UPPER,SM1N,1.4018688083453754,Equivalent,SR1A,0.12998276133429099,Weak,SN42,0.12133874497278047,Weak,SS55,0.08999162182954762,Weak,SR40,0.08106581249179022,Weak
AAB-80,SP1Y,TFIDF_FULL_DICT_UPPER,SP1Y,1.3183490678246041,Equivalent,ST20,0.0,Weak,SM92,0.0,Weak,SM91,0.0,Weak,SM90,0.0,Weak
AAB-86,SP9Y,TFIDF_FULL_DICT_UPPER,SP9Y,1.272785094932665,Equivalent,ST20,0.0,Weak,SM8B,0.0,Weak,SM92,0.0,Weak,SM91,0.0,Weak
AAB-87,SP1Y,TFIDF_FULL_DICT_UPPER,SP1Y,1.3683840581221856,Equivalent,ST20,0.0,Weak,SM92,0.0,Weak,SM91,0.0,Weak,SM90,0.0,Weak
AAB-88,SP9Y,TFIDF_FULL_DICT_UPPER,SP9Y,1.272785094932665,Equivalent,ST20,0.0,Weak,SM8B,0.0,Weak,SM92,0.0,Weak,SM91,0.0,Weak
AAB-93,SP4Y,TFIDF_FULL_DICT_UPPER,SP4Y,1.3124429780529558,Equivalent,ST20,0.0,Weak,SM93,0.0,Weak,SM91,0.0,Weak,SM90,0.0,Weak
AAB-97,SN03,TFIDF_FULL_DICT_UPPER,SR4E,1.4106019313806146,Equivalent,SN03,1.3661231198278565,Equivalent,SN0Z,0.21323689099158188,Weak,SS56,0.12461426816974888,Weak,SM9Z,0.10808428793736513,Weak
AAB-100,SP9Y,TFIDF_FULL_DICT_UPPER,SP9Y,1.272785094932665,Equivalent,ST20,0.0,Weak,SM8B,0.0,Weak,SM92,0.0,Weak,SM91,0.0,Weak
AAB-103,SP9Y,TFIDF_FULL_DICT_UPPER,SP9Y,1.272785094932665,Equivalent,ST20,0.0,Weak,SM8B,0.0,Weak,SM92,0.0,Weak,SM91,0.0,Weak
AAB-105,SP9Y,TFIDF_FULL_DICT_UPPER,SP9Y,1.272785094932665,Equivalent,ST20,0.0,Weak,SM8B,0.0,Weak,SM92,0.0,Weak,SM91,0.0,Weak
AAB-108,SP4Y,TFIDF_FULL_DICT_UPPER,SP4Y,1.3124429780529558,Equivalent,ST20,0.0,Weak,SM93,0.0,Weak,SM91,0.0,Weak,SM90,0.0,Weak
AAB-110,SL62,TFIDF_FULL_DICT_UPPER,SL62,1.3263194620647831,Equivalent,SR40,0.11864697139967859,Weak,SL6Y,0.09744586696187066,Weak,SL6Z,0.09387017049280856,Weak,SR12,0.07943119120131836,Weak
AAC-1,SK30,TFIDF_FULL_DICT_UPPER,SK30,1.3480105646244285,Equivalent,ST20,0.0,Weak,SM8D,0.0,Weak,SM93,0.0,Weak,SM92,0.0,Weak
AAC-2,SK30,TFIDF_FULL_DICT_UPPER,SK30,1.3480105646244285,Equivalent,ST20,0.0,Weak,SM8D,0.0,Weak,SM93,0.0,Weak,SM92,0.0,Weak
AAC-5,SP0Y,TFIDF_FULL_DICT_UPPER,SP0Y,1.379008156727611,Equivalent,ST20,0.0,Weak,SM93,0.0,Weak,SM91,0.0,Weak,SM90,0.0,Weak
AAC-6,SP00,TFIDF_FULL_DICT_UPPER,SP00,1.3344699040814612,Equivalent,SR1C,0.13972394600772448,Weak,SS19,0.12799049428007903,Weak,SR12,0.12348770228805869,Weak,SR1K,0.09971461234937545,Weak
AAC-7,SN08,TFIDF_FULL_DICT_UPPER,SN08,1.3713171758194367,Equivalent,SM8Z,0.21205779794717888,Weak,SN3Z,0.11039784293746012,Weak,SM88,0.10303531533063048,Weak,SM8Y,0.08760368851926467,Weak
AAC-8,SP15,TFIDF_FULL_DICT_UPPER,SP15,1.4795813893150278,Equivalent,SP4Y,0.07179135665764007,Weak,SP1Z,0.054420855169207506,Weak,SP4Z,0.05398545351747392,Weak,SP9Z,0.05264321938675387,Weak
AAC-9.2,SK55,TFIDF_FULL_DICT_UPPER,SK55,1.609192695984406,Equivalent,SL08,0.07985007766517832,Weak,ST20,0.0,Weak,SM8E,0.0,Weak,SM93,0.0,Weak
AAC-12,SM31,TFIDF_FULL_DICT_UPPER,SM31,1.3574762244290237,Equivalent,SR12,0.09081101525241217,Weak,SR17,0.07167166069527135,Weak,SR1C,0.07131368489692788,Weak,SM39,0.06242160637526821,Weak
AAC-13,SK30,TFIDF_FULL_DICT_UPPER,SK30,1.4691582850133584,Equivalent,ST20,0.0,Weak,SM8D,0.0,Weak,SM93,0.0,Weak,SM92,0.0,Weak
AAC-16,SK5Y,TFIDF_FULL_DICT_UPPER,SK5Y,1.3070436587130458,Equivalent,SM82,0.0,Weak,SM93,0.0,Weak,SM92,0.0,Weak,SM91,0.0,Weak
AAC-239,SK30,TFIDF_FULL_DICT_UPPER,SK30,1.3480105646244285,Equivalent,ST20,0.0,Weak,SM8D,0.0,Weak,SM93,0.0,Weak,SM92,0.0,Weak
AAC-27,SM83,TFIDF_FULL_DICT_UPPER,SM83,1.410072337436726,Equivalent,SM82,0.0,Weak,SM93,0.0,Weak,SM92,0.0,Weak,SM91,0.0,Weak
AAC-38,SK22,TFIDF_FULL_DICT_UPPER,SK22,1.1891709311989618,Equivalent,ST20,0.0,Weak,SM8D,0.0,Weak,SM93,0.0,Weak,SM92,0.0,Weak
AAC-39,SL7Y,TFIDF_FULL_DICT_UPPER,SL7Y,1.4187973232654143,Equivalent,ST20,0.0,Weak,SM8D,0.0,Weak,SM93,0.0,Weak,SM92,0.0,Weak
AAD-2.7,SR20,TFIDF_FULL_DICT_UPPER,SR20,1.3064423816925976,Equivalent,SM82,0.0,Weak,SM92,0.0,Weak,SM91,0.0,Weak,SM90,0.0,Weak
AAD-2.9,SR20,TFIDF_FULL_DICT_UPPER,SR20,1.2712373963884547,Equivalent,SM82,0.0,Weak,SM92,0.0,Weak,SM91,0.0,Weak,SM90,0.0,Weak
AAD-4,SR20,TFIDF_FULL_DICT_UPPER,SR20,1.2712373963884547,Equivalent,SM82,0.0,Weak,SM92,0.0,Weak,SM91,0.0,Weak,SM90,0.0,Weak
AAD-4.1,SR20,TFIDF_FULL_DICT_UPPER,SR20,1.2712373963884547,Equivalent,SM82,0.0,Weak,SM92,0.0,Weak,SM91,0.0,Weak,SM90,0.0,Weak
AAD-5,SR20,TFIDF_FULL_DICT_UPPER,SR20,1.2712373963884547,Equivalent,SM82,0.0,Weak,SM92,0.0,Weak,SM91,0.0,Weak,SM90,0.0,Weak
ABA-1,SR16,TFIDF_FULL_DICT_UPPER,SR16,1.5408746818766224,Equivalent,SN41,0.1040155911244291,Weak,SR11,0.10284388941934582,Weak,SR1B,0.1014123861660302,Weak,SR40,0.05223422378594693,Weak
ABA-2,SR17,TFIDF_FULL_DICT_UPPER,SR17,1.39585943526837,Equivalent,SN41,0.12513645934775358,Weak,SR40,0.0920829384826497,Weak,SS2A,0.09124742224509655,Weak,SR62,0.07965148834366287,Weak
ABA-2.1,SR15,TFIDF_FULL_DICT_UPPER,SR15,1.4385652616709326,Equivalent,SP9Y,0.07489714197967928,Weak,SR12,0.0582642274332419,Weak,SR17,0.05720034622443106,Weak,SR1C,0.056914649766352965,Weak
ABB-1,SK7Y,TFIDF_FULL_DICT_UPPER,SK7Y,1.2921992804569196,Equivalent,ST20,0.0,Weak,SM94,0.0,Weak,SM92,0.0,Weak,SM91,0.0,Weak
ABB-7,SM3Y,TFIDF_FULL_DICT_UPPER,SM3Y,1.298402683757924,Equivalent,ST20,0.0,Weak,SM93,0.0,Weak,SM92,0.0,Weak,SM91,0.0,Weak
ABB-10,SP9Y,TFIDF_FULL_DICT_UPPER,SP9Y,1.272785094932665,Equivalent,ST20,0.0,Weak,SM8B,0.0,Weak,SM92,0.0,Weak,SM91,0.0,Weak
ABB-25,SP9Y,TFIDF_FULL_DICT_UPPER,SP9Y,1.2894649420786557,Equivalent,ST20,0.0,Weak,SM8B,0.0,Weak,SM92,0.0,Weak,SM91,0.0,Weak
ABB-29,SP2Y,TFIDF_FULL_DICT_UPPER,SP2Y,1.3916618996593926,Equivalent,ST20,0.0,Weak,SM8C,0.0,Weak,SM92,0.0,Weak,SM91,0.0,Weak
ACA-1,SR1B,TFIDF_FULL_DICT_UPPER,SR1B,1.6224171761814754,Equivalent,SR11,0.10888368561798306,Weak,SR16,0.10778219572815512,Weak,SR40,0.08853968182139287,Weak,SR1A,0.08500951552384445,Weak
ACA-2,SR1C,TFIDF_FULL_DICT_UPPER,SR1C,1.409702143113015,Equivalent,SR40,0.15201470422037766,Weak,SN41,0.10652217238552236,Weak,SR1G,0.08971342450778358,Weak,SP9Y,0.08691258927494971,Weak
ACA-4,SR1E,TFIDF_FULL_DICT_UPPER,SR1E,1.4333003258324184,Equivalent,SP9Y,0.09390131707451713,Weak,SR1K,0.08710205184591052,Weak,SR1L,0.08263421134715809,Weak,SR1J,0.0791470258640108,Weak
ACB-15,SQ4Y,TFIDF_FULL_DICT_UPPER,SQ4Y,1.3434502387585874,Equivalent,ST20,0.0,Weak,SM8B,0.0,Weak,SM91,0.0,Weak,SM90,0.0,Weak
ACB-27,SP9Y,TFIDF_FULL_DICT_UPPER,SP9Y,1.272785094932665,Equivalent,ST20,0.0,Weak,SM8B,0.0,Weak,SM92,0.0,Weak,SM91,0.0,Weak
BD-2,SP62,TFIDF_FULL_DICT_UPPER,SP62,1.4231201500978636,Equivalent,SR47,0.43687639020564056,Related,SR60,0.10686012508582324,Weak,SR1G,0.0781837908116857,Weak,SR1H,0.074007190668549,Weak
BE-1,SR4A,TFIDF_FULL_DICT_UPPER,SR4A,1.3580246847129156,Equivalent,SR1S,0.14341922734343895,Weak,SN71,0.13985259972362982,Weak,ST0T,0.1314917450718608,Weak,SN9Z,0.09653120264632478,Weak
BF-2,SR4B,TFIDF_FULL_DICT_UPPER,SR4B,1.4928348707889665,Equivalent,SP9Z,0.15817151302774365,Weak,SR4C,0.10673655953753523,Weak,SR55,0.10647112978072254,Weak,SR80,0.10479639504953066,Weak
BA-3.1,SR4K,TFIDF_FULL_DICT_UPPER,SR4K,1.6284097489987972,Equivalent,SR4J,0.2648413728981751,Weak,SR1K,0.1102685952760897,Weak,SR1L,0.10461244269099784,Weak,SR42,0.10335624064299066,Weak
BH-1,SR4F,TFIDF_FULL_DICT_UPPER,SR4F,1.520372890607146,Equivalent,SR4G,0.09278596643081238,Weak,SR64,0.08974508044047565,Weak,SR4H,0.08018665866271643,Weak,SR4K,0.07633087078528743,Weak
CC-2,SN45,TFIDF_FULL_DICT_UPPER,SN45,1.4085554708157362,Equivalent,SR84,0.4875167424743505,Related,SR8N,0.06577733023748103,Weak,SN4D,0.05468405945209831,Weak,SR82,0.03972523850680931,Weak
CA-1,SR83,TFIDF_FULL_DICT_UPPER,SR83,1.4691070405826117,Equivalent,SM86,0.09259428958565388,Weak,SM81,0.08656117275816111,Weak,SR62,0.08470668477319397,Weak,SM82,0.08381084782010968,Weak
CA-2,SR82,TFIDF_FULL_DICT_UPPER,SR82,1.4520496493407193,Equivalent,SM82,0.09534734002590553,Weak,SM86,0.09176539448653151,Weak,SS25,0.08684450086761583,Weak,SR62,0.07748456298928436,Weak
CB-1,SR81,TFIDF_FULL_DICT_UPPER,SR81,1.4623954333302314,Equivalent,SR10,0.14879033679469872,Weak,SR64,0.13148497487358768,Weak,SR20,0.10157543801415034,Weak,SR62,0.09977220273083194,Weak
CB-2,SR80,TFIDF_FULL_DICT_UPPER,SR80,1.463725033712843,Equivalent,SR11,0.08197321701859092,Weak,SR16,0.08114395899641631,Weak,SR1B,0.08083221654195215,Weak,SN08,0.06508688432583754,Weak
CB-3,SR86,TFIDF_FULL_DICT_UPPER,SR86,1.396563386467455,Equivalent,SR5A,0.13184374318356695,Weak,SR4F,0.11560360855982248,Weak,SR81,0.11325729820321338,Weak,SS19,0.1004781198475794,Weak
D,SS10,TFIDF_FULL_DICT_UPPER,SS10,1.7129398870815957,Equivalent,SR59,0.1807566739072751,Weak,SS19,0.14115178053108784,Weak,SS12,0.13800222485542968,Weak,SS11,0.1367095019634949,Weak
DB-2,SS11,TFIDF_FULL_DICT_UPPER,SS11,1.5047183569358586,Equivalent,SS10,0.15474208517513566,Weak,SR59,0.1433088947038371,Weak,SS19,0.1326849529651244,Weak,SS17,0.1271942782165944,Weak
DB-4,SS14,TFIDF_FULL_DICT_UPPER,SS14,1.5293460476236622,Equivalent,SP9Y,0.12648606923161698,Weak,SS10,0.11956168651918984,Weak,SS15,0.10796764340515773,Weak,SR80,0.09072558061041894,Weak
EA-2.5,SM74,TFIDF_FULL_DICT_UPPER,SM74,1.3938803181019501,Equivalent,ST20,0.0,Weak,SM8C,0.0,Weak,SM92,0.0,Weak,SM91,0.0,Weak
EA-4.5.1,SL40,TFIDF_FULL_DICT_UPPER,SL40,1.081053488736366,Equivalent,SM83,0.0,Weak,SM94,0.0,Weak,SM93,0.0,Weak,SM92,0.0,Weak
EB-1,SR59,TFIDF_FULL_DICT_UPPER,SR59,1.6065010774477297,Equivalent,SR5B,0.07489212323166512,Weak,SM3C,0.0685497992534535,Weak,SM3B,0.05042928594805325,Weak,SS10,0.0499547757753491,Weak
EB-2,SM37,TFIDF_FULL_DICT_UPPER,SM37,1.3768221041716244,Equivalent,SM38,0.0863705049231931,Weak,SS10,0.07173685726048852,Weak,SM0Z,0.0680827031409369,Weak,SR59,0.06643654641135366,Weak
EB-3.9,SM3C,TFIDF_FULL_DICT_UPPER,SM3C,1.3432045102300854,Equivalent,SR86,0.10049010604593976,Weak,SR40,0.07857010334256244,Weak,SM3Y,0.07708802879699479,Weak,SM3L,0.0764354349307933,Weak
EB-6,SM3L,TFIDF_FULL_DICT_UPPER,SM3L,1.3520074705486032,Equivalent,SM3J,0.1312425445790895,Weak,SS19,0.12578788861528667,Weak,SR50,0.1192763146384504,Weak,SS54,0.09390014507988573,Weak
EB-8,SM3K,TFIDF_FULL_DICT_UPPER,SM3K,1.4282966847405096,Equivalent,SS56,0.07661882716728462,Weak,SM7Y,0.07558898992035508,Weak,SS10,0.07341265613617767,Weak,SP4Y,0.07063630972795906,Weak
EB-10,SM33,TFIDF_FULL_DICT_UPPER,SM33,1.3230792833362042,Equivalent,SP9Y,0.08894253532693742,Weak,SM31,0.0585793538239623,Weak,SR64,0.05329272467485686,Weak,SR62,0.053023739040664375,Weak
EB-10.15,SM70,TFIDF_FULL_DICT_UPPER,SM70,1.243242783272938,Equivalent,SR8J,0.05425139362763154,Weak,SR8L,0.052812277787002,Weak,SQ05,0.05004585604288775,Weak,SP4Y,0.046303009777198936,Weak
EC-3,SP51,TFIDF_FULL_DICT_UPPER,SP51,1.4386921086415705,Equivalent,SR40,0.15057497662536076,Weak,SR50,0.13041912902832847,Weak,SP9Z,0.092023969749849,Weak,SS56,0.08224392229723347,Weak
EC-3.2,SP54,TFIDF_FULL_DICT_UPPER,SP54,1.5020141467421173,Equivalent,SR50,0.12552516551354767,Weak,SN41,0.09968876697968415,Weak,SR40,0.08198923534587983,Weak,SS10,0.07987543175526465,Weak
EC-3.7,SP5Y,TFIDF_FULL_DICT_UPPER,SP5Y,1.2891581352300034,Equivalent,SM82,0.0,Weak,SM93,0.0,Weak,SM92,0.0,Weak,SM91,0.0,Weak
EC-3.8,SP5Y,TFIDF_FULL_DICT_UPPER,SP5Y,1.2891581352300034,Equivalent,SM82,0.0,Weak,SM93,0.0,Weak,SM92,0.0,Weak,SM91,0.0,Weak
ED-2.2,SP99,TFIDF_FULL_DICT_UPPER,SP99,1.3236415601112226,Equivalent,SR40,0.10584353967745838,Weak,SN45,0.08902672999001797,Weak,SN5Y,0.08688583589836262,Weak,SP9Z,0.08365367490333414,Weak
ED-3.1,SM41,TFIDF_FULL_DICT_UPPER,SM41,1.3178403864421533,Equivalent,ST20,0.0,Weak,SM8D,0.0,Weak,SM93,0.0,Weak,SM92,0.0,Weak
ED-3.3,SM41,TFIDF_FULL_DICT_UPPER,SM41,1.3178403864421533,Equivalent,ST20,0.0,Weak,SM8D,0.0,Weak,SM93,0.0,Weak,SM92,0.0,Weak
ED-3.5,SM41,TFIDF_FULL_DICT_UPPER,SM41,1.274656612630341,Equivalent,ST20,0.0,Weak,SM8D,0.0,Weak,SM93,0.0,Weak,SM92,0.0,Weak
ED-4.2.3,SN49,TFIDF_FULL_DICT_UPPER,SN49,1.4884733053287875,Equivalent,SN4U,0.06620186373720485,Weak,SN5Y,0.023555760619895956,Weak,SM8C,0.0,Weak,SM92,0.0,Weak
ED-4.2.6,SN49,TFIDF_FULL_DICT_UPPER,SN49,1.3226827940035322,Equivalent,SM82,0.0,Weak,SM93,0.0,Weak,SM92,0.0,Weak,SM91,0.0,Weak
ED-4.2.7,SN4A,TFIDF_FULL_DICT_UPPER,SN4A,1.3689881139977083,Equivalent,SN42,0.1858947489780725,Weak,SN4R,0.13920602358762268,Weak,SN5Y,0.11491237672553882,Weak,SN4C,0.10715910194356323,Weak
ED-4.3.2,SN5Y,TFIDF_FULL_DICT_UPPER,SN5Y,1.2737760858738862,Equivalent,SM94,0.0,Weak,SM92,0.0,Weak,SM91,0.0,Weak,SM90,0.0,Weak
ED-4.3.7,SN5Y,TFIDF_FULL_DICT_UPPER,SN5Y,1.2989974654353658,Equivalent,SN49,0.09172824317322965,Weak,SN4U,0.05622036326166313,Weak,SM84,0.0,Weak,SM85,0.0,Weak
ED-4.4,SN49,TFIDF_FULL_DICT_UPPER,SN49,1.3005472208073854,Equivalent,SR40,0.1157116509315841,Weak,SS56,0.11271487963479981,Weak,SN5Y,0.08296785103389033,Weak,SR64,0.08271242867430853,Weak
ED-8,SP11,TFIDF_FULL_DICT_UPPER,SP11,1.3488130428401224,Equivalent,SP10,0.33641211866794735,Weak,SP14,0.21703621908529744,Weak,ST20,0.0,Weak,SM93,0.0,Weak
ED-9.7.9,SM40,TFIDF_FULL_DICT_UPPER,SM40,1.4987991215466097,Equivalent,SR17,0.09299184422708098,Weak,SM4Z,0.06513565057557837,Weak,SP4Y,0.0643439845218142,Weak,SM4Y,0.06319378436034254,Weak
ED-19,SN47,TFIDF_FULL_DICT_UPPER,SN47,1.4029597724521705,Equivalent,SQ50,0.2335034965563594,Weak,SR1A,0.11898031340171328,Weak,SN4U,0.0919081848576261,Weak,SR1C,0.06978854638830942,Weak
EE-1,SR52,TFIDF_FULL_DICT_UPPER,SR52,1.6021104958276007,Equivalent,SL70,0.13323857052811586,Weak,SR53,0.12193839866844472,Weak,SR5Z,0.10755012182171685,Weak,SR50,0.10295266113356064,Weak
EE-2,SP72,TFIDF_FULL_DICT_UPPER,SP72,1.378151703009097,Equivalent,SR13,0.11175094948341104,Weak,SR18,0.11114786551672845,Weak,SR1D,0.1107376778025928,Weak,SS56,0.07280721028503491,Weak
EE-3.4,SM53,TFIDF_FULL_DICT_UPPER,SM53,1.1378030800524783,Equivalent,SK6S,0.10537654087350873,Weak,SN06,0.09911427717925432,Weak,SM99,0.09070214947017056,Weak,SM3J,0.05647885167471161,Weak
EE-3.6,SM53,TFIDF_FULL_DICT_UPPER,SM53,1.3626555877931918,Equivalent,SK6S,0.09479959075088179,Weak,SN06,0.08916588869093243,Weak,SM99,0.08159811072484272,Weak,SM1L,0.06888083841581538,Weak
EE-3.7,SM53,TFIDF_FULL_DICT_UPPER,SM53,1.137690622829075,Equivalent,SK6S,0.10455486920237925,Weak,SN06,0.09834143539599227,Weak,SM99,0.08999490110053911,Weak,SM72,0.05357612325780158,Weak
EE-3.10,SM53,TFIDF_FULL_DICT_UPPER,SM53,1.3591795046327362,Equivalent,SK6S,0.08680203731278599,Weak,SN06,0.08164360980752491,Weak,SM99,0.07471427034324785,Weak,SM7Y,0.02398770825833038,Weak
EE-3.13,SM7Y,TFIDF_FULL_DICT_UPPER,SM7Y,1.3495788013053711,Equivalent,SK6S,0.08680203731278599,Weak,SN06,0.08164360980752491,Weak,SM53,0.0808654355359903,Weak,SM99,0.07471427034324785,Weak
EE-3.16,SK6S,TFIDF_FULL_DICT_UPPER,SK6S,1.5800402252770682,Equivalent,SM53,0.10231534930090244,Weak,SN06,0.08645772940375344,Weak,SM7Y,0.05924463420686949,Weak,SM99,0.058687197065668606,Weak
EE-4.4,SP70,TFIDF_FULL_DICT_UPPER,SP70,1.402703199412302,Equivalent,SR1A,0.12423270882489461,Weak,SR1C,0.07144839166655476,Weak,SR1E,0.07027754604453075,Weak,SR1B,0.06962303255137994,Weak
EF-1,SR53,TFIDF_FULL_DICT_UPPER,SR53,1.476943643543054,Equivalent,SR5Z,0.11756488793745845,Weak,SR52,0.11279786902585023,Weak,SR5Y,0.11095590168140584,Weak,SR5A,0.10994553839544365,Weak
EF-2.2.7,SM8D,TFIDF_FULL_DICT_UPPER,SM8D,1.2933542844110122,Equivalent,ST20,0.0,Weak,SM82,0.0,Weak,SM93,0.0,Weak,SM92,0.0,Weak
EF-2.2.8,SM8D,TFIDF_FULL_DICT_UPPER,SM8D,1.2933542844110122,Equivalent,ST20,0.0,Weak,SM82,0.0,Weak,SM93,0.0,Weak,SM92,0.0,Weak
EF-2.2.11,SM8D,TFIDF_FULL_DICT_UPPER,SM8D,1.2933542844110122,Equivalent,ST20,0.0,Weak,SM82,0.0,Weak,SM93,0.0,Weak,SM92,0.0,Weak
EF-2.2.12,SM8D,TFIDF_FULL_DICT_UPPER,SM8D,1.2933542844110122,Equivalent,ST20,0.0,Weak,SM82,0.0,Weak,SM93,0.0,Weak,SM92,0.0,Weak
EF-2.2.13,SM8D,TFIDF_FULL_DICT_UPPER,SM8D,1.2933542844110122,Equivalent,ST20,0.0,Weak,SM82,0.0,Weak,SM93,0.0,Weak,SM92,0.0,Weak
EF-2.3.1,SM8D,TFIDF_FULL_DICT_UPPER,SM8D,1.2933542844110122,Equivalent,ST20,0.0,Weak,SM82,0.0,Weak,SM93,0.0,Weak,SM92,0.0,Weak
EF-2.3.2,SM8D,TFIDF_FULL_DICT_UPPER,SM8D,1.3250918233256643,Equivalent,ST20,0.0,Weak,SM82,0.0,Weak,SM93,0.0,Weak,SM92,0.0,Weak
EF-2.3.3,SM8D,TFIDF_FULL_DICT_UPPER,SM8D,1.2933542844110122,Equivalent,ST20,0.0,Weak,SM82,0.0,Weak,SM93,0.0,Weak,SM92,0.0,Weak
EF-2.3.4,SM8A,TFIDF_FULL_DICT_UPPER,SM8A,1.4229102954964468,Equivalent,SR5B,0.1684952137120938,Weak,SR15,0.1331475925848009,Weak,SR44,0.09740234311335977,Weak,SR43,0.08859124757521261,Weak
EF-2.3.6,SM8D,TFIDF_FULL_DICT_UPPER,SM8D,1.2933542844110122,Equivalent,ST20,0.0,Weak,SM82,0.0,Weak,SM93,0.0,Weak,SM92,0.0,Weak
EF-3,SP64,TFIDF_FULL_DICT_UPPER,SP64,1.6016324976494891,Equivalent,SR11,0.07541700979204932,Weak,SR16,0.07465407571854217,Weak,SR1B,0.07436726638500596,Weak,SR53,0.053406891576269204,Weak
EH-2,SP0Y,TFIDF_FULL_DICT_UPPER,SP0Y,1.379008156727611,Equivalent,ST20,0.0,Weak,SM93,0.0,Weak,SM91,0.0,Weak,SM90,0.0,Weak
EI-1,SR56,TFIDF_FULL_DICT_UPPER,SR56,1.4799720064718789,Equivalent,SN4F,0.091737883634578,Weak,SR51,0.08995774627168222,Weak,SR54,0.08000507439440147,Weak,SR5A,0.07450922252415897,Weak
EI-2,SN02,TFIDF_FULL_DICT_UPPER,SN02,1.5693883393248034,Equivalent,SP98,0.07539513373924409,Weak,SN0Y,0.06371386731600888,Weak,SN0Z,0.05946077071345154,Weak,SN3Y,0.05877795028050666,Weak
EI-6.8,SM3G,TFIDF_FULL_DICT_UPPER,SM3G,1.3721986517414078,Equivalent,SM3Z,0.13310719171436866,Weak,SN0Y,0.11620363745668741,Weak,SN3Y,0.08813134436211964,Weak,SN01,0.06208120625766464,Weak
EI-6.9,SN0Y,TFIDF_FULL_DICT_UPPER,SN0Y,1.4680973001027366,Equivalent,SN3Y,0.07711548872521473,Weak,SN01,0.05935086340727851,Weak,SM3G,0.035134234613148956,Weak,ST20,0.0,Weak
EJ-1,SR5B,TFIDF_FULL_DICT_UPPER,SR5B,1.4604167918063884,Equivalent,SR5Z,0.12352685423368545,Weak,SR5Y,0.11658271218407844,Weak,SR5A,0.10668677429504142,Weak,SR51,0.10266433075031406,Weak
EJ-2,SM8C,TFIDF_FULL_DICT_UPPER,SM8C,1.4387688408969954,Equivalent,SR5B,0.15138251435743386,Weak,SM87,0.13340835036390578,Weak,SS25,0.09344093717929634,Weak,SM86,0.0897390547983791,Weak
EJ-3.4,SM8E,TFIDF_FULL_DICT_UPPER,SM8E,1.4353154647749697,Equivalent,SR1G,0.1005124904548611,Weak,SR1H,0.09514308488290651,Weak,SR1F,0.0914305313624888,Weak,SM81,0.08717142015014687,Weak
EJ-3.9,SM88,TFIDF_FULL_DICT_UPPER,SM88,1.527043458676028,Equivalent,SM86,0.18321801266462373,Weak,SM82,0.15258851994495484,Weak,SM81,0.08011146473568449,Weak,SP9Z,0.05201052856418062,Weak
EJ-3.12,SM52,TFIDF_FULL_DICT_UPPER,SM52,1.392616458827796,Equivalent,SM37,0.017099108964347992,Weak,ST20,0.0,Weak,SM8D,0.0,Weak,SM93,0.0,Weak
EK-4.2,SM32,TFIDF_FULL_DICT_UPPER,SM32,1.5141021877609906,Equivalent,SM3J,0.09681559834630385,Weak,SM1M,0.05686568978151612,Weak,SM8C,0.03298174450833484,Weak,SN3Y,0.02818553672506011,Weak
EK-4.4,SM32,TFIDF_FULL_DICT_UPPER,SM32,1.5144196314048837,Equivalent,SM1L,0.06614233907766198,Weak,SM8C,0.03118061162295321,Weak,SN3Y,0.02664632472022488,Weak,SQ04,0.021981880307834458,Weak
EK-4.5,SM32,TFIDF_FULL_DICT_UPPER,SM32,1.511912973380732,Equivalent,ST20,0.0,Weak,SM8C,0.0,Weak,SM93,0.0,Weak,SM92,0.0,Weak
EK-4.6,SM42,TFIDF_FULL_DICT_UPPER,SM42,1.3854943971880613,Equivalent,SM4Z,0.09431348591943808,Weak,SM1G,0.09196958719571695,Weak,SM40,0.08655182174762945,Weak,SM4Y,0.08461924822170895,Weak
EL-2.5,SM9Y,TFIDF_FULL_DICT_UPPER,SM9Y,1.2958204296401248,Equivalent,ST20,0.0,Weak,SM82,0.0,Weak,SM93,0.0,Weak,SM92,0.0,Weak
EL-2.6,SM9Y,TFIDF_FULL_DICT_UPPER,SM9Y,1.2958204296401248,Equivalent,ST20,0.0,Weak,SM82,0.0,Weak,SM93,0.0,Weak,SM92,0.0,Weak
EL-2.9,SM90,TFIDF_FULL_DICT_UPPER,SM90,1.1981577945901272,Equivalent,SR20,0.047139929097257116,Weak,SR40,0.044849695707998564,Weak,ST20,0.04084436402179986,Weak,SM99,0.03683025269271299,Weak
EL-2.10,SM96,TFIDF_FULL_DICT_UPPER,SM96,1.3321435140948132,Equivalent,SR1A,0.11265230393074425,Weak,SS55,0.08194052767822683,Weak,SR1C,0.06607681820501464,Weak,SR1E,0.06579813369984294,Weak
EL-2.12,SN12,TFIDF_FULL_DICT_UPPER,SN12,1.4044004356016715,Equivalent,SP9Z,0.05391142302378296,Weak,SM9Y,0.046987025473409993,Weak,SR20,0.031846977303499974,Weak,SR14,0.024173491702341,Weak
EL-2.15,SM91,TFIDF_FULL_DICT_UPPER,SM91,1.4206316057209087,Equivalent,SR4J,0.1654948452206974,Weak,SR4K,0.13730679895590908,Weak,SR64,0.07068899305300178,Weak,SR62,0.057856773195562934,Weak
EL-2.20,SM9A,TFIDF_FULL_DICT_UPPER,SM9A,1.1529987311994945,Equivalent,SM9Y,0.09494672411422274,Weak,SS56,0.06323741213800887,Weak,SK20,0.04601198699497324,Weak,SP9Z,0.04446367803511261,Weak
EL-2.26,SM9Y,TFIDF_FULL_DICT_UPPER,SM9Y,1.3293633121613309,Equivalent,ST20,0.0,Weak,SM82,0.0,Weak,SM93,0.0,Weak,SM92,0.0,Weak
EL-2.28,SM99,TFIDF_FULL_DICT_UPPER,SM99,1.4729124763729855,Equivalent,SM53,0.09618625335867119,Weak,SM7Y,0.08096358693999456,Weak,SN06,0.07910732488612678,Weak,SM9Y,0.06679905309222314,Weak
EL-9,SN1Y,TFIDF_FULL_DICT_UPPER,SN1Y,1.3714941110774148,Equivalent,SM82,0.0,Weak,SM93,0.0,Weak,SM92,0.0,Weak,SM91,0.0,Weak
EM-1,SR5E,TFIDF_FULL_DICT_UPPER,SR5E,1.552917634143272,Equivalent,SR5Z,0.1254573890802946,Weak,SR5Y,0.11840472076496394,Weak,SR5A,0.11305565551675063,Weak,SR51,0.10426881642467883,Weak
EM-2,SQ03,TFIDF_FULL_DICT_UPPER,SQ03,1.3453223606097973,Equivalent,SR5E,0.12683732413978133,Weak,SQ41,0.08943455310286037,Weak,SR64,0.0646077469329085,Weak,SS15,0.06410433694940279,Weak
EM-2.4,SQ04,TFIDF_FULL_DICT_UPPER,SQ04,1.3542985006294295,Equivalent,SQ0Z,0.09320428600540334,Weak,SQ03,0.07572197771359256,Weak,SQ41,0.07104483348457755,Weak,SR1A,0.06555972669959041,Weak
EM-7.5,SP98,TFIDF_FULL_DICT_UPPER,SP98,1.3932787231391317,Equivalent,ST20,0.0,Weak,SM8B,0.0,Weak,SM91,0.0,Weak,SM90,0.0,Weak
EM-9,SQ10,TFIDF_FULL_DICT_UPPER,SQ10,1.5935499369046968,Equivalent,SP57,0.03870784082460326,Weak,SP5Y,0.03747758145447658,Weak,SP97,0.032675523476953384,Weak,SP54,0.03153691404027087,Weak
F-9,SK00,TFIDF_FULL_DICT_UPPER,SK00,1.271005334204521,Equivalent,ST20,0.0,Weak,SM8C,0.0,Weak,SM93,0.0,Weak,SM92,0.0,Weak
FA,SK50,TFIDF_FULL_DICT_UPPER,SK50,1.4925867069242424,Equivalent,SN4G,0.09063476932370368,Weak,SN4E,0.08127101807314738,Weak,SK00,0.047337036094824904,Weak,SN42,0.04587341634943744,Weak
FA-2,SN73,TFIDF_FULL_DICT_UPPER,SN73,1.7417681299865007,Equivalent,SN7Z,0.09707659438580744,Weak,SN7Y,0.09437160799604327,Weak,SR17,0.07875460615230181,Weak,SN9Z,0.06637628345856696,Weak
FA-6,SK50,TFIDF_FULL_DICT_UPPER,SK50,1.3556690136735048,Equivalent,ST20,0.0,Weak,SM8D,0.0,Weak,SM93,0.0,Weak,SM92,0.0,Weak
FA-7,SP9Y,TFIDF_FULL_DICT_UPPER,SP9Y,1.272785094932665,Equivalent,ST20,0.0,Weak,SM8B,0.0,Weak,SM92,0.0,Weak,SM91,0.0,Weak
GA-1,SM1M,TFIDF_FULL_DICT_UPPER,SM1M,1.5029613138208078,Equivalent,SM1K,0.08678034732726894,Weak,SM3J,0.08604825010426052,Weak,SR1A,0.04696738460671616,Weak,SR15,0.046934583426941096,Weak
GA-10,SM1Y,TFIDF_FULL_DICT_UPPER,SM1Y,1.2940623676152836,Equivalent,ST20,0.0,Weak,SM8C,0.0,Weak,SM92,0.0,Weak,SM91,0.0,Weak
GB-3,SM13,TFIDF_FULL_DICT_UPPER,SM13,1.4089489363017966,Equivalent,SM1G,0.10068740216883235,Weak,SN44,0.07164949518212314,Weak,SS20,0.06841854148948005,Weak,SM1J,0.05804222181183492,Weak
GB-9,SM1Y,TFIDF_FULL_DICT_UPPER,SM1Y,1.3263182594114489,Equivalent,ST20,0.0,Weak,SM8C,0.0,Weak,SM92,0.0,Weak,SM91,0.0,Weak
GB-11,SM1Y,TFIDF_FULL_DICT_UPPER,SM1Y,1.2940623676152836,Equivalent,ST20,0.0,Weak,SM8C,0.0,Weak,SM92,0.0,Weak,SM91,0.0,Weak
GD-4,SM1Y,TFIDF_FULL_DICT_UPPER,SM1Y,1.2940623676152836,Equivalent,ST20,0.0,Weak,SM8C,0.0,Weak,SM92,0.0,Weak,SM91,0.0,Weak
GE-3,SL06,TFIDF_FULL_DICT_UPPER,SL06,1.3919013544259373,Equivalent,SL08,0.09668489173544491,Weak,SL0Z,0.07608455924107005,Weak,SN00,0.06863451866708661,Weak,SP4Y,0.06737822405945229,Weak
GE-4,SM17,TFIDF_FULL_DICT_UPPER,SM17,1.4127175197119977,Equivalent,SR1A,0.12664862249956205,Weak,SR1C,0.07283782564165645,Weak,SR1E,0.0716442109600512,Weak,SR1B,0.07097696935275627,Weak
GE-6,SM1Y,TFIDF_FULL_DICT_UPPER,SM1Y,1.3249497384994755,Equivalent,SP72,0.09296217023554876,Weak,ST20,0.0,Weak,SM8C,0.0,Weak,SM91,0.0,Weak
GE-8,SM1Y,TFIDF_FULL_DICT_UPPER,SM1Y,1.2940623676152836,Equivalent,ST20,0.0,Weak,SM8C,0.0,Weak,SM92,0.0,Weak,SM91,0.0,Weak
GE-10,SP9Y,TFIDF_FULL_DICT_UPPER,SP9Y,1.2894649420786557,Equivalent,ST20,0.0,Weak,SM8B,0.0,Weak,SM92,0.0,Weak,SM91,0.0,Weak
GE-11,SM1Y,TFIDF_FULL_DICT_UPPER,SM1Y,1.3263182594114489,Equivalent,ST20,0.0,Weak,SM8C,0.0,Weak,SM92,0.0,Weak,SM91,0.0,Weak
GF-7,SL01,TFIDF_FULL_DICT_UPPER,SL01,1.3725588401099484,Equivalent,SR1C,0.1183315172113103,Weak,SR17,0.08864290465726386,Weak,SL0Y,0.08089461142239951,Weak,SR1A,0.07673131902660446,Weak
GF-9,SL0Y,TFIDF_FULL_DICT_UPPER,SL0Y,1.3727048445332994,Equivalent,ST20,0.0,Weak,SM8D,0.0,Weak,SM93,0.0,Weak,SM92,0.0,Weak
GF-10,SL05,TFIDF_FULL_DICT_UPPER,SL05,1.4480907882302967,Equivalent,ST20,0.0,Weak,SM95,0.0,Weak,SM93,0.0,Weak,SM92,0.0,Weak
GF-11,SL03,TFIDF_FULL_DICT_UPPER,SL03,1.3942434712004372,Equivalent,SM95,0.0,Weak,SM93,0.0,Weak,SM92,0.0,Weak,SM91,0.0,Weak
GF-13,SL0Y,TFIDF_FULL_DICT_UPPER,SL0Y,1.462531025066515,Equivalent,ST20,0.0,Weak,SM8D,0.0,Weak,SM93,0.0,Weak,SM92,0.0,Weak
GF-16,SL2Y,TFIDF_FULL_DICT_UPPER,SL2Y,1.3684415819748375,Equivalent,ST20,0.0,Weak,SM94,0.0,Weak,SM92,0.0,Weak,SM91,0.0,Weak
GF-19,SL0Y,TFIDF_FULL_DICT_UPPER,SL0Y,1.3727048445332994,Equivalent,ST20,0.0,Weak,SM8D,0.0,Weak,SM93,0.0,Weak,SM92,0.0,Weak
GG,SM1Y,TFIDF_FULL_DICT_UPPER,SM1Y,1.3240112198806422,Equivalent,SP91,0.09221745218174413,Weak,ST20,0.0,Weak,SM8C,0.0,Weak,SM91,0.0,Weak
HA-1,SK68,TFIDF_FULL_DICT_UPPER,SK68,1.3657267812121934,Equivalent,SS28,0.11648155173160646,Weak,SM53,0.08608503382071593,Weak,SM7Y,0.07823667933218609,Weak,SN30,0.07219682563764979,Weak
HB-5,SK6U,TFIDF_FULL_DICT_UPPER,SK6U,1.3358627071152192,Equivalent,ST20,0.0,Weak,SM83,0.0,Weak,SM93,0.0,Weak,SM92,0.0,Weak
HB-7,SK6P,TFIDF_FULL_DICT_UPPER,SK6P,1.3991316216642056,Equivalent,SK6G,0.08125851610691835,Weak,SR44,0.0706891783282169,Weak,SR43,0.06429457750184714,Weak,SN30,0.06325032609525799,Weak
HB-8,SK7Y,TFIDF_FULL_DICT_UPPER,SK7Y,1.2921992804569196,Equivalent,ST20,0.0,Weak,SM94,0.0,Weak,SM92,0.0,Weak,SM91,0.0,Weak
HB-17,SK6J,TFIDF_FULL_DICT_UPPER,SK6J,1.587860734207675,Equivalent,SP9Z,0.0531040954210946,Weak,SN4D,0.051015845287672085,Weak,SK6K,0.0486682985698713,Weak,SK69,0.042969748835878854,Weak
HD-2,SK6C,TFIDF_FULL_DICT_UPPER,SK6C,1.4028972940023454,Equivalent,ST20,0.0,Weak,SM93,0.0,Weak,SM92,0.0,Weak,SM91,0.0,Weak
HD-4,SK7Y,TFIDF_FULL_DICT_UPPER,SK7Y,1.2921992804569196,Equivalent,ST20,0.0,Weak,SM94,0.0,Weak,SM92,0.0,Weak,SM91,0.0,Weak
HE-4,SK61,TFIDF_FULL_DICT_UPPER,SK61,1.234320112422764,Equivalent,SP4Y,0.059246397117458056,Weak,SM0Z,0.055590491631212366,Weak,SS28,0.05136738764428152,Weak,SM9A,0.04992282580373641,Weak
HF-3,SK6W,TFIDF_FULL_DICT_UPPER,SK6W,1.4392013972014437,Equivalent,SS56,0.10387202948100945,Weak,SK7Z,0.09012313547717804,Weak,SK6R,0.07334239173779376,Weak,SR1A,0.05826535463527727,Weak
HF-5,SK6X,TFIDF_FULL_DICT_UPPER,SK6X,1.3970293942964527,Equivalent,SR12,0.08244734983256977,Weak,SR17,0.08094189459756083,Weak,SR1C,0.0805376171041009,Weak,SK6U,0.07731962800859403,Weak
HF-8,SK7Y,TFIDF_FULL_DICT_UPPER,SK7Y,1.2921992804569196,Equivalent,ST20,0.0,Weak,SM94,0.0,Weak,SM92,0.0,Weak,SM91,0.0,Weak
HF-9,SK7Y,TFIDF_FULL_DICT_UPPER,SK7Y,1.323091297794233,Equivalent,ST20,0.0,Weak,SM94,0.0,Weak,SM92,0.0,Weak,SM91,0.0,Weak
HG-2.4,SK65,TFIDF_FULL_DICT_UPPER,SK65,1.5508615482987012,Equivalent,ST20,0.0,Weak,SM8C,0.0,Weak,SM92,0.0,Weak,SM91,0.0,Weak
HG-3,SK7Y,TFIDF_FULL_DICT_UPPER,SK7Y,1.2921992804569196,Equivalent,ST20,0.0,Weak,SM94,0.0,Weak,SM92,0.0,Weak,SM91,0.0,Weak
HG-4,SK63,TFIDF_FULL_DICT_UPPER,SK63,1.2879717661467478,Equivalent,SR65,0.050801877964989584,Weak,SP9Z,0.03993786590562995,Weak,SK65,0.03622726375547779,Weak,SR17,0.0301793709534951,Weak
HG-10,SK7Y,TFIDF_FULL_DICT_UPPER,SK7Y,1.2921992804569196,Equivalent,ST20,0.0,Weak,SM94,0.0,Weak,SM92,0.0,Weak,SM91,0.0,Weak
HG-12,SK7Y,TFIDF_FULL_DICT_UPPER,SK7Y,1.2921992804569196,Equivalent,ST20,0.0,Weak,SM94,0.0,Weak,SM92,0.0,Weak,SM91,0.0,Weak
I-6,SK95,TFIDF_FULL_DICT_UPPER,SK95,1.3254815912146791,Equivalent,SM83,0.0,Weak,SM94,0.0,Weak,SM93,0.0,Weak,SM92,0.0,Weak
I-10,SK95,TFIDF_FULL_DICT_UPPER,SK95,1.1307379510199689,Equivalent,SM83,0.0,Weak,SM94,0.0,Weak,SM93,0.0,Weak,SM92,0.0,Weak
I-13,SK9Y,TFIDF_FULL_DICT_UPPER,SK9Y,1.3948402845957992,Equivalent,ST20,0.0,Weak,SM8D,0.0,Weak,SM93,0.0,Weak,SM92,0.0,Weak
I-16,SK94,TFIDF_FULL_DICT_UPPER,SK94,1.4348949290748576,Equivalent,SK97,0.14755770115708702,Weak,SK9Y,0.10700628288904082,Weak,SK9Z,0.0753267216165113,Weak,SN92,0.060679259350527384,Weak
J-1,SK8Y,TFIDF_FULL_DICT_UPPER,SK8Y,1.0922642744778428,Equivalent,SM83,0.0,Weak,SM94,0.0,Weak,SM93,0.0,Weak,SM92,0.0,Weak
J-3,SK8Y,TFIDF_FULL_DICT_UPPER,SK8Y,1.3032688037063682,Equivalent,SM83,0.0,Weak,SM94,0.0,Weak,SM93,0.0,Weak,SM92,0.0,Weak
J-7,SK86,TFIDF_FULL_DICT_UPPER,SK86,1.5611557599855788,Equivalent,SK82,0.0721033759688838,Weak,SK80,0.07162877647581757,Weak,SK85,0.07094107800811611,Weak,SK83,0.0649435105878405,Weak
J-11,SK8Y,TFIDF_FULL_DICT_UPPER,SK8Y,1.3345076491260028,Equivalent,SK86,0.10601415038333814,Weak,SK82,0.0721033759688838,Weak,SK80,0.07162877647581757,Weak,SK85,0.07094107800811611,Weak
J-16,SK8Y,TFIDF_FULL_DICT_UPPER,SK8Y,1.3032688037063682,Equivalent,SM83,0.0,Weak,SM94,0.0,Weak,SM93,0.0,Weak,SM92,0.0,Weak
J-20,SK87,TFIDF_FULL_DICT_UPPER,SK87,1.3234436106792866,Equivalent,SK8Y,0.09251915277420929,Weak,SK96,0.08549725125668857,Weak,SR14,0.07196045041009846,Weak,SR11,0.07127111764763092,Weak
K,SN4W,TFIDF_FULL_DICT_UPPER,SN4W,1.470440141431995,Equivalent,SP4Z,0.09153427045086014,Weak,SR1A,0.06842668154208056,Weak,SR15,0.06837889357386673,Weak,SR10,0.06190306546430066,Weak
LD,ST20,TFIDF_FULL_DICT_UPPER,ST20,1.383038246308471,Equivalent,SR57,0.2672874179121964,Weak,SS3J,0.14478050745355087,Weak,SS3B,0.13088198871152168,Weak,SR89,0.09736512116391825,Weak
MA,SN1Y,TFIDF_FULL_DICT_UPPER,SN1Y,1.460433973206499,Equivalent,SM82,0.0,Weak,SM93,0.0,Weak,SM92,0.0,Weak,SM91,0.0,Weak
MD-1,SM1Y,TFIDF_FULL_DICT_UPPER,SM1Y,1.0763182594114489,Equivalent,ST20,0.0,Weak,SM8C,0.0,Weak,SM92,0.0,Weak,SM91,0.0,Weak
MD-2,SM12,TFIDF_FULL_DICT_UPPER,SM12,1.4404434601090248,Equivalent,SM1Z,0.1861849123293905,Weak,SM1Y,0.10481659222911026,Weak,SR1A,0.09235205966223967,Weak,SM1G,0.0808759472545724,Weak
MD-10,SR05,TFIDF_FULL_DICT_UPPER,SR05,1.3605351696642356,Equivalent,SS10,0.24882367177318132,Weak,SM76,0.16036760563692792,Weak,SR59,0.15892328008927487,Weak,SS12,0.11794673727109958,Weak
MD-12,SR00,TFIDF_FULL_DICT_UPPER,SR00,1.4130588521438745,Equivalent,SR5D,0.15724275721515013,Weak,SN11,0.11299403788979225,Weak,SR4L,0.11164625142118437,Weak,SR4M,0.11055176742899388,Weak
O-2,SN5Y,TFIDF_FULL_DICT_UPPER,SN5Y,1.2737760858738862,Equivalent,SM94,0.0,Weak,SM92,0.0,Weak,SM91,0.0,Weak,SM90,0.0,Weak
O-4,SN5Y,TFIDF_FULL_DICT_UPPER,SN5Y,1.2911813887386918,Equivalent,SM94,0.0,Weak,SM92,0.0,Weak,SM91,0.0,Weak,SM90,0.0,Weak
O-5,SN0Y,TFIDF_FULL_DICT_UPPER,SN0Y,1.331436941223348,Equivalent,ST20,0.0,Weak,SM94,0.0,Weak,SM92,0.0,Weak,SM91,0.0,Weak
O-7,SN70,TFIDF_FULL_DICT_UPPER,SN70,1.4684047514943068,Equivalent,SK50,0.086639227544782,Weak,SN7Y,0.07197213540854386,Weak,SN4C,0.06653785852767807,Weak,SN5Y,0.05688784678315164,Weak
O-12,SN4T,TFIDF_FULL_DICT_UPPER,SN4T,1.423072082305312,Equivalent,SM82,0.0,Weak,SM92,0.0,Weak,SM91,0.0,Weak,SM90,0.0,Weak
O-17,SN5Y,TFIDF_FULL_DICT_UPPER,SN5Y,1.2737760858738862,Equivalent,SM94,0.0,Weak,SM92,0.0,Weak,SM91,0.0,Weak,SM90,0.0,Weak
O-21,SN4F,TFIDF_FULL_DICT_UPPER,SN4F,1.4481725212109182,Equivalent,SN4J,0.052773418331269764,Weak,SN5Y,0.04219187181228504,Weak,SL8Y,0.03125427724307548,Weak,SM0Z,0.030722006650774555,Weak
O-23,SN4E,TFIDF_FULL_DICT_UPPER,SN4E,1.273885222037512,Equivalent,SS56,0.10365008147103494,Weak,SR40,0.09156116798756621,Weak,SN41,0.06000041003795211,Weak,SR1A,0.05583346467340051,Weak
O-34,SN5Y,TFIDF_FULL_DICT_UPPER,SN5Y,1.2737760858738862,Equivalent,SM94,0.0,Weak,SM92,0.0,Weak,SM91,0.0,Weak,SM90,0.0,Weak
O-38,SN40,TFIDF_FULL_DICT_UPPER,SN40,1.388826106419389,Equivalent,SN5Y,0.1028247157791013,Weak,SP9Y,0.08546130219980055,Weak,SN4R,0.08108203878972822,Weak,SN42,0.07469889902291325,Weak
O-39,SN90,TFIDF_FULL_DICT_UPPER,SN90,1.360933381699836,Equivalent,SN7Y,0.1211943257614554,Weak,SN73,0.11098065417032293,Weak,SN7Z,0.10120007055301396,Weak,SN9Z,0.08419765021016293,Weak
O-40,SN5Y,TFIDF_FULL_DICT_UPPER,SN5Y,1.2737760858738862,Equivalent,SM94,0.0,Weak,SM92,0.0,Weak,SM91,0.0,Weak,SM90,0.0,Weak
O-42,SN4G,TFIDF_FULL_DICT_UPPER,SN4G,1.4116512584744203,Equivalent,SN41,0.0967194195038315,Weak,SN4J,0.08782486141486445,Weak,SN5Y,0.0865188163854979,Weak,SP9Z,0.060608307163387436,Weak
O-43,SP9Y,TFIDF_FULL_DICT_UPPER,SP9Y,1.272785094932665,Equivalent,ST20,0.0,Weak,SM8B,0.0,Weak,SM92,0.0,Weak,SM91,0.0,Weak
O-50,SN5Y,TFIDF_FULL_DICT_UPPER,SN5Y,1.2737760858738862,Equivalent,SM94,0.0,Weak,SM92,0.0,Weak,SM91,0.0,Weak,SM90,0.0,Weak
PC-9,SQ6Y,TFIDF_FULL_DICT_UPPER,SQ6Y,1.4725070835202023,Equivalent,ST20,0.0,Weak,SM94,0.0,Weak,SM92,0.0,Weak,SM91,0.0,Weak
Q-7,SQ2Y,TFIDF_FULL_DICT_UPPER,SQ2Y,1.30061125474234,Equivalent,ST20,0.0,Weak,SM8C,0.0,Weak,SM92,0.0,Weak,SM91,0.0,Weak
Q-9,SQ2Y,TFIDF_FULL_DICT_UPPER,SQ2Y,1.3150504949045354,Equivalent,ST20,0.0,Weak,SM8C,0.0,Weak,SM92,0.0,Weak,SM91,0.0,Weak
Q-12,SQ2Y,TFIDF_FULL_DICT_UPPER,SQ2Y,1.2792204215495149,Equivalent,ST20,0.0,Weak,SM8C,0.0,Weak,SM92,0.0,Weak,SM91,0.0,Weak
R,SQ8Y,TFIDF_FULL_DICT_UPPER,SQ8Y,1.2971881761804396,Equivalent,ST20,0.0,Weak,SM82,0.0,Weak,SM92,0.0,Weak,SM91,0.0,Weak
RA-1,SQ24,TFIDF_FULL_DICT_UPPER,SQ24,1.1959103436747505,Equivalent,SS26,0.09241938848349221,Weak,SP54,0.06585741881803563,Weak,SR65,0.04915429600115366,Weak,SK00,0.043898252675792906,Weak
RD-1,SS2E,TFIDF_FULL_DICT_UPPER,SS2E,1.4567530058837992,Equivalent,SM81,0.193184526095433,Weak,SS10,0.15218034948957254,Weak,SR5A,0.1374865441743083,Weak,SM7Y,0.11479017075107939,Weak
RD-3,SS29,TFIDF_FULL_DICT_UPPER,SS29,1.370937481338649,Equivalent,SN5Y,0.12536666544401515,Weak,SL41,0.0782994425691789,Weak,SN41,0.07430849511622,Weak,SP57,0.07272789846550243,Weak
RD-11,SS23,TFIDF_FULL_DICT_UPPER,SS23,1.3425197991582143,Equivalent,SP4Y,0.13514825617844545,Weak,SK87,0.12734439578069207,Weak,SP9Y,0.11729855182273449,Weak,SM0Y,0.1128215357958928,Weak
VA-5,SS54,TFIDF_FULL_DICT_UPPER,SS54,1.6871351903007568,Equivalent,SS52,0.17050402567653608,Weak,SS56,0.14778812121952367,Weak,SS51,0.12321454538917442,Weak,SS53,0.11016779615064477,Weak
VA-6,SS55,TFIDF_FULL_DICT_UPPER,SS55,1.6877129338812962,Equivalent,SS50,0.17165792218622974,Weak,SS56,0.1485831587358652,Weak,SS52,0.12555784145017856,Weak,SS54,0.11097618517260571,Weak
VE-1.1,SS60,TFIDF_FULL_DICT_UPPER,SS60,1.1108594323997611,Equivalent,ST20,0.0,Weak,SM82,0.0,Weak,SM92,0.0,Weak,SM91,0.0,Weak
VE-1.7,SS60,TFIDF_FULL_DICT_UPPER,SS60,1.143118911818094,Equivalent,ST20,0.0,Weak,SM82,0.0,Weak,SM92,0.0,Weak,SM91,0.0,Weak
VE-2.3,SS61,TFIDF_FULL_DICT_UPPER,SS61,1.12143414850029,Equivalent,ST20,0.0,Weak,SM82,0.0,Weak,SM92,0.0,Weak,SM91,0.0,Weak
VE-2.5,SS61,TFIDF_FULL_DICT_UPPER,SS61,1.1224336233697465,Equivalent,ST20,0.0,Weak,SM82,0.0,Weak,SM92,0.0,Weak,SM91,0.0,Weak
VE-3.1,SS62,TFIDF_FULL_DICT_UPPER,SS62,1.1716428221441966,Equivalent,ST20,0.0,Weak,SM82,0.0,Weak,SM92,0.0,Weak,SM91,0.0,Weak
VE-3.2,SS62,TFIDF_FULL_DICT_UPPER,SS62,1.1716428221441966,Equivalent,ST20,0.0,Weak,SM82,0.0,Weak,SM92,0.0,Weak,SM91,0.0,Weak
AAA-2.1,SR10,BERT_NONE,SR10,0.6509249210357666,Equivalent,SK55,0.3982005715370178,Weak,SM3Y,0.36907798051834106,Weak,SM33,0.36303314566612244,Weak,SM75,0.34850725531578064,Weak
AAB-2,SQ05,BERT_NONE,SQ05,0.7646973133087158,Equivalent,SK53,0.427865207195282,Related,SM35,0.4226742386817932,Related,SS60,0.38905879855155945,Weak,SS61,0.38032370805740356,Weak
AAB-3,SP9Y,BERT_NONE,SN4W,0.4381592571735382,Related,SP9Y,0.43521130084991455,Related,SR1W,0.4089448153972626,Related,SS56,0.38944610953330994,Weak,SK6P,0.37818363308906555,Weak
AAB-7,SM1P,BERT_NONE,SM1P,0.5989386737346649,Related,SM15,0.45107096433639526,Related,SQ80,0.40097105503082275,Related,SM1J,0.39258068799972534,Weak,SM1Y,0.38706767559051514,Weak
AAB-40,SP1Y,BERT_NONE,SN4W,0.44898366928100586,Related,SQ21,0.43513625860214233,Related,SQ60,0.4295479655265808,Related,SN4F,0.4293385148048401,Related,SN07,0.42880573868751526,Related
AAB-46,SK30,BERT_NONE,SK30,0.527920663356781,Related,SM13,0.37667417526245117,Weak,SN4F,0.3413460850715637,Weak,SK53,0.3286036252975464,Weak,SN60,0.3261955976486206,Weak
AAB-48,SM1Y,BERT_NONE,SQ21,0.4713900089263916,Related,SM1Y,0.4288893938064575,Related,SQ03,0.41569608449935913,Related,SQ02,0.39272379875183105,Weak,SR00,0.3763461709022522,Weak
AAB-49,SN60,BERT_NONE,SN60,0.7980645895004272,Equivalent,SN6Y,0.3838960528373718,Weak,SN4G,0.3833184242248535,Weak,SN4F,0.36667972803115845,Weak,SN41,0.36329442262649536,Weak
AAB-50,SN7Y,BERT_NONE,SN7Y,0.5425154566764832,Related,SN4W,0.40257054567337036,Related,SQ02,0.38399988412857056,Weak,SS50,0.37620776891708374,Weak,SP95,0.37498682737350464,Weak
AAB-54,SK5Y,BERT_NONE,SK5Y,0.5625355839729309,Related,SN4W,0.4466800093650818,Related,SN4R,0.42080676555633545,Related,SR00,0.4206724166870117,Related,SM15,0.4189385771751404,Related
AAB-64,SP4Y,BERT_NONE,SR00,0.4539230763912201,Related,SN4W,0.45196211338043213,Related,SQ02,0.39354467391967773,Weak,SS16,0.38674402236938477,Weak,SN46,0.38294535875320435,Weak
AAB-66,SP9Y,BERT_NONE,SP9Y,0.42297008633613586,Related,SQ02,0.3883703947067261,Weak,SN4W,0.3872210383415222,Weak,SK53,0.3642100691795349,Weak,SM1L,0.34703677892684937,Weak
AAB-74,SM1N,BERT_NONE,SM1N,0.5601780414581299,Related,SM1Y,0.4224507808685303,Related,SM15,0.41619667410850525,Related,SL07,0.40460771322250366,Related,SN42,0.3962826728820801,Weak
AAB-80,SP1Y,BERT_NONE,SM51,0.42079538106918335,Related,SP1Y,0.41949784755706787,Related,SS56,0.4161980152130127,Related,SK6E,0.4118100702762604,Related,SR66,0.4074299931526184,Related
AAB-86,SP9Y,BERT_NONE,SR11,0.4840330183506012,Related,SR13,0.47946321964263916,Related,SS50,0.4777325987815857,Related,SR10,0.46779561042785645,Related,SR12,0.4631015956401825,Related
AAB-87,SP1Y,BERT_NONE,SS82,0.5049061179161072,Related,SS55,0.47899124026298523,Related,SR10,0.47430574893951416,Related,SS50,0.4586814045906067,Related,SS53,0.4432777762413025,Related
AAB-88,SP9Y,BERT_NONE,SS82,0.47652143239974976,Related,SR10,0.46948671340942383,Related,SR14,0.45865294337272644,Related,SR13,0.4583081603050232,Related,SR11,0.45723846554756165,Related
AAB-93,SP4Y,BERT_NONE,SK53,0.4664912223815918,Related,SN4W,0.4504236578941345,Related,SM3J,0.4100714325904846,Related,SS50,0.39678001403808594,Weak,SR11,0.3936471939086914,Weak
AAB-97,SN03,BERT_NONE,SR4E,0.9167705178260803,Equivalent,SR4D,0.6366898417472839,Narrower,SN09,0.5911998152732849,Related,SS23,0.5873743295669556,Related,SN03,0.576420396566391,Related
AAB-100,SP9Y,BERT_NONE,SS59,0.4573916792869568,Related,SS30,0.4252263009548187,Related,SP9Y,0.42306146025657654,Related,SS17,0.4186745285987854,Related,SS57,0.417960524559021,Related
AAB-103,SP9Y,BERT_NONE,SQ60,0.45255428552627563,Related,SN4W,0.4146353602409363,Related,SR00,0.40664172172546387,Related,SP9Y,0.391332745552063,Weak,SM51,0.38646697998046875,Weak
AAB-105,SP9Y,BERT_NONE,SR66,0.4383161664009094,Related,SN4W,0.4284327030181885,Related,SP9Y,0.42358164489269257,Related,SS19,0.41276153922080994,Related,SS13,0.41086816787719727,Related
AAB-108,SP4Y,BERT_NONE,SN4W,0.3952300548553467,Weak,SK53,0.38091814517974854,Weak,SQ02,0.3745579421520233,Weak,SP95,0.3729844093322754,Weak,SR00,0.3641490340232849,Weak
AAB-110,SL62,BERT_NONE,SL62,0.6010574996471405,Equivalent,SL60,0.37510937452316284,Weak,SL6Y,0.3734753131866455,Weak,SL61,0.3691357374191284,Weak,SM0Y,0.34778282046318054,Weak
AAC-1,SK30,BERT_NONE,SK30,0.6060592234134674,Equivalent,SQ02,0.4384709596633911,Related,SM51,0.4251851439476013,Related,SQ03,0.42430180311203003,Related,SR00,0.41346287727355957,Related
AAC-2,SK30,BERT_NONE,SK30,0.5441807508468628,Related,SS56,0.4248802065849304,Related,SS55,0.4104558229446411,Related,SM15,0.4053056836128235,Related,SL07,0.401924729347229,Related
AAC-5,SP0Y,BERT_NONE,SP0Y,0.46870091557502747,Related,SN07,0.4069315195083618,Related,SK53,0.4048185348510742,Related,SN4W,0.3963104486465454,Weak,SQ02,0.3954910635948181,Weak
AAC-6,SP00,BERT_NONE,SP00,0.7100805640220642,Equivalent,SK6X,0.4461400508880615,Related,SR4A,0.39254462718963623,Weak,SN60,0.3702343702316284,Weak,SM8C,0.365075021982193,Weak
AAC-7,SN08,BERT_NONE,SN08,0.626472681760788,Equivalent,SK55,0.49721574783325195,Related,SM81,0.4835452437400818,Related,SN3Y,0.47562289237976074,Related,SM8B,0.46047118306159973,Related
AAC-8,SP15,BERT_NONE,SP15,0.8408695459365845,Equivalent,SP20,0.4493589699268341,Related,SP2Y,0.43211719393730164,Related,SP42,0.4228069484233856,Related,SP13,0.40943142771720886,Related
AAC-9.2,SK55,BERT_NONE,SK55,0.650793731212616,Equivalent,SN4W,0.4489095211029053,Related,SQ02,0.4405949115753174,Related,SM13,0.42949068546295166,Related,SN07,0.41136252880096436,Related
AAC-12,SM31,BERT_NONE,SM31,0.7015184760093689,Equivalent,SK55,0.48179739713668823,Related,SM3Y,0.4254339933395386,Related,SM33,0.40890079736709595,Related,SM75,0.4083367586135864,Related
AAC-13,SK30,BERT_NONE,SK30,0.661552906036377,Equivalent,SQ02,0.5124687552452087,Related,SN4W,0.48584702610969543,Related,SK53,0.47550517320632935,Related,SP5B,0.47501182556152344,Related
AAC-16,SK5Y,BERT_NONE,SK5Y,0.42467285692691803,Related,SS19,0.37006300687789917,Weak,SR67,0.368675172328949,Weak,SS18,0.3595707416534424,Weak,SS17,0.35587364435195923,Weak
AAC-239,SK30,BERT_NONE,SK30,0.5156067907810211,Related,SQ21,0.42508143186569214,Related,SM13,0.39331066608428955,Weak,SP95,0.3925362825393677,Weak,SP5B,0.39224621653556824,Weak
AAC-27,SM83,BERT_NONE,SM83,0.47345389425754547,Related,SS53,0.3509160280227661,Weak,SM51,0.33450859785079956,Weak,SS85,0.3326985538005829,Weak,SQ21,0.3290686309337616,Weak
AAC-38,SK22,BERT_NONE,SK53,0.339509516954422,Weak,SN60,0.32538193464279175,Weak,SN4G,0.3206776976585388,Weak,SN4E,0.31821295619010925,Weak,SN4F,0.31514841318130493,Weak
AAC-39,SL7Y,BERT_NONE,SL7Y,0.5332677066326141,Related,SK6T,0.41090983152389526,Related,SL70,0.39598798751831055,Weak,SR00,0.39551249146461487,Weak,SN4W,0.3917859196662903,Weak
AAD-2.7,SR20,BERT_NONE,SR20,0.7597334980964661,Equivalent,SS81,0.490237832069397,Related,SS54,0.4852122664451599,Related,SR18,0.47608286142349243,Related,SR17,0.475160151720047,Related
AAD-2.9,SR20,BERT_NONE,SR20,0.7333657145500183,Equivalent,SR18,0.5087170600891113,Related,SS81,0.4808012843132019,Related,SR15,0.4758921265602112,Related,SR17,0.4717915654182434,Related
AAD-4,SR20,BERT_NONE,SR20,0.6249105334281921,Equivalent,SR11,0.4239470362663269,Related,SN4W,0.4208926856517792,Related,SS82,0.4152309000492096,Related,SS55,0.40923458337783813,Related
AAD-4.1,SR20,BERT_NONE,SR20,0.6401265263557434,Equivalent,SS55,0.4223994016647339,Related,SR11,0.4030442237854004,Related,SS19,0.3985663056373596,Weak,SM51,0.3929266929626465,Weak
AAD-5,SR20,BERT_NONE,SR20,0.5474191308021545,Related,SQ21,0.40448030829429626,Related,SS60,0.3857848048210144,Weak,SN4W,0.36700519919395447,Weak,SQ02,0.36542558670043945,Weak
ABA-1,SR16,BERT_NONE,SR16,0.7682172060012817,Equivalent,SS81,0.48261457681655884,Related,SR17,0.4639897048473358,Related,SR15,0.4578208327293396,Related,SR18,0.455214262008667,Related
ABA-2,SR17,BERT_NONE,SR17,0.7600711584091187,Equivalent,SR19,0.4549942910671234,Related,SR20,0.45035520195961,Related,SR16,0.44460511207580566,Related,SR15,0.4432374835014343,Related
ABA-2.1,SR15,BERT_NONE,SR15,0.622954249382019,Equivalent,SM1Z,0.3691704273223877,Weak,SR17,0.3561769425868988,Weak,SN4P,0.34892934560775757,Weak,SM15,0.3482910096645355,Weak
ABB-1,SK7Y,BERT_NONE,SS52,0.46163320541381836,Related,SS55,0.45553576946258545,Related,SN4W,0.4393763840198517,Related,SM71,0.42526963353157043,Related,SM1L,0.42334744334220886,Related
ABB-7,SM3Y,BERT_NONE,SM71,0.45543721318244934,Related,SN4W,0.4347563683986664,Related,SM3Y,0.43253935873508453,Related,SP5B,0.4152374267578125,Related,SQ02,0.4070075750350952,Related
ABB-10,SP9Y,BERT_NONE,SS61,0.4122313857078552,Related,SQ21,0.385605126619339,Weak,SR00,0.38516515493392944,Weak,SS60,0.3789307773113251,Weak,SQ02,0.3756679892539978,Weak
ABB-25,SP9Y,BERT_NONE,SP9Y,0.519044041633606,Related,SS82,0.5154520869255066,Related,SM13,0.5028353333473206,Related,SM51,0.49241340160369873,Related,SQ02,0.48689478635787964,Related
ABB-29,SP2Y,BERT_NONE,SP2Y,0.5362952947616577,Related,SN60,0.4353165030479431,Related,SL07,0.42378443479537964,Related,SN4W,0.4232873320579529,Related,SN4E,0.41544151306152344,Related
ACA-1,SR1B,BERT_NONE,SR1B,0.7368870377540588,Equivalent,SS80,0.4149813652038574,Related,SR11,0.3939480185508728,Weak,SR1C,0.39109501242637634,Weak,SP95,0.3840665817260742,Weak
ACA-2,SR1C,BERT_NONE,SR1C,0.723339170217514,Equivalent,SR1E,0.4229297637939453,Related,SK64,0.4091610312461853,Related,SK91,0.407037615776062,Related,ST0M,0.3938201069831848,Weak
ACA-4,SR1E,BERT_NONE,SR1E,0.607896476984024,Equivalent,SN49,0.4346511662006378,Related,SR20,0.41003644466400146,Related,ST0K,0.39955252408981323,Weak,SK64,0.3857409954071045,Weak
ACB-15,SQ4Y,BERT_NONE,SQ4Y,0.4723055064678192,Related,SN4W,0.4338238537311554,Related,SM71,0.4188254773616791,Related,SK86,0.4052927494049072,Related,SM9B,0.40285831689834595,Related
ACB-27,SP9Y,BERT_NONE,SP9Y,0.4400101751089096,Related,SK6P,0.43011659383773804,Related,SM10,0.3956916928291321,Weak,SN4W,0.38571447134017944,Weak,SK53,0.3801391124725342,Weak
BD-2,SP62,BERT_NONE,SP62,0.8715360164642334,Equivalent,SR47,0.8095174431800842,Equivalent,SP70,0.5225226879119873,Related,SR48,0.484752357006073,Related,SP64,0.4309566617012024,Related
BE-1,SR4A,BERT_NONE,SR4A,0.7151409387588501,Equivalent,SN71,0.4405009150505066,Related,SN70,0.41681230068206787,Related,SN4C,0.4007260799407959,Related,SK6X,0.39054977893829346,Weak
BF-2,SR4B,BERT_NONE,SR4B,0.6018422245979309,Equivalent,SK6R,0.5202864408493042,Related,SK6G,0.47502148151397705,Related,SK6H,0.4430124759674072,Related,SR04,0.42812347412109375,Related
BA-3.1,SR4K,BERT_NONE,SR4K,0.6335264444351196,Equivalent,SR4J,0.4945669174194336,Related,SN3Y,0.40571844577789307,Related,SM9Z,0.3883407711982727,Weak,SM98,0.3871484398841858,Weak
BH-1,SR4F,BERT_NONE,SR4F,0.5850246250629425,Related,SP92,0.48166924715042114,Related,SS61,0.4519653022289276,Related,SP91,0.4445587992668152,Related,SS3J,0.43222713470458984,Related
CC-2,SN45,BERT_NONE,SN45,0.8163207769393921,Equivalent,SR84,0.6894326508045197,Equivalent,SR8N,0.4937724173069,Related,SR8E,0.4716998040676117,Related,SR8G,0.42365068197250366,Related
CA-1,SR83,BERT_NONE,SR83,0.6479393243789673,Equivalent,SM81,0.493733286857605,Related,SM89,0.47202029824256897,Related,SP63,0.4554852843284607,Related,SM82,0.45130103826522827,Related
CA-2,SR82,BERT_NONE,SR82,0.7527559399604797,Equivalent,SM81,0.5084367394447327,Related,SM89,0.49601101875305176,Related,SM82,0.46481865644454956,Related,SM8B,0.4159173369407654,Related
CB-1,SR81,BERT_NONE,SR81,0.5872766971588135,Related,SM83,0.45972537994384766,Related,SM70,0.4426611065864563,Related,SM3Y,0.43169087171554565,Related,SR80,0.4210939109325409,Related
CB-2,SR80,BERT_NONE,SR80,0.7072044610977173,Equivalent,SR5A,0.4149431586265564,Related,SM75,0.36766916513442993,Weak,SM70,0.3674653172492981,Weak,SM3K,0.36078476905822754,Weak
CB-3,SR86,BERT_NONE,SR86,0.6780188977718353,Equivalent,SM75,0.48261216282844543,Related,SS2A,0.42487916350364685,Related,SQ2Y,0.4102509021759033,Related,SS15,0.4033714532852173,Related
D,SS10,BERT_NONE,SS10,0.8071703910827637,Equivalent,SS13,0.4535810351371765,Related,SS18,0.44417113065719604,Related,SS17,0.4343964755535126,Related,SS11,0.43398523330688477,Related
DB-2,SS11,BERT_NONE,SS11,0.8101757764816284,Equivalent,SS14,0.42511117458343506,Related,SS18,0.4164322018623352,Related,SM74,0.40251386165618896,Related,SS13,0.38612478971481323,Weak
DB-4,SS14,BERT_NONE,SS14,0.7365865707397461,Equivalent,SQ2Y,0.38775932788848877,Weak,SS22,0.37178918719291687,Weak,SQ80,0.36779165267944336,Weak,SS15,0.366728812456131,Weak
EA-2.5,SM74,BERT_NONE,SM74,0.5108612179756165,Related,SS55,0.4519040584564209,Related,SS36,0.4444965720176697,Related,SS30,0.42908748984336853,Related,SS39,0.4288496673107147,Related
EA-4.5.1,SL40,BERT_NONE,SM51,0.4801260232925415,Related,SQ60,0.46324601769447327,Related,SS82,0.4616278409957886,Related,SM71,0.45976021885871887,Related,SN4G,0.4502568542957306,Related
EB-1,SR59,BERT_NONE,SR59,0.7339907288551331,Equivalent,SS15,0.4275989532470703,Related,SQ2Y,0.38520050048828125,Weak,SM7Z,0.3850334882736206,Weak,SM75,0.3809485137462616,Weak
EB-2,SM37,BERT_NONE,SM37,0.6409297585487366,Equivalent,SS2A,0.4629437327384949,Related,SM75,0.43049535155296326,Related,SM7Y,0.4213660955429077,Related,SM32,0.4166886806488037,Related
EB-3.9,SM3C,BERT_NONE,SM3C,0.6645820736885071,Equivalent,SM3Y,0.374861478805542,Weak,SR86,0.33209341764450073,Weak,SM75,0.3168574571609497,Weak,SM3B,0.3137654662132263,Weak
EB-6,SM3L,BERT_NONE,SM3L,0.75248783826828,Equivalent,SM32,0.3693685531616211,Weak,SS29,0.3613261580467224,Weak,SQ2Y,0.3514108657836914,Weak,SM3C,0.3386335074901581,Weak
EB-8,SM3K,BERT_NONE,SM3K,0.7876004576683044,Equivalent,SM31,0.3827126622200012,Weak,SM75,0.35459864139556885,Weak,SM3Y,0.34172970056533813,Weak,SM3Z,0.33650416135787964,Weak
EB-10,SM33,BERT_NONE,SM33,0.681309163570404,Equivalent,SM3Y,0.4311094284057617,Related,SK55,0.3970559239387512,Weak,SN4W,0.3581524193286896,Weak,SM83,0.35585129261016846,Weak
EB-10.15,SM70,BERT_NONE,SM70,0.6444476842880249,Narrower,SM3Y,0.45223569869995117,Related,SM33,0.4514748454093933,Related,SM3D,0.42013847827911377,Related,SM83,0.41564446687698364,Related
EC-3,SP51,BERT_NONE,SP51,0.6725298762321472,Equivalent,SQ2Y,0.42615219950675964,Related,SP5B,0.42505478858947754,Related,SN45,0.4176490604877472,Related,SQ6Y,0.41210120916366577,Related
EC-3.2,SP54,BERT_NONE,SP54,0.7148629128932953,Equivalent,SK55,0.44112730026245117,Related,SM95,0.43593287467956543,Related,SM9B,0.41879570484161377,Related,SP57,0.41697022318840027,Related
EC-3.7,SP5Y,BERT_NONE,SS55,0.5511610507965088,Related,SS52,0.5359711647033691,Related,SR1D,0.5356614589691162,Related,SR1B,0.5297267436981201,Related,SM1L,0.5226629972457886,Related
EC-3.8,SP5Y,BERT_NONE,SP5Y,0.472770631313324,Related,SR66,0.42619815468788147,Related,SN4W,0.4223218560218811,Related,SM1L,0.4126560091972351,Related,SP5B,0.41066649556159973,Related
ED-2.2,SP99,BERT_NONE,SP99,0.6724943518638611,Equivalent,SN49,0.444253146648407,Related,SN5Z,0.4426790475845337,Related,SN42,0.435227632522583,Related,SN4R,0.4276380240917206,Related
ED-3.1,SM41,BERT_NONE,SM41,0.5695741474628448,Related,SQ02,0.5049133896827698,Related,SR00,0.4892346262931824,Related,SN4W,0.4784505367279053,Related,SL21,0.4781513810157776,Related
ED-3.3,SM41,BERT_NONE,SM41,0.47164788842201233,Related,SS58,0.41860687732696533,Related,SR66,0.413349449634552,Related,SS82,0.4012106955051422,Related,SR00,0.38994914293289185,Weak
ED-3.5,SM41,BERT_NONE,SM41,0.3787231594324112,Weak,SM71,0.3632819652557373,Weak,SM51,0.36213216185569763,Weak,SN07,0.34159958362579346,Weak,SM1L,0.33818158507347107,Weak
ED-4.2.3,SN49,BERT_NONE,SN49,0.6742918491363525,Equivalent,SM1L,0.48429813981056213,Related,SN4F,0.4590946435928345,Related,SN4W,0.45508840680122375,Related,SM13,0.454490065574646,Related
ED-4.2.6,SN49,BERT_NONE,SN49,0.5013207197189331,Related,SN4W,0.43969666957855225,Related,SQ02,0.40636271238327026,Related,SR1W,0.399930477142334,Weak,SR1V,0.3971599340438843,Weak
ED-4.2.7,SN4A,BERT_NONE,SN4A,0.5949240922927856,Related,SN4R,0.48806580901145935,Related,SN42,0.48517006635665894,Related,SN5Y,0.4160485863685608,Related,SN4G,0.40984997153282166,Related
ED-4.3.2,SN5Y,BERT_NONE,SR00,0.43450871109962463,Related,SN4W,0.4236164093017578,Related,SS59,0.4218519330024719,Related,SQ02,0.42081576585769653,Related,SQ21,0.412584125995636,Related
ED-4.3.7,SN5Y,BERT_NONE,SR1V,0.44987303018569946,Related,SR1W,0.4317764639854431,Related,SM13,0.4125855565071106,Related,SN4W,0.41173994541168213,Related,SS13,0.4082776606082916,Related
ED-4.4,SN49,BERT_NONE,SN49,0.7178550064563751,Equivalent,SN4R,0.5214601755142212,Related,SR40,0.5003163814544678,Related,SM13,0.4526902735233307,Related,SN42,0.44961535930633545,Related
ED-8,SP11,BERT_NONE,SR10,0.5219522714614868,Related,SP11,0.5094642043113708,Related,SR14,0.5026385188102722,Related,SR11,0.4972705543041229,Related,SR12,0.4880629777908325,Related
ED-9.7.9,SM40,BERT_NONE,SM40,0.5559208989143372,Related,SM42,0.3992807865142822,Weak,SP57,0.38962680101394653,Weak,SM83,0.37781256437301636,Weak,SQ20,0.3720515966415405,Weak
ED-19,SN47,BERT_NONE,SN47,0.6224752962589264,Equivalent,SQ50,0.4581349492073059,Related,SN31,0.376518189907074,Weak,SM51,0.36143553256988525,Weak,SN4U,0.3588258624076843,Weak
EE-1,SR52,BERT_NONE,SR52,0.7776761651039124,Equivalent,SR45,0.4795438051223755,Related,SR46,0.46691060066223145,Related,SR53,0.44841432571411133,Related,SP2Z,0.4448799192905426,Related
EE-2,SP72,BERT_NONE,SP72,0.5034945905208588,Related,SK55,0.3870307505130768,Weak,SK6R,0.3770490288734436,Weak,SK6H,0.37699419260025024,Weak,SK6G,0.3687839210033417,Weak
EE-3.4,SM53,BERT_NONE,SN4W,0.4779970347881317,Related,SS55,0.47181037068367004,Related,SS50,0.45379525423049927,Related,SS58,0.4467276930809021,Related,SS53,0.4407184422016144,Related
EE-3.6,SM53,BERT_NONE,SS52,0.5569149851799011,Related,SS55,0.5430481433868408,Related,SS54,0.4964691996574402,Related,SM1L,0.4956972002983093,Related,SR1D,0.48611825704574585,Related
EE-3.7,SM53,BERT_NONE,SR66,0.46143555641174316,Related,SS58,0.4505871534347534,Related,SN4W,0.42486822605133057,Related,SR1W,0.42421823740005493,Related,SS5E,0.4121212661266327,Related
EE-3.10,SM53,BERT_NONE,SN4W,0.4935416877269745,Related,SR66,0.47871237993240356,Related,SS58,0.4756578803062439,Related,SR1W,0.4508052468299866,Related,SR8E,0.4384819269180298,Related
EE-3.13,SM7Y,BERT_NONE,SQ02,0.48806601762771606,Related,SN4W,0.47291451692581177,Related,SM7Y,0.4523751884698868,Related,SQ23,0.4449784755706787,Related,SS58,0.4336642622947693,Related
EE-3.16,SK6S,BERT_NONE,SK6S,0.7267154157161713,Equivalent,SK6U,0.5182778835296631,Related,SK6H,0.5117207765579224,Related,SK64,0.5001925230026245,Related,SK6J,0.49680647253990173,Related
EE-4.4,SP70,BERT_NONE,SP70,0.7795656323432922,Equivalent,SM1L,0.3795708417892456,Weak,SP62,0.37157782912254333,Weak,ST0A,0.3536126911640167,Weak,SM1K,0.35125723481178284,Weak
EF-1,SR53,BERT_NONE,SR53,0.7265686988830566,Equivalent,ST0A,0.4452172815799713,Related,SN42,0.4343962073326111,Related,ST05,0.43391895294189453,Related,ST0K,0.42373862862586975,Related
EF-2.2.7,SM8D,BERT_NONE,SN4W,0.40167713165283203,Related,SM13,0.387675940990448,Weak,SL07,0.3845025599002838,Weak,SL02,0.3831618130207062,Weak,SM8D,0.38051263988018036,Weak
EF-2.2.8,SM8D,BERT_NONE,SM8D,0.4231175184249878,Related,SR8E,0.3697093725204468,Weak,SR00,0.36927348375320435,Weak,SP95,0.35863161087036133,Weak,SK6P,0.3581949770450592,Weak
EF-2.2.11,SM8D,BERT_NONE,SN4W,0.4119117558002472,Related,SR00,0.4044751524925232,Related,SQ02,0.4003909230232239,Related,SM13,0.39709174633026123,Weak,SN48,0.38510119915008545,Weak
EF-2.2.12,SM8D,BERT_NONE,SM8D,0.4460300952196121,Related,SN4W,0.4402937889099121,Related,SM13,0.42324912548065186,Related,SQ02,0.4062657952308655,Related,SQ60,0.39345109462738037,Weak
EF-2.2.13,SM8D,BERT_NONE,SN4W,0.44677436351776123,Related,SM8D,0.44491730630397797,Related,SM13,0.4124024510383606,Related,SR66,0.3887906074523926,Weak,SN48,0.38483190536499023,Weak
EF-2.3.1,SM8D,BERT_NONE,SS55,0.4555813670158386,Related,SN4W,0.45425522327423096,Related,SR1W,0.45114666223526,Related,SS52,0.4483757019042969,Related,SR1V,0.43944817781448364,Related
EF-2.3.2,SM8D,BERT_NONE,SS52,0.49289506673812866,Related,SS55,0.46277183294296265,Related,SM8D,0.4600238651037216,Related,SN4W,0.45591023564338684,Related,SL02,0.44745567440986633,Related
EF-2.3.3,SM8D,BERT_NONE,SK6J,0.412344753742218,Related,SM8D,0.40699027478694916,Related,SM71,0.3864203691482544,Weak,SN73,0.37734633684158325,Weak,SN4W,0.37695449590682983,Weak
EF-2.3.4,SM8A,BERT_NONE,SM8A,0.5757733583450317,Related,SR8A,0.5484890937805176,Related,SM89,0.46819284558296204,Related,SM8D,0.46807828545570374,Related,SM81,0.450693815946579,Related
EF-2.3.6,SM8D,BERT_NONE,SM8D,0.4811147153377533,Related,SP95,0.4086678922176361,Related,SN73,0.40811556577682495,Related,SR1V,0.4027578830718994,Related,SN4W,0.3836734890937805,Weak
EF-3,SP64,BERT_NONE,SP64,0.8403712511062622,Equivalent,SP62,0.6419726610183716,Narrower,SP70,0.5209493637084961,Related,SR47,0.5135518908500671,Related,SN45,0.5134567022323608,Related
EH-2,SP0Y,BERT_NONE,SN4W,0.5045784115791321,Related,SP0Y,0.49884486198425293,Related,SM51,0.4970645308494568,Related,SR00,0.47023892402648926,Related,SP5B,0.4659369885921478,Related
EI-1,SR56,BERT_NONE,SR56,0.8106411099433899,Equivalent,SR4E,0.5116866230964661,Related,SM94,0.4561600983142853,Related,SR4D,0.4547075629234314,Related,SS23,0.4513513445854187,Related
EI-2,SN02,BERT_NONE,SN02,0.8382756114006042,Equivalent,SN3Y,0.5283627510070801,Related,SN0Y,0.5008717179298401,Related,SR4E,0.4619089365005493,Related,SM96,0.4551791548728943,Related
EI-6.8,SM3G,BERT_NONE,SM3G,0.4649604260921478,Related,SM75,0.3569013476371765,Weak,SM3Z,0.3444727063179016,Weak,SM3Y,0.33532682061195374,Weak,SR40,0.32631242275238037,Weak
EI-6.9,SN0Y,BERT_NONE,SN4W,0.5046327710151672,Related,SM13,0.4787083864212036,Related,SR1W,0.45859384536743164,Related,SR00,0.4503515958786011,Related,SS55,0.45014268159866333,Related
EJ-1,SR5B,BERT_NONE,SR5B,0.6672345995903015,Equivalent,SM89,0.4131583273410797,Related,SN0Z,0.3831652104854584,Weak,SR82,0.3817881941795349,Weak,SN3Z,0.37666618824005127,Weak
EJ-2,SM8C,BERT_NONE,SM8C,0.6021661758422852,Equivalent,SM86,0.39608636498451233,Weak,SM83,0.37107235193252563,Weak,SM01,0.36835309863090515,Weak,SP4Y,0.3481065630912781,Weak
EJ-3.4,SM8E,BERT_NONE,SM8E,0.5851872861385345,Related,SM81,0.5218721032142639,Related,SR83,0.5073016881942749,Related,SR82,0.49730032682418823,Related,SM89,0.4739333391189575,Related
EJ-3.9,SM88,BERT_NONE,SM88,0.7737061381340027,Equivalent,SM86,0.46774399280548096,Related,SM8B,0.4611973464488983,Related,SR8A,0.45776283740997314,Related,SM81,0.4428331255912781,Related
EJ-3.12,SM52,BERT_NONE,SM52,0.4482964873313904,Related,SR10,0.43602454662323,Related,SR40,0.41823136806488037,Related,SR1V,0.411398321390152,Related,SR1W,0.3834972083568573,Weak
EK-4.2,SM32,BERT_NONE,SM32,0.5319586098194122,Related,SS50,0.5078258514404297,Related,SR10,0.4973631203174591,Related,SS55,0.4939158856868744,Related,SM8B,0.49129408597946167,Related
EK-4.4,SM32,BERT_NONE,SS55,0.5834357142448425,Related,SS52,0.5756769776344299,Related,SM1L,0.5556700825691223,Related,SS80,0.5480658411979675,Related,SR1D,0.540376603603363,Related
EK-4.5,SM32,BERT_NONE,SM32,0.6226256489753723,Equivalent,SM8B,0.45747819542884827,Related,SQ02,0.4509570300579071,Related,SM93,0.448664128780365,Related,SM5Y,0.44717937707901,Related
EK-4.6,SM42,BERT_NONE,SM42,0.7251920998096466,Equivalent,SQ20,0.40714308619499207,Related,SM3L,0.399691641330719,Weak,SM32,0.3941202759742737,Weak,SM7Y,0.3835076689720154,Weak
EL-2.5,SM9Y,BERT_NONE,SR1V,0.4068533182144165,Related,SN4W,0.4057077169418335,Related,SS50,0.3998398184776306,Weak,SS53,0.39582446217536926,Weak,SR11,0.39321577548980713,Weak
EL-2.6,SM9Y,BERT_NONE,SP21,0.41269659996032715,Related,SM9Y,0.40642791986465454,Related,SR1V,0.4000343978404999,Related,SM71,0.3942742943763733,Weak,SR1N,0.3800216317176819,Weak
EL-2.9,SM90,BERT_NONE,SM99,0.518502950668335,Related,SM98,0.5170102715492249,Related,SM9Y,0.4939388036727905,Related,SM9A,0.49066901206970215,Related,SM96,0.4902227222919464,Related
EL-2.10,SM96,BERT_NONE,SM96,0.6221325397491455,Equivalent,SK51,0.38743430376052856,Weak,SM35,0.35818755626678467,Weak,SN1Y,0.3537885844707489,Weak,SP4Y,0.34687408804893494,Weak
EL-2.12,SN12,BERT_NONE,SN12,0.6648606061935425,Equivalent,SR4E,0.40775108337402344,Related,SM9A,0.38003629446029663,Weak,SR4D,0.37175875902175903,Weak,SN1Y,0.3671879768371582,Weak
EL-2.15,SM91,BERT_NONE,SM91,0.6689720153808594,Equivalent,SR1A,0.40713924169540405,Related,SM9A,0.3546210825443268,Weak,SR1C,0.3482145667076111,Weak,SK67,0.34800344705581665,Weak
EL-2.20,SM9A,BERT_NONE,SM9A,0.4646300971508026,Related,SN1Y,0.4521833062171936,Related,SM99,0.4510124921798706,Related,SM9Y,0.42461931705474854,Related,SR10,0.4173847436904907,Related
EL-2.26,SM9Y,BERT_NONE,SN4W,0.4344644248485565,Related,SM9Y,0.4172459840774536,Related,SR1V,0.40138405561447144,Related,SS55,0.3919244408607483,Weak,SS16,0.3870071768760681,Weak
EL-2.28,SM99,BERT_NONE,SM99,0.5495983958244324,Related,SM9B,0.333005428314209,Weak,SN44,0.3134685754776001,Weak,SM95,0.31171756982803345,Weak,SR8E,0.3109726309776306,Weak
EL-9,SN1Y,BERT_NONE,SN1Y,0.5778411626815796,Related,SN4W,0.4119999408721924,Related,SN4H,0.4079684019088745,Related,SP5B,0.39384281635284424,Weak,SM1L,0.3762166500091553,Weak
EM-1,SR5E,BERT_NONE,SR5E,0.7869207859039307,Equivalent,SR53,0.41086941957473755,Related,SS62,0.3897349536418915,Weak,SS3C,0.37790757417678833,Weak,SR5Z,0.3778465986251831,Weak
EM-2,SQ03,BERT_NONE,SQ03,0.6631422638893127,Equivalent,SM3J,0.3875819444656372,Weak,SQ2Y,0.370177298784256,Weak,SL07,0.3592398166656494,Weak,SK5Y,0.35164472460746765,Weak
EM-2.4,SQ04,BERT_NONE,SQ04,0.6291035711765289,Equivalent,SP95,0.4402921795845032,Related,SQ4Y,0.44001996517181396,Related,SK64,0.42968398332595825,Related,SK53,0.42635151743888855,Related
EM-7.5,SP98,BERT_NONE,SP98,0.668199896812439,Equivalent,SM1L,0.45732027292251587,Related,SP5B,0.45377516746520996,Related,SM8B,0.4524540901184082,Related,SS85,0.4489749073982239,Related
EM-9,SQ10,BERT_NONE,SQ10,0.7389004826545715,Equivalent,SS61,0.47049883008003235,Related,SS3G,0.40712350606918335,Related,SP58,0.4052807092666626,Related,SS62,0.3943790793418884,Weak
F-9,SK00,BERT_NONE,SS82,0.4270017743110657,Related,SM13,0.41372665762901306,Related,SR00,0.41209790110588074,Related,SM51,0.40981870889663696,Related,SR11,0.4075292944908142,Related
FA,SK50,BERT_NONE,SK50,0.8231571912765503,Equivalent,SN70,0.5587316751480103,Related,SN4G,0.5019577741622925,Related,SK01,0.45493072271347046,Related,SN5Y,0.45387279987335205,Related
FA-2,SN73,BERT_NONE,SN73,0.9094365239143372,Equivalent,SN49,0.44029173254966736,Related,SN71,0.4141841232776642,Related,SR20,0.40495601296424866,Related,SN90,0.3840176463127136,Weak
FA-6,SK50,BERT_NONE,SK50,0.711520254611969,Equivalent,SN4G,0.5304132103919983,Related,SN4E,0.507075309753418,Related,SS80,0.5055158138275146,Related,SS55,0.46661630272865295,Related
FA-7,SP9Y,BERT_NONE,SP9Y,0.5624282658100128,Related,SN4G,0.5294308066368103,Related,SN4E,0.5157327651977539,Related,SS80,0.5097411870956421,Related,SR1D,0.47589367628097534,Related
GA-1,SM1M,BERT_NONE,SM1M,0.8093912601470947,Equivalent,SM1K,0.5547939538955688,Related,SM1L,0.4906095862388611,Related,SR10,0.4596177339553833,Related,SM8B,0.43034112453460693,Related
GA-10,SM1Y,BERT_NONE,SM1Y,0.4792381376028061,Related,SS60,0.4250158667564392,Related,SS55,0.41554468870162964,Related,SP92,0.40938594937324524,Related,SM51,0.40913674235343933,Related
GB-3,SM13,BERT_NONE,SM13,0.5721839666366577,Related,SM1J,0.5037885904312134,Related,SM1Y,0.4100896716117859,Related,SM1H,0.4075453281402588,Related,SM15,0.4012610614299774,Related
GB-9,SM1Y,BERT_NONE,SR85,0.46380794048309326,Related,SR84,0.45138534903526306,Related,SQ02,0.44207608699798584,Related,SM1Y,0.4365599900484085,Related,SS82,0.42182573676109314,Related
GB-11,SM1Y,BERT_NONE,SN4W,0.48548412322998047,Related,SM1Y,0.48207810521125793,Related,SK53,0.4667523503303528,Related,SS57,0.4505760669708252,Related,SR11,0.4468926191329956,Related
GD-4,SM1Y,BERT_NONE,SM1Y,0.41714686155319214,Related,SM71,0.3846866190433502,Weak,SN48,0.3819376230239868,Weak,SP96,0.3800187408924103,Weak,SN4W,0.3695061206817627,Weak
GE-3,SL06,BERT_NONE,SL06,0.8122454881668091,Equivalent,SL04,0.4781189560890198,Related,SL0Y,0.4175616204738617,Related,SL0Z,0.41019493341445923,Related,SL2Y,0.3724600076675415,Weak
GE-4,SM17,BERT_NONE,SM17,0.5749344527721405,Related,SK20,0.4022163152694702,Related,SK55,0.36810728907585144,Weak,SP21,0.36551567912101746,Weak,SM1A,0.35351210832595825,Weak
GE-6,SM1Y,BERT_NONE,SS55,0.4679165780544281,Related,SN07,0.45331043004989624,Related,SS59,0.45284122228622437,Related,SS53,0.4488406181335449,Related,SS50,0.4457032084465027,Related
GE-8,SM1Y,BERT_NONE,SM1Y,0.4721098840236664,Related,SK53,0.45769739151000977,Related,SR11,0.43760472536087036,Related,SS53,0.43242311477661133,Related,SM71,0.4317006468772888,Related
GE-10,SP9Y,BERT_NONE,SR66,0.5059857368469238,Related,SN4E,0.4881173074245453,Related,SS52,0.48339471220970154,Related,SS85,0.4819936454296112,Related,SS54,0.4774319529533386,Related
GE-11,SM1Y,BERT_NONE,SM1Y,0.47856196761131287,Related,SS52,0.4771512746810913,Related,SS55,0.46812570095062256,Related,SS54,0.4454984664916992,Related,SS56,0.4373019337654114,Related
GF-7,SL01,BERT_NONE,SL01,0.5781152844429016,Related,SN49,0.43502140045166016,Related,SK6U,0.3847338855266571,Weak,SR20,0.37036609649658203,Weak,SK50,0.3680337369441986,Weak
GF-9,SL0Y,BERT_NONE,SL0Y,0.43879416584968567,Related,SR1V,0.26509153842926025,Weak,SR1X,0.24082531034946442,Weak,SR4L,0.23205263912677765,Weak,SR66,0.22356557846069336,Weak
GF-10,SL05,BERT_NONE,SL05,0.5216804146766663,Related,SP95,0.27403524518013,Weak,SN4W,0.2731911838054657,Weak,SS13,0.26072120666503906,Weak,SS36,0.25658276677131653,Weak
GF-11,SL03,BERT_NONE,SL03,0.5783756375312805,Related,SR85,0.3970905542373657,Weak,SK6P,0.3960891366004944,Weak,SP95,0.3799992799758911,Weak,SQ02,0.37444382905960083,Weak
GF-13,SL0Y,BERT_NONE,SL0Y,0.5158697366714478,Related,SM15,0.3696660101413727,Weak,SN4E,0.36694103479385376,Weak,SQ60,0.3590599298477173,Weak,SS60,0.3583509027957916,Weak
GF-16,SL2Y,BERT_NONE,SL2Y,0.43856698274612427,Related,SS60,0.39298468828201294,Weak,SR1N,0.354580819606781,Weak,SM9B,0.3529660701751709,Weak,SS82,0.35027122497558594,Weak
GF-19,SL0Y,BERT_NONE,SL0Y,0.5309290885925293,Related,SS60,0.37210339307785034,Weak,SQ02,0.340985506772995,Weak,SP92,0.335632860660553,Weak,SS36,0.3323546051979065,Weak
GG,SM1Y,BERT_NONE,SM1Y,0.5023834109306335,Related,SS60,0.4209081828594208,Related,SS80,0.38443228602409363,Weak,SR67,0.38084590435028076,Weak,SN4E,0.3702615201473236,Weak
HA-1,SK68,BERT_NONE,SK68,0.674641489982605,Equivalent,SK6R,0.5643950700759888,Related,SK6G,0.536041259765625,Related,SK66,0.5086240768432617,Related,SK7Y,0.4867843687534332,Related
HB-5,SK6U,BERT_NONE,SK6U,0.593194842338562,Related,SS58,0.4841728210449219,Related,SP5B,0.4719889461994171,Related,SN4W,0.469113826751709,Related,SM51,0.4673457443714142,Related
HB-7,SK6P,BERT_NONE,SK6P,0.6539993286132812,Equivalent,SK6R,0.4511646628379822,Related,SK6G,0.42680174112319946,Related,SK6K,0.41786277294158936,Related,SK6H,0.4069935083389282,Related
HB-8,SK7Y,BERT_NONE,SK7Y,0.5016194880008698,Related,SM51,0.4888799786567688,Related,SN4E,0.46692824363708496,Related,SS82,0.4436473846435547,Related,SP5B,0.43596023321151733,Related
HB-17,SK6J,BERT_NONE,SK6J,0.8885135650634766,Equivalent,SK7Z,0.45898014307022095,Related,SK6H,0.44427987933158875,Related,SK6U,0.4250304102897644,Related,SK69,0.39757752418518066,Weak
HD-2,SK6C,BERT_NONE,SK6C,0.4429098665714264,Related,SS2B,0.3527265787124634,Weak,SS50,0.3464212119579315,Weak,SN4W,0.3454861044883728,Weak,SM1L,0.32113879919052124,Weak
HD-4,SK7Y,BERT_NONE,SP92,0.49306055903434753,Related,SP5B,0.4833453893661499,Related,SK7Y,0.4775484800338745,Related,SQ21,0.43943285942077637,Related,SS28,0.43711239099502563,Related
HE-4,SK61,BERT_NONE,SK6H,0.5331302881240845,Related,SR04,0.49827641248703003,Related,SK6G,0.4851996898651123,Related,SK69,0.47746098041534424,Related,SK6U,0.4725645184516907,Related
HF-3,SK6W,BERT_NONE,SK6W,0.6734987199306488,Equivalent,SK6R,0.5949748158454895,Related,SK6G,0.5379313230514526,Related,SK66,0.5029573440551758,Related,SK6H,0.4720396399497986,Related
HF-5,SK6X,BERT_NONE,SK6X,0.5516324937343597,Related,SK6H,0.4512694776058197,Related,SK6G,0.4348359704017639,Related,SK6R,0.4330689609050751,Related,SK6U,0.4287700057029724,Related
HF-8,SK7Y,BERT_NONE,SK7Y,0.3879568427801132,Weak,SQ21,0.38620808720588684,Weak,SQ02,0.3777150511741638,Weak,SP21,0.370452880859375,Weak,SS60,0.36412692070007324,Weak
HF-9,SK7Y,BERT_NONE,SQ02,0.4655982553958893,Related,SN4W,0.445220410823822,Related,SR00,0.43303751945495605,Related,SM71,0.43135881423950195,Related,SQ21,0.43039506673812866,Related
HG-2.4,SK65,BERT_NONE,SK65,0.517417311668396,Related,SS55,0.43495872616767883,Related,SN4W,0.42377835512161255,Related,SM1L,0.41947007179260254,Related,SS52,0.41454949975013733,Related
HG-3,SK7Y,BERT_NONE,SK7Y,0.3795373737812042,Weak,SN4W,0.3607461452484131,Weak,SR1W,0.35840532183647156,Weak,SR1V,0.34748074412345886,Weak,SK80,0.341067373752594,Weak
HG-4,SK63,BERT_NONE,SK63,0.5943018198013306,Related,SK64,0.551936149597168,Related,SR15,0.47328120470046997,Related,SN49,0.4673498868942261,Related,SR17,0.46196842193603516,Related
HG-10,SK7Y,BERT_NONE,SK7Y,0.4559888541698456,Related,SQ20,0.4218979775905609,Related,SR00,0.4148881435394287,Related,SQ21,0.40967684984207153,Related,SM71,0.40868717432022095,Related
HG-12,SK7Y,BERT_NONE,SK7Y,0.3899706304073334,Weak,SS60,0.32898661494255066,Weak,SQ02,0.32059165835380554,Weak,SR04,0.29161375761032104,Weak,SS30,0.29121339321136475,Weak
I-6,SK95,BERT_NONE,SK95,0.44052237272262573,Related,SS17,0.3521943688392639,Weak,SR8E,0.33450669050216675,Weak,SK86,0.33236974477767944,Weak,SK6P,0.321042001247406,Weak
I-10,SK95,BERT_NONE,SM1L,0.4718502163887024,Related,SN4R,0.4611489772796631,Related,SM13,0.45468759536743164,Related,SK80,0.45449692010879517,Related,SN4W,0.44541043043136597,Related
I-13,SK9Y,BERT_NONE,SK9Y,0.4748191386461258,Related,SS56,0.38200634717941284,Weak,SS53,0.3643379509449005,Weak,SM13,0.35980498790740967,Weak,SR00,0.3552509546279907,Weak
I-16,SK94,BERT_NONE,SK94,0.6764485836029053,Equivalent,SK93,0.4642012119293213,Related,SK97,0.45909231901168823,Related,SK9Z,0.45190519094467163,Related,SK9Y,0.43753790855407715,Related
J-1,SK8Y,BERT_NONE,SS50,0.49977707862854004,Related,SR11,0.4996374249458313,Related,SM9B,0.4939165711402893,Related,SS82,0.49389398097991943,Related,SN4W,0.4937012195587158,Related
J-3,SK8Y,BERT_NONE,SS52,0.5404958724975586,Related,SS55,0.5171201229095459,Related,SK8Y,0.5125109553337097,Related,SR1B,0.5061242580413818,Related,SR1D,0.48815616965293884,Related
J-7,SK86,BERT_NONE,SK86,0.7409800589084625,Equivalent,SK80,0.5361664295196533,Related,SN4W,0.4675368070602417,Related,SK82,0.4611740708351135,Related,SR1V,0.4590492844581604,Related
J-11,SK8Y,BERT_NONE,SK8Y,0.5660115480422974,Related,SK80,0.5393205285072327,Related,SN4W,0.520647406578064,Related,SK86,0.5162839889526367,Related,SS55,0.5102851986885071,Related
J-16,SK8Y,BERT_NONE,SK8Y,0.4952576607465744,Related,SS55,0.4907299876213074,Related,SS52,0.4886096715927124,Related,SN4W,0.46686822175979614,Related,SK80,0.452119916677475,Related
J-20,SK87,BERT_NONE,SK87,0.7597538828849792,Equivalent,SK83,0.5301362872123718,Related,SK80,0.49613893032073975,Related,SK8Y,0.48797065019607544,Related,SK86,0.4750516414642334,Related
K,SN4W,BERT_NONE,SN4W,0.6331377625465393,Equivalent,SK55,0.4567034840583801,Related,SN49,0.40950819849967957,Related,SR20,0.4085439443588257,Related,SR40,0.40574371814727783,Related
LD,ST20,BERT_NONE,ST20,0.6751143038272858,Equivalent,SQ2Y,0.4797128736972809,Related,SQ00,0.4685079753398895,Related,SQ8Y,0.46822404861450195,Related,SK64,0.46415388584136963,Related
MA,SN1Y,BERT_NONE,SN1Y,0.6221681833267212,Equivalent,SS82,0.4840078353881836,Related,SS53,0.48109889030456543,Related,SS50,0.4631640315055847,Related,SS17,0.4381931722164154,Related
MD-1,SM1Y,BERT_NONE,SR66,0.46425092220306396,Related,SP5B,0.44007790088653564,Related,SM1A,0.43983033299446106,Related,SQ02,0.4385049641132355,Related,SQ03,0.4365466833114624,Related
MD-2,SM12,BERT_NONE,SM12,0.4948253780603409,Related,SM1J,0.46170663833618164,Related,SM1G,0.389525830745697,Weak,SM1Y,0.38207370042800903,Weak,SR20,0.3487260937690735,Weak
MD-10,SR05,BERT_NONE,SR05,0.6177972853183746,Equivalent,SM75,0.39423274993896484,Weak,SS14,0.3551122844219208,Weak,SM74,0.352216899394989,Weak,SQ80,0.3455333709716797,Weak
MD-12,SR00,BERT_NONE,SR00,0.6509203314781189,Equivalent,SP52,0.44372671842575073,Related,SK7Y,0.41360360383987427,Related,SN4G,0.40994322299957275,Related,SK67,0.4045942425727844,Related
O-2,SN5Y,BERT_NONE,SM51,0.46829813718795776,Related,SM71,0.4158692955970764,Related,SM1L,0.4074805974960327,Related,SK6G,0.4036792814731598,Related,SS60,0.40320298075675964,Related
O-4,SN5Y,BERT_NONE,SN5Y,0.535136342048645,Related,SS58,0.5098965167999268,Related,SS84,0.5007234215736389,Related,SS5E,0.494617223739624,Related,SS5D,0.4934840202331543,Related
O-5,SN0Y,BERT_NONE,SM1L,0.4349886178970337,Related,SR85,0.4153599739074707,Related,SM71,0.39550068974494934,Weak,SS55,0.39545387029647827,Weak,SN0Y,0.384739950299263,Weak
O-7,SN70,BERT_NONE,SN70,0.8861035108566284,Equivalent,SK50,0.4819316864013672,Related,SN43,0.479203462600708,Related,SN4C,0.4581828713417053,Related,SN5Y,0.4461413323879242,Related
O-12,SN4T,BERT_NONE,SN4T,0.5404148697853088,Related,SS55,0.4421955943107605,Related,SK53,0.42773014307022095,Related,SS52,0.4262824058532715,Related,SR1D,0.42514845728874207,Related
O-17,SN5Y,BERT_NONE,SS38,0.3672889471054077,Weak,SN4W,0.3601199984550476,Weak,SS36,0.35198742151260376,Weak,SS32,0.3509915769100189,Weak,SQ02,0.34301355481147766,Weak
O-21,SN4F,BERT_NONE,SN4F,0.800235390663147,Equivalent,SN4J,0.4648662209510803,Related,SN09,0.3980977535247803,Weak,SM41,0.3820749819278717,Weak,SM51,0.3800824284553528,Weak
O-23,SN4E,BERT_NONE,SN4J,0.5323385000228882,Related,SN4F,0.5030001401901245,Related,SN40,0.47251853346824646,Related,SN4E,0.4657454490661621,Related,SN4W,0.45330917835235596,Related
O-34,SN5Y,BERT_NONE,SS60,0.4384051263332367,Related,SP95,0.41505053639411926,Related,SS82,0.40592679381370544,Related,SR00,0.4058258533477783,Related,SS59,0.40411531925201416,Related
O-38,SN40,BERT_NONE,SN40,0.6536262631416321,Equivalent,SN4J,0.5214926600456238,Related,SN41,0.4520476758480072,Related,SN42,0.43690019845962524,Related,SN4N,0.41034936904907227,Related
O-39,SN90,BERT_NONE,SN90,0.7809693813323975,Equivalent,SN70,0.4772876501083374,Related,SN71,0.4648551344871521,Related,SN7Z,0.4281371235847473,Related,SN9Y,0.42230165004730225,Related
O-40,SN5Y,BERT_NONE,SS55,0.43607914447784424,Related,SR00,0.4345860481262207,Related,SN5Y,0.43031221628189087,Related,SQ02,0.42588692903518677,Related,SS82,0.41833022236824036,Related
O-42,SN4G,BERT_NONE,SN4G,0.5956158638000488,Related,SN4J,0.47443273663520813,Related,SR15,0.3901509642601013,Weak,SN41,0.3779657483100891,Weak,SN4F,0.36772269010543823,Weak
O-43,SP9Y,BERT_NONE,SP9Y,0.3825230151414871,Weak,SQ21,0.36002790927886963,Weak,SQ03,0.32883167266845703,Weak,SQ02,0.3084750771522522,Weak,SS71,0.30064740777015686,Weak
O-50,SN5Y,BERT_NONE,SN5Y,0.5072534680366516,Related,SM51,0.4297914505004883,Related,SK6T,0.4218832850456238,Related,SM1B,0.4136788845062256,Related,SQ60,0.4013271927833557,Related
PC-9,SQ6Y,BERT_NONE,SQ6Y,0.6087184548377991,Equivalent,SS11,0.43019646406173706,Related,SM51,0.40904709696769714,Related,SM71,0.4069979190826416,Related,SM13,0.4052291512489319,Related
Q-7,SQ2Y,BERT_NONE,SQ2Y,0.5501651167869568,Related,SM13,0.467746764421463,Related,SM1L,0.4593315124511719,Related,SS55,0.457908570766449,Related,SL21,0.4556652307510376,Related
Q-9,SQ2Y,BERT_NONE,SQ2Y,0.609508752822876,Equivalent,SN4W,0.4772207736968994,Related,SN45,0.4653598666191101,Related,SM51,0.4603486955165863,Related,SN07,0.4570367634296417,Related
Q-12,SQ2Y,BERT_NONE,SQ2Y,0.5138506293296814,Related,SM13,0.41383329033851624,Related,SQ23,0.40297427773475647,Related,SN4F,0.4008709192276001,Related,SK98,0.3894689679145813,Weak
R,SQ8Y,BERT_NONE,SQ8Y,0.6004620790481567,Equivalent,SK53,0.4724544882774353,Related,SQ02,0.4680314064025879,Related,SM9B,0.4672127962112427,Related,SN4E,0.4601929187774658,Related
RA-1,SQ24,BERT_NONE,SK64,0.46539703011512756,Related,SQ24,0.44136345386505127,Related,SK55,0.43696990609169006,Related,SK00,0.43128371238708496,Related,SK54,0.43076789379119873,Related
RD-1,SS2E,BERT_NONE,SS2E,0.5237718224525452,Related,SM32,0.4894985556602478,Related,SM75,0.4764448404312134,Related,SM3Y,0.4671197533607483,Related,SN49,0.45677244663238525,Related
RD-3,SS29,BERT_NONE,SS29,0.62024787068367,Equivalent,SN49,0.5002824068069458,Related,SP99,0.45893794298171997,Related,SN4D,0.45663920044898987,Related,SR20,0.4468756318092346,Related
RD-11,SS23,BERT_NONE,SS23,0.5679318010807037,Related,SK51,0.49838364124298096,Related,SP4Y,0.49182143807411194,Related,SN3Y,0.4907253682613373,Related,SM01,0.46859148144721985,Related
VA-5,SS54,BERT_NONE,SS54,0.8341929316520691,Equivalent,SR20,0.5359371900558472,Related,SR17,0.4754076600074768,Related,SN49,0.47450360655784607,Related,SR15,0.46291857957839966,Related
VA-6,SS55,BERT_NONE,SS55,0.7869962453842163,Equivalent,SR1A,0.45227041840553284,Related,SS56,0.4462101459503174,Related,SS52,0.44158226251602173,Related,SR20,0.4384700655937195,Related
VE-1.1,SS60,BERT_NONE,SS60,0.6018228530883789,Narrower,SS62,0.5107067227363586,Related,SS61,0.4918072521686554,Related,SQ02,0.4425904154777527,Related,SN09,0.429932177066803,Related
VE-1.7,SS60,BERT_NONE,SQ02,0.526853621006012,Related,SN4W,0.5125637054443359,Related,SQ21,0.5002243518829346,Related,SS17,0.4636267125606537,Related,SR00,0.45880764722824097,Related
VE-2.3,SS61,BERT_NONE,SQ02,0.4449087679386139,Related,SS60,0.43654757738113403,Related,SN4W,0.4278409481048584,Related,SS59,0.4250170588493347,Related,SQ21,0.42142370343208313,Related
VE-2.5,SS61,BERT_NONE,SS62,0.47103241086006165,Related,SS60,0.46188580989837646,Related,SS61,0.42793282866477966,Related,SM1L,0.4174039363861084,Related,SM13,0.40550512075424194,Related
VE-3.1,SS62,BERT_NONE,SS62,0.5261486172676086,Related,SS60,0.5211830735206604,Related,SS61,0.4618271291255951,Related,SR85,0.3924052119255066,Weak,SQ21,0.3868369162082672,Weak
VE-3.2,SS62,BERT_NONE,SS60,0.49941813945770264,Related,SS62,0.48327136039733887,Related,SS61,0.43531501293182373,Related,SQ21,0.3917067050933838,Weak,SS82,0.3802892565727234,Weak
AAA-2.1,SR10,BERT_SOFT_DICT,SR10,0.6509249210357666,Equivalent,SK55,0.3982005715370178,Weak,SM3Y,0.36907798051834106,Weak,SM33,0.36303314566612244,Weak,SM75,0.34850725531578064,Weak
AAB-2,SQ05,BERT_SOFT_DICT,SQ05,0.7646973133087158,Equivalent,SK53,0.427865207195282,Related,SM35,0.4226742386817932,Related,SS60,0.38905879855155945,Weak,SS61,0.38032370805740356,Weak
AAB-3,SP9Y,BERT_SOFT_DICT,SN4W,0.4381592571735382,Related,SP9Y,0.43521130084991455,Related,SR1W,0.4089448153972626,Related,SS56,0.38944610953330994,Weak,SK6P,0.37818363308906555,Weak
AAB-7,SM1P,BERT_SOFT_DICT,SM1P,0.5989386737346649,Related,SM15,0.45107096433639526,Related,SQ80,0.40097105503082275,Related,SM1J,0.39258068799972534,Weak,SM1Y,0.38706767559051514,Weak
AAB-40,SP1Y,BERT_SOFT_DICT,SN4W,0.44898366928100586,Related,SQ21,0.43513625860214233,Related,SQ60,0.4295479655265808,Related,SN4F,0.4293385148048401,Related,SN07,0.42880573868751526,Related
AAB-46,SK30,BERT_SOFT_DICT,SK30,0.527920663356781,Related,SM13,0.37667417526245117,Weak,SN4F,0.3413460850715637,Weak,SK53,0.3286036252975464,Weak,SN60,0.3261955976486206,Weak
AAB-48,SM1Y,BERT_SOFT_DICT,SQ21,0.4713900089263916,Related,SM1Y,0.4288893938064575,Related,SQ03,0.41569608449935913,Related,SQ02,0.39272379875183105,Weak,SR00,0.3763461709022522,Weak
AAB-49,SN60,BERT_SOFT_DICT,SN60,0.7980645895004272,Equivalent,SN6Y,0.3838960528373718,Weak,SN4G,0.3833184242248535,Weak,SN4F,0.36667972803115845,Weak,SN41,0.36329442262649536,Weak
AAB-50,SN7Y,BERT_SOFT_DICT,SN7Y,0.5425154566764832,Related,SN4W,0.40257054567337036,Related,SQ02,0.38399988412857056,Weak,SS50,0.37620776891708374,Weak,SP95,0.37498682737350464,Weak
AAB-54,SK5Y,BERT_SOFT_DICT,SK5Y,0.5625355839729309,Related,SN4W,0.4466800093650818,Related,SN4R,0.42080676555633545,Related,SR00,0.4206724166870117,Related,SM15,0.4189385771751404,Related
AAB-64,SP4Y,BERT_SOFT_DICT,SR00,0.4539230763912201,Related,SN4W,0.45196211338043213,Related,SQ02,0.39354467391967773,Weak,SS16,0.38674402236938477,Weak,SN46,0.38294535875320435,Weak
AAB-66,SP9Y,BERT_SOFT_DICT,SP9Y,0.42297008633613586,Related,SQ02,0.3883703947067261,Weak,SN4W,0.3872210383415222,Weak,SK53,0.3642100691795349,Weak,SM1L,0.34703677892684937,Weak
AAB-74,SM1N,BERT_SOFT_DICT,SM1N,0.5601780414581299,Related,SM1Y,0.4224507808685303,Related,SM15,0.41619667410850525,Related,SL07,0.40460771322250366,Related,SN42,0.3962826728820801,Weak
AAB-80,SP1Y,BERT_SOFT_DICT,SM51,0.42079538106918335,Related,SP1Y,0.41949784755706787,Related,SS56,0.4161980152130127,Related,SK6E,0.4118100702762604,Related,SR66,0.4074299931526184,Related
AAB-86,SP9Y,BERT_SOFT_DICT,SR11,0.4840330183506012,Related,SR13,0.47946321964263916,Related,SS50,0.4777325987815857,Related,SR10,0.46779561042785645,Related,SR12,0.4631015956401825,Related
AAB-87,SP1Y,BERT_SOFT_DICT,SS82,0.5049061179161072,Related,SS55,0.47899124026298523,Related,SR10,0.47430574893951416,Related,SS50,0.4586814045906067,Related,SS53,0.4432777762413025,Related
AAB-88,SP9Y,BERT_SOFT_DICT,SS82,0.47652143239974976,Related,SR10,0.46948671340942383,Related,SR14,0.45865294337272644,Related,SR13,0.4583081603050232,Related,SR11,0.45723846554756165,Related
AAB-93,SP4Y,BERT_SOFT_DICT,SK53,0.4664912223815918,Related,SN4W,0.4504236578941345,Related,SM3J,0.4100714325904846,Related,SS50,0.39678001403808594,Weak,SR11,0.3936471939086914,Weak
AAB-97,SN03,BERT_SOFT_DICT,SR4E,1.0667705178260802,Equivalent,SR4D,0.6366898417472839,Narrower,SN09,0.5911998152732849,Related,SS23,0.5873743295669556,Related,SN03,0.576420396566391,Related
AAB-100,SP9Y,BERT_SOFT_DICT,SS59,0.4573916792869568,Related,SS30,0.4252263009548187,Related,SP9Y,0.42306146025657654,Related,SS17,0.4186745285987854,Related,SS57,0.417960524559021,Related
AAB-103,SP9Y,BERT_SOFT_DICT,SQ60,0.45255428552627563,Related,SN4W,0.4146353602409363,Related,SR00,0.40664172172546387,Related,SP9Y,0.391332745552063,Weak,SM51,0.38646697998046875,Weak
AAB-105,SP9Y,BERT_SOFT_DICT,SR66,0.4383161664009094,Related,SN4W,0.4284327030181885,Related,SP9Y,0.42358164489269257,Related,SS19,0.41276153922080994,Related,SS13,0.41086816787719727,Related
AAB-108,SP4Y,BERT_SOFT_DICT,SN4W,0.3952300548553467,Weak,SK53,0.38091814517974854,Weak,SQ02,0.3745579421520233,Weak,SP95,0.3729844093322754,Weak,SR00,0.3641490340232849,Weak
AAB-110,SL62,BERT_SOFT_DICT,SL62,0.6010574996471405,Equivalent,SL60,0.37510937452316284,Weak,SL6Y,0.3734753131866455,Weak,SL61,0.3691357374191284,Weak,SM0Y,0.34778282046318054,Weak
AAC-1,SK30,BERT_SOFT_DICT,SK30,0.6060592234134674,Equivalent,SQ02,0.4384709596633911,Related,SM51,0.4251851439476013,Related,SQ03,0.42430180311203003,Related,SR00,0.41346287727355957,Related
AAC-2,SK30,BERT_SOFT_DICT,SK30,0.5441807508468628,Related,SS56,0.4248802065849304,Related,SS55,0.4104558229446411,Related,SM15,0.4053056836128235,Related,SL07,0.401924729347229,Related
AAC-5,SP0Y,BERT_SOFT_DICT,SP0Y,0.46870091557502747,Related,SN07,0.4069315195083618,Related,SK53,0.4048185348510742,Related,SN4W,0.3963104486465454,Weak,SQ02,0.3954910635948181,Weak
AAC-6,SP00,BERT_SOFT_DICT,SP00,0.7100805640220642,Equivalent,SK6X,0.4461400508880615,Related,SR4A,0.39254462718963623,Weak,SN60,0.3702343702316284,Weak,SM8C,0.365075021982193,Weak
AAC-7,SN08,BERT_SOFT_DICT,SN08,0.626472681760788,Equivalent,SK55,0.49721574783325195,Related,SM81,0.4835452437400818,Related,SN3Y,0.47562289237976074,Related,SM8B,0.46047118306159973,Related
AAC-8,SP15,BERT_SOFT_DICT,SP15,0.8408695459365845,Equivalent,SP20,0.4493589699268341,Related,SP2Y,0.43211719393730164,Related,SP42,0.4228069484233856,Related,SP13,0.40943142771720886,Related
AAC-9.2,SK55,BERT_SOFT_DICT,SK55,0.650793731212616,Equivalent,SN4W,0.4489095211029053,Related,SQ02,0.4405949115753174,Related,SM13,0.42949068546295166,Related,SN07,0.41136252880096436,Related
AAC-12,SM31,BERT_SOFT_DICT,SM31,0.7015184760093689,Equivalent,SK55,0.48179739713668823,Related,SM3Y,0.4254339933395386,Related,SM33,0.40890079736709595,Related,SM75,0.4083367586135864,Related
AAC-13,SK30,BERT_SOFT_DICT,SK30,0.661552906036377,Equivalent,SQ02,0.5124687552452087,Related,SN4W,0.48584702610969543,Related,SK53,0.47550517320632935,Related,SP5B,0.47501182556152344,Related
AAC-16,SK5Y,BERT_SOFT_DICT,SK5Y,0.42467285692691803,Related,SS19,0.37006300687789917,Weak,SR67,0.368675172328949,Weak,SS18,0.3595707416534424,Weak,SS17,0.35587364435195923,Weak
AAC-239,SK30,BERT_SOFT_DICT,SK30,0.5156067907810211,Related,SQ21,0.42508143186569214,Related,SM13,0.39331066608428955,Weak,SP95,0.3925362825393677,Weak,SP5B,0.39224621653556824,Weak
AAC-27,SM83,BERT_SOFT_DICT,SM83,0.47345389425754547,Related,SS53,0.3509160280227661,Weak,SM51,0.33450859785079956,Weak,SS85,0.3326985538005829,Weak,SQ21,0.3290686309337616,Weak
AAC-38,SK22,BERT_SOFT_DICT,SK53,0.339509516954422,Weak,SN60,0.32538193464279175,Weak,SN4G,0.3206776976585388,Weak,SN4E,0.31821295619010925,Weak,SN4F,0.31514841318130493,Weak
AAC-39,SL7Y,BERT_SOFT_DICT,SL7Y,0.5332677066326141,Related,SK6T,0.41090983152389526,Related,SL70,0.39598798751831055,Weak,SR00,0.39551249146461487,Weak,SN4W,0.3917859196662903,Weak
AAD-2.7,SR20,BERT_SOFT_DICT,SR20,0.7597334980964661,Equivalent,SS81,0.490237832069397,Related,SS54,0.4852122664451599,Related,SR18,0.47608286142349243,Related,SR17,0.475160151720047,Related
AAD-2.9,SR20,BERT_SOFT_DICT,SR20,0.7333657145500183,Equivalent,SR18,0.5087170600891113,Related,SS81,0.4808012843132019,Related,SR15,0.4758921265602112,Related,SR17,0.4717915654182434,Related
AAD-4,SR20,BERT_SOFT_DICT,SR20,0.6249105334281921,Equivalent,SR11,0.4239470362663269,Related,SN4W,0.4208926856517792,Related,SS82,0.4152309000492096,Related,SS55,0.40923458337783813,Related
AAD-4.1,SR20,BERT_SOFT_DICT,SR20,0.6401265263557434,Equivalent,SS55,0.4223994016647339,Related,SR11,0.4030442237854004,Related,SS19,0.3985663056373596,Weak,SM51,0.3929266929626465,Weak
AAD-5,SR20,BERT_SOFT_DICT,SR20,0.5474191308021545,Related,SQ21,0.40448030829429626,Related,SS60,0.3857848048210144,Weak,SN4W,0.36700519919395447,Weak,SQ02,0.36542558670043945,Weak
ABA-1,SR16,BERT_SOFT_DICT,SR16,0.7682172060012817,Equivalent,SS81,0.48261457681655884,Related,SR17,0.4639897048473358,Related,SR15,0.4578208327293396,Related,SR18,0.455214262008667,Related
ABA-2,SR17,BERT_SOFT_DICT,SR17,0.7600711584091187,Equivalent,SR19,0.4549942910671234,Related,SR20,0.45035520195961,Related,SR16,0.44460511207580566,Related,SR15,0.4432374835014343,Related
ABA-2.1,SR15,BERT_SOFT_DICT,SR15,0.622954249382019,Equivalent,SM1Z,0.3691704273223877,Weak,SR17,0.3561769425868988,Weak,SN4P,0.34892934560775757,Weak,SM15,0.3482910096645355,Weak
ABB-1,SK7Y,BERT_SOFT_DICT,SS52,0.46163320541381836,Related,SS55,0.45553576946258545,Related,SN4W,0.4393763840198517,Related,SM71,0.42526963353157043,Related,SM1L,0.42334744334220886,Related
ABB-7,SM3Y,BERT_SOFT_DICT,SM71,0.45543721318244934,Related,SN4W,0.4347563683986664,Related,SM3Y,0.43253935873508453,Related,SP5B,0.4152374267578125,Related,SQ02,0.4070075750350952,Related
ABB-10,SP9Y,BERT_SOFT_DICT,SS61,0.4122313857078552,Related,SQ21,0.385605126619339,Weak,SR00,0.38516515493392944,Weak,SS60,0.3789307773113251,Weak,SQ02,0.3756679892539978,Weak
ABB-25,SP9Y,BERT_SOFT_DICT,SP9Y,0.519044041633606,Related,SS82,0.5154520869255066,Related,SM13,0.5028353333473206,Related,SM51,0.49241340160369873,Related,SQ02,0.48689478635787964,Related
ABB-29,SP2Y,BERT_SOFT_DICT,SP2Y,0.5362952947616577,Related,SN60,0.4353165030479431,Related,SL07,0.42378443479537964,Related,SN4W,0.4232873320579529,Related,SN4E,0.41544151306152344,Related
ACA-1,SR1B,BERT_SOFT_DICT,SR1B,0.7368870377540588,Equivalent,SS80,0.4149813652038574,Related,SR11,0.3939480185508728,Weak,SR1C,0.39109501242637634,Weak,SP95,0.3840665817260742,Weak
ACA-2,SR1C,BERT_SOFT_DICT,SR1C,0.723339170217514,Equivalent,SR1E,0.4229297637939453,Related,SK64,0.4091610312461853,Related,SK91,0.407037615776062,Related,ST0M,0.3938201069831848,Weak
ACA-4,SR1E,BERT_SOFT_DICT,SR1E,0.607896476984024,Equivalent,SN49,0.4346511662006378,Related,SR20,0.41003644466400146,Related,ST0K,0.39955252408981323,Weak,SK64,0.3857409954071045,Weak
ACB-15,SQ4Y,BERT_SOFT_DICT,SQ4Y,0.4723055064678192,Related,SN4W,0.4338238537311554,Related,SM71,0.4188254773616791,Related,SK86,0.4052927494049072,Related,SM9B,0.40285831689834595,Related
ACB-27,SP9Y,BERT_SOFT_DICT,SP9Y,0.4400101751089096,Related,SK6P,0.43011659383773804,Related,SM10,0.3956916928291321,Weak,SN4W,0.38571447134017944,Weak,SK53,0.3801391124725342,Weak
BD-2,SP62,BERT_SOFT_DICT,SP62,0.8715360164642334,Equivalent,SR47,0.8095174431800842,Equivalent,SP70,0.5225226879119873,Related,SR48,0.484752357006073,Related,SP64,0.4309566617012024,Related
BE-1,SR4A,BERT_SOFT_DICT,SR4A,0.7151409387588501,Equivalent,SN71,0.4405009150505066,Related,SN70,0.41681230068206787,Related,SN4C,0.4007260799407959,Related,SK6X,0.39054977893829346,Weak
BF-2,SR4B,BERT_SOFT_DICT,SR4B,0.6018422245979309,Equivalent,SK6R,0.5202864408493042,Related,SK6G,0.47502148151397705,Related,SK6H,0.4430124759674072,Related,SR04,0.42812347412109375,Related
BA-3.1,SR4K,BERT_SOFT_DICT,SR4K,0.6335264444351196,Equivalent,SR4J,0.4945669174194336,Related,SN3Y,0.40571844577789307,Related,SM9Z,0.3883407711982727,Weak,SM98,0.3871484398841858,Weak
BH-1,SR4F,BERT_SOFT_DICT,SR4F,0.5850246250629425,Related,SP92,0.48166924715042114,Related,SS61,0.4519653022289276,Related,SP91,0.4445587992668152,Related,SS3J,0.43222713470458984,Related
CC-2,SN45,BERT_SOFT_DICT,SN45,0.8163207769393921,Equivalent,SR84,0.6894326508045197,Equivalent,SR8N,0.4937724173069,Related,SR8E,0.4716998040676117,Related,SR8G,0.42365068197250366,Related
CA-1,SR83,BERT_SOFT_DICT,SR83,0.6479393243789673,Equivalent,SM81,0.493733286857605,Related,SM89,0.47202029824256897,Related,SP63,0.4554852843284607,Related,SM82,0.45130103826522827,Related
CA-2,SR82,BERT_SOFT_DICT,SR82,0.7527559399604797,Equivalent,SM81,0.5084367394447327,Related,SM89,0.49601101875305176,Related,SM82,0.46481865644454956,Related,SM8B,0.4159173369407654,Related
CB-1,SR81,BERT_SOFT_DICT,SR81,0.5872766971588135,Related,SM83,0.45972537994384766,Related,SM70,0.4426611065864563,Related,SM3Y,0.43169087171554565,Related,SR80,0.4210939109325409,Related
CB-2,SR80,BERT_SOFT_DICT,SR80,0.7072044610977173,Equivalent,SR5A,0.4149431586265564,Related,SM75,0.36766916513442993,Weak,SM70,0.3674653172492981,Weak,SM3K,0.36078476905822754,Weak
CB-3,SR86,BERT_SOFT_DICT,SR86,0.6780188977718353,Equivalent,SM75,0.48261216282844543,Related,SS2A,0.42487916350364685,Related,SQ2Y,0.4102509021759033,Related,SS15,0.4033714532852173,Related
D,SS10,BERT_SOFT_DICT,SS10,0.8071703910827637,Equivalent,SS13,0.4535810351371765,Related,SS18,0.44417113065719604,Related,SS17,0.4343964755535126,Related,SS11,0.43398523330688477,Related
DB-2,SS11,BERT_SOFT_DICT,SS11,0.8101757764816284,Equivalent,SS14,0.42511117458343506,Related,SS18,0.4164322018623352,Related,SM74,0.40251386165618896,Related,SS13,0.38612478971481323,Weak
DB-4,SS14,BERT_SOFT_DICT,SS14,0.7365865707397461,Equivalent,SQ2Y,0.38775932788848877,Weak,SS22,0.37178918719291687,Weak,SQ80,0.36779165267944336,Weak,SS15,0.366728812456131,Weak
EA-2.5,SM74,BERT_SOFT_DICT,SM74,0.5108612179756165,Related,SS55,0.4519040584564209,Related,SS36,0.4444965720176697,Related,SS30,0.42908748984336853,Related,SS39,0.4288496673107147,Related
EA-4.5.1,SL40,BERT_SOFT_DICT,SM51,0.4801260232925415,Related,SQ60,0.46324601769447327,Related,SS82,0.4616278409957886,Related,SM71,0.45976021885871887,Related,SN4G,0.4502568542957306,Related
EB-1,SR59,BERT_SOFT_DICT,SR59,0.7339907288551331,Equivalent,SS15,0.4275989532470703,Related,SQ2Y,0.38520050048828125,Weak,SM7Z,0.3850334882736206,Weak,SM75,0.3809485137462616,Weak
EB-2,SM37,BERT_SOFT_DICT,SM37,0.6409297585487366,Equivalent,SS2A,0.4629437327384949,Related,SM75,0.43049535155296326,Related,SM7Y,0.4213660955429077,Related,SM32,0.4166886806488037,Related
EB-3.9,SM3C,BERT_SOFT_DICT,SM3C,0.6645820736885071,Equivalent,SM3Y,0.374861478805542,Weak,SR86,0.33209341764450073,Weak,SM75,0.3168574571609497,Weak,SM3B,0.3137654662132263,Weak
EB-6,SM3L,BERT_SOFT_DICT,SM3L,0.75248783826828,Equivalent,SM32,0.3693685531616211,Weak,SS29,0.3613261580467224,Weak,SQ2Y,0.3514108657836914,Weak,SM3C,0.3386335074901581,Weak
EB-8,SM3K,BERT_SOFT_DICT,SM3K,0.7876004576683044,Equivalent,SM31,0.3827126622200012,Weak,SM75,0.35459864139556885,Weak,SM3Y,0.34172970056533813,Weak,SM3Z,0.33650416135787964,Weak
EB-10,SM33,BERT_SOFT_DICT,SM33,0.681309163570404,Equivalent,SM3Y,0.4311094284057617,Related,SK55,0.3970559239387512,Weak,SN4W,0.3581524193286896,Weak,SM83,0.35585129261016846,Weak
EB-10.15,SM70,BERT_SOFT_DICT,SM70,0.6444476842880249,Narrower,SM3Y,0.45223569869995117,Related,SM33,0.4514748454093933,Related,SM3D,0.42013847827911377,Related,SM83,0.41564446687698364,Related
EC-3,SP51,BERT_SOFT_DICT,SP51,0.6725298762321472,Equivalent,SQ2Y,0.42615219950675964,Related,SP5B,0.42505478858947754,Related,SN45,0.4176490604877472,Related,SQ6Y,0.41210120916366577,Related
EC-3.2,SP54,BERT_SOFT_DICT,SP54,0.7148629128932953,Equivalent,SK55,0.44112730026245117,Related,SM95,0.43593287467956543,Related,SM9B,0.41879570484161377,Related,SP57,0.41697022318840027,Related
EC-3.7,SP5Y,BERT_SOFT_DICT,SS55,0.5511610507965088,Related,SS52,0.5359711647033691,Related,SR1D,0.5356614589691162,Related,SR1B,0.5297267436981201,Related,SM1L,0.5226629972457886,Related
EC-3.8,SP5Y,BERT_SOFT_DICT,SP5Y,0.472770631313324,Related,SR66,0.42619815468788147,Related,SN4W,0.4223218560218811,Related,SM1L,0.4126560091972351,Related,SP5B,0.41066649556159973,Related
ED-2.2,SP99,BERT_SOFT_DICT,SP99,0.6724943518638611,Equivalent,SN49,0.444253146648407,Related,SN5Z,0.4426790475845337,Related,SN42,0.435227632522583,Related,SN4R,0.4276380240917206,Related
ED-3.1,SM41,BERT_SOFT_DICT,SM41,0.5695741474628448,Related,SQ02,0.5049133896827698,Related,SR00,0.4892346262931824,Related,SN4W,0.4784505367279053,Related,SL21,0.4781513810157776,Related
ED-3.3,SM41,BERT_SOFT_DICT,SM41,0.47164788842201233,Related,SS58,0.41860687732696533,Related,SR66,0.413349449634552,Related,SS82,0.4012106955051422,Related,SR00,0.38994914293289185,Weak
ED-3.5,SM41,BERT_SOFT_DICT,SM41,0.3787231594324112,Weak,SM71,0.3632819652557373,Weak,SM51,0.36213216185569763,Weak,SN07,0.34159958362579346,Weak,SM1L,0.33818158507347107,Weak
ED-4.2.3,SN49,BERT_SOFT_DICT,SN49,0.6742918491363525,Equivalent,SM1L,0.48429813981056213,Related,SN4F,0.4590946435928345,Related,SN4W,0.45508840680122375,Related,SM13,0.454490065574646,Related
ED-4.2.6,SN49,BERT_SOFT_DICT,SN49,0.5013207197189331,Related,SN4W,0.43969666957855225,Related,SQ02,0.40636271238327026,Related,SR1W,0.399930477142334,Weak,SR1V,0.3971599340438843,Weak
ED-4.2.7,SN4A,BERT_SOFT_DICT,SN4A,0.5949240922927856,Related,SN4R,0.48806580901145935,Related,SN42,0.48517006635665894,Related,SN5Y,0.4160485863685608,Related,SN4G,0.40984997153282166,Related
ED-4.3.2,SN5Y,BERT_SOFT_DICT,SR00,0.43450871109962463,Related,SN4W,0.4236164093017578,Related,SS59,0.4218519330024719,Related,SQ02,0.42081576585769653,Related,SQ21,0.412584125995636,Related
ED-4.3.7,SN5Y,BERT_SOFT_DICT,SR1V,0.44987303018569946,Related,SR1W,0.4317764639854431,Related,SM13,0.4125855565071106,Related,SN4W,0.41173994541168213,Related,SS13,0.4082776606082916,Related
ED-4.4,SN49,BERT_SOFT_DICT,SN49,0.7178550064563751,Equivalent,SN4R,0.5214601755142212,Related,SR40,0.5003163814544678,Related,SM13,0.4526902735233307,Related,SN42,0.44961535930633545,Related
ED-8,SP11,BERT_SOFT_DICT,SR10,0.5219522714614868,Related,SP11,0.5094642043113708,Related,SR14,0.5026385188102722,Related,SR11,0.4972705543041229,Related,SR12,0.4880629777908325,Related
ED-9.7.9,SM40,BERT_SOFT_DICT,SM40,0.5559208989143372,Related,SM42,0.3992807865142822,Weak,SP57,0.38962680101394653,Weak,SM83,0.37781256437301636,Weak,SQ20,0.3720515966415405,Weak
ED-19,SN47,BERT_SOFT_DICT,SN47,0.6224752962589264,Equivalent,SQ50,0.4581349492073059,Related,SN31,0.376518189907074,Weak,SM51,0.36143553256988525,Weak,SN4U,0.3588258624076843,Weak
EE-1,SR52,BERT_SOFT_DICT,SR52,0.7776761651039124,Equivalent,SR45,0.4795438051223755,Related,SR46,0.46691060066223145,Related,SR53,0.44841432571411133,Related,SP2Z,0.4448799192905426,Related
EE-2,SP72,BERT_SOFT_DICT,SP72,0.5034945905208588,Related,SK55,0.3870307505130768,Weak,SK6R,0.3770490288734436,Weak,SK6H,0.37699419260025024,Weak,SK6G,0.3687839210033417,Weak
EE-3.4,SM53,BERT_SOFT_DICT,SN4W,0.4779970347881317,Related,SS55,0.47181037068367004,Related,SS50,0.45379525423049927,Related,SS58,0.4467276930809021,Related,SS53,0.4407184422016144,Related
EE-3.6,SM53,BERT_SOFT_DICT,SS52,0.5569149851799011,Related,SS55,0.5430481433868408,Related,SS54,0.4964691996574402,Related,SM1L,0.4956972002983093,Related,SR1D,0.48611825704574585,Related
EE-3.7,SM53,BERT_SOFT_DICT,SR66,0.46143555641174316,Related,SS58,0.4505871534347534,Related,SN4W,0.42486822605133057,Related,SR1W,0.42421823740005493,Related,SS5E,0.4121212661266327,Related
EE-3.10,SM53,BERT_SOFT_DICT,SN4W,0.4935416877269745,Related,SR66,0.47871237993240356,Related,SS58,0.4756578803062439,Related,SR1W,0.4508052468299866,Related,SR8E,0.4384819269180298,Related
EE-3.13,SM7Y,BERT_SOFT_DICT,SQ02,0.48806601762771606,Related,SN4W,0.47291451692581177,Related,SM7Y,0.4523751884698868,Related,SQ23,0.4449784755706787,Related,SS58,0.4336642622947693,Related
EE-3.16,SK6S,BERT_SOFT_DICT,SK6S,0.7267154157161713,Equivalent,SK6U,0.5182778835296631,Related,SK6H,0.5117207765579224,Related,SK64,0.5001925230026245,Related,SK6J,0.49680647253990173,Related
EE-4.4,SP70,BERT_SOFT_DICT,SP70,0.7795656323432922,Equivalent,SM1L,0.3795708417892456,Weak,SP62,0.37157782912254333,Weak,ST0A,0.3536126911640167,Weak,SM1K,0.35125723481178284,Weak
EF-1,SR53,BERT_SOFT_DICT,SR53,0.7265686988830566,Equivalent,ST0A,0.4452172815799713,Related,SN42,0.4343962073326111,Related,ST05,0.43391895294189453,Related,ST0K,0.42373862862586975,Related
EF-2.2.7,SM8D,BERT_SOFT_DICT,SN4W,0.40167713165283203,Related,SM13,0.387675940990448,Weak,SL07,0.3845025599002838,Weak,SL02,0.3831618130207062,Weak,SM8D,0.38051263988018036,Weak
EF-2.2.8,SM8D,BERT_SOFT_DICT,SM8D,0.4231175184249878,Related,SR8E,0.3697093725204468,Weak,SR00,0.36927348375320435,Weak,SP95,0.35863161087036133,Weak,SK6P,0.3581949770450592,Weak
EF-2.2.11,SM8D,BERT_SOFT_DICT,SN4W,0.4119117558002472,Related,SR00,0.4044751524925232,Related,SQ02,0.4003909230232239,Related,SM13,0.39709174633026123,Weak,SN48,0.38510119915008545,Weak
EF-2.2.12,SM8D,BERT_SOFT_DICT,SM8D,0.4460300952196121,Related,SN4W,0.4402937889099121,Related,SM13,0.42324912548065186,Related,SQ02,0.4062657952308655,Related,SQ60,0.39345109462738037,Weak
EF-2.2.13,SM8D,BERT_SOFT_DICT,SN4W,0.44677436351776123,Related,SM8D,0.44491730630397797,Related,SM13,0.4124024510383606,Related,SR66,0.3887906074523926,Weak,SN48,0.38483190536499023,Weak
EF-2.3.1,SM8D,BERT_SOFT_DICT,SS55,0.4555813670158386,Related,SN4W,0.45425522327423096,Related,SR1W,0.45114666223526,Related,SS52,0.4483757019042969,Related,SR1V,0.43944817781448364,Related
EF-2.3.2,SM8D,BERT_SOFT_DICT,SS52,0.49289506673812866,Related,SS55,0.46277183294296265,Related,SM8D,0.4600238651037216,Related,SN4W,0.45591023564338684,Related,SL02,0.44745567440986633,Related
EF-2.3.3,SM8D,BERT_SOFT_DICT,SK6J,0.412344753742218,Related,SM8D,0.40699027478694916,Related,SM71,0.3864203691482544,Weak,SN73,0.37734633684158325,Weak,SN4W,0.37695449590682983,Weak
EF-2.3.4,SM8A,BERT_SOFT_DICT,SM8A,0.5757733583450317,Related,SR8A,0.5484890937805176,Related,SM89,0.46819284558296204,Related,SM8D,0.46807828545570374,Related,SM81,0.450693815946579,Related
EF-2.3.6,SM8D,BERT_SOFT_DICT,SM8D,0.4811147153377533,Related,SP95,0.4086678922176361,Related,SN73,0.40811556577682495,Related,SR1V,0.4027578830718994,Related,SN4W,0.3836734890937805,Weak
EF-3,SP64,BERT_SOFT_DICT,SP64,0.8403712511062622,Equivalent,SP62,0.6419726610183716,Narrower,SP70,0.5209493637084961,Related,SR47,0.5135518908500671,Related,SN45,0.5134567022323608,Related
EH-2,SP0Y,BERT_SOFT_DICT,SN4W,0.5045784115791321,Related,SP0Y,0.49884486198425293,Related,SM51,0.4970645308494568,Related,SR00,0.47023892402648926,Related,SP5B,0.4659369885921478,Related
EI-1,SR56,BERT_SOFT_DICT,SR56,0.8106411099433899,Equivalent,SR4E,0.5116866230964661,Related,SM94,0.4561600983142853,Related,SR4D,0.4547075629234314,Related,SS23,0.4513513445854187,Related
EI-2,SN02,BERT_SOFT_DICT,SN02,0.8382756114006042,Equivalent,SN3Y,0.5283627510070801,Related,SN0Y,0.5008717179298401,Related,SR4E,0.4619089365005493,Related,SM96,0.4551791548728943,Related
EI-6.8,SM3G,BERT_SOFT_DICT,SM3G,0.4649604260921478,Related,SM75,0.3569013476371765,Weak,SM3Z,0.3444727063179016,Weak,SM3Y,0.33532682061195374,Weak,SR40,0.32631242275238037,Weak
EI-6.9,SN0Y,BERT_SOFT_DICT,SN4W,0.5046327710151672,Related,SM13,0.4787083864212036,Related,SR1W,0.45859384536743164,Related,SR00,0.4503515958786011,Related,SS55,0.45014268159866333,Related
EJ-1,SR5B,BERT_SOFT_DICT,SR5B,0.6672345995903015,Equivalent,SM89,0.4131583273410797,Related,SN0Z,0.3831652104854584,Weak,SR82,0.3817881941795349,Weak,SN3Z,0.37666618824005127,Weak
EJ-2,SM8C,BERT_SOFT_DICT,SM8C,0.6021661758422852,Equivalent,SM86,0.39608636498451233,Weak,SM83,0.37107235193252563,Weak,SM01,0.36835309863090515,Weak,SP4Y,0.3481065630912781,Weak
EJ-3.4,SM8E,BERT_SOFT_DICT,SM8E,0.5851872861385345,Related,SM81,0.5218721032142639,Related,SR83,0.5073016881942749,Related,SR82,0.49730032682418823,Related,SM89,0.4739333391189575,Related
EJ-3.9,SM88,BERT_SOFT_DICT,SM88,0.7737061381340027,Equivalent,SM86,0.46774399280548096,Related,SM8B,0.4611973464488983,Related,SR8A,0.45776283740997314,Related,SM81,0.4428331255912781,Related
EJ-3.12,SM52,BERT_SOFT_DICT,SM52,0.4482964873313904,Related,SR10,0.43602454662323,Related,SR40,0.41823136806488037,Related,SR1V,0.411398321390152,Related,SR1W,0.3834972083568573,Weak
EK-4.2,SM32,BERT_SOFT_DICT,SM32,0.5319586098194122,Related,SS50,0.5078258514404297,Related,SR10,0.4973631203174591,Related,SS55,0.4939158856868744,Related,SM8B,0.49129408597946167,Related
EK-4.4,SM32,BERT_SOFT_DICT,SS55,0.5834357142448425,Related,SS52,0.5756769776344299,Related,SM1L,0.5556700825691223,Related,SS80,0.5480658411979675,Related,SR1D,0.540376603603363,Related
EK-4.5,SM32,BERT_SOFT_DICT,SM32,0.6226256489753723,Equivalent,SM8B,0.45747819542884827,Related,SQ02,0.4509570300579071,Related,SM93,0.448664128780365,Related,SM5Y,0.44717937707901,Related
EK-4.6,SM42,BERT_SOFT_DICT,SM42,0.7251920998096466,Equivalent,SQ20,0.40714308619499207,Related,SM3L,0.399691641330719,Weak,SM32,0.3941202759742737,Weak,SM7Y,0.3835076689720154,Weak
EL-2.5,SM9Y,BERT_SOFT_DICT,SR1V,0.4068533182144165,Related,SN4W,0.4057077169418335,Related,SS50,0.3998398184776306,Weak,SS53,0.39582446217536926,Weak,SR11,0.39321577548980713,Weak
EL-2.6,SM9Y,BERT_SOFT_DICT,SP21,0.41269659996032715,Related,SM9Y,0.40642791986465454,Related,SR1V,0.4000343978404999,Related,SM71,0.3942742943763733,Weak,SR1N,0.3800216317176819,Weak
EL-2.9,SM90,BERT_SOFT_DICT,SM99,0.518502950668335,Related,SM98,0.5170102715492249,Related,SM9Y,0.4939388036727905,Related,SM9A,0.49066901206970215,Related,SM96,0.4902227222919464,Related
EL-2.10,SM96,BERT_SOFT_DICT,SM96,0.6221325397491455,Equivalent,SK51,0.38743430376052856,Weak,SM35,0.35818755626678467,Weak,SN1Y,0.3537885844707489,Weak,SP4Y,0.34687408804893494,Weak
EL-2.12,SN12,BERT_SOFT_DICT,SN12,0.6648606061935425,Equivalent,SR4E,0.40775108337402344,Related,SM9A,0.38003629446029663,Weak,SR4D,0.37175875902175903,Weak,SN1Y,0.3671879768371582,Weak
EL-2.15,SM91,BERT_SOFT_DICT,SM91,0.6689720153808594,Equivalent,SR1A,0.40713924169540405,Related,SM9A,0.3546210825443268,Weak,SR1C,0.3482145667076111,Weak,SK67,0.34800344705581665,Weak
EL-2.20,SM9A,BERT_SOFT_DICT,SM9A,0.4646300971508026,Related,SN1Y,0.4521833062171936,Related,SM99,0.4510124921798706,Related,SM9Y,0.42461931705474854,Related,SR10,0.4173847436904907,Related
EL-2.26,SM9Y,BERT_SOFT_DICT,SN4W,0.4344644248485565,Related,SM9Y,0.4172459840774536,Related,SR1V,0.40138405561447144,Related,SS55,0.3919244408607483,Weak,SS16,0.3870071768760681,Weak
EL-2.28,SM99,BERT_SOFT_DICT,SM99,0.5495983958244324,Related,SM9B,0.333005428314209,Weak,SN44,0.3134685754776001,Weak,SM95,0.31171756982803345,Weak,SR8E,0.3109726309776306,Weak
EL-9,SN1Y,BERT_SOFT_DICT,SN1Y,0.5778411626815796,Related,SN4W,0.4119999408721924,Related,SN4H,0.4079684019088745,Related,SP5B,0.39384281635284424,Weak,SM1L,0.3762166500091553,Weak
EM-1,SR5E,BERT_SOFT_DICT,SR5E,0.7869207859039307,Equivalent,SR53,0.41086941957473755,Related,SS62,0.3897349536418915,Weak,SS3C,0.37790757417678833,Weak,SR5Z,0.3778465986251831,Weak
EM-2,SQ03,BERT_SOFT_DICT,SQ03,0.6631422638893127,Equivalent,SM3J,0.3875819444656372,Weak,SQ2Y,0.370177298784256,Weak,SL07,0.3592398166656494,Weak,SK5Y,0.35164472460746765,Weak
EM-2.4,SQ04,BERT_SOFT_DICT,SQ04,0.6291035711765289,Equivalent,SP95,0.4402921795845032,Related,SQ4Y,0.44001996517181396,Related,SK64,0.42968398332595825,Related,SK53,0.42635151743888855,Related
EM-7.5,SP98,BERT_SOFT_DICT,SP98,0.668199896812439,Equivalent,SM1L,0.45732027292251587,Related,SP5B,0.45377516746520996,Related,SM8B,0.4524540901184082,Related,SS85,0.4489749073982239,Related
EM-9,SQ10,BERT_SOFT_DICT,SQ10,0.7389004826545715,Equivalent,SS61,0.47049883008003235,Related,SS3G,0.40712350606918335,Related,SP58,0.4052807092666626,Related,SS62,0.3943790793418884,Weak
F-9,SK00,BERT_SOFT_DICT,SS82,0.4270017743110657,Related,SM13,0.41372665762901306,Related,SR00,0.41209790110588074,Related,SM51,0.40981870889663696,Related,SR11,0.4075292944908142,Related
FA,SK50,BERT_SOFT_DICT,SK50,0.8231571912765503,Equivalent,SN70,0.5587316751480103,Related,SN4G,0.5019577741622925,Related,SK01,0.45493072271347046,Related,SN5Y,0.45387279987335205,Related
FA-2,SN73,BERT_SOFT_DICT,SN73,0.9094365239143372,Equivalent,SN49,0.44029173254966736,Related,SN71,0.4141841232776642,Related,SR20,0.40495601296424866,Related,SN90,0.3840176463127136,Weak
FA-6,SK50,BERT_SOFT_DICT,SK50,0.711520254611969,Equivalent,SN4G,0.5304132103919983,Related,SN4E,0.507075309753418,Related,SS80,0.5055158138275146,Related,SS55,0.46661630272865295,Related
FA-7,SP9Y,BERT_SOFT_DICT,SP9Y,0.5624282658100128,Related,SN4G,0.5294308066368103,Related,SN4E,0.5157327651977539,Related,SS80,0.5097411870956421,Related,SR1D,0.47589367628097534,Related
GA-1,SM1M,BERT_SOFT_DICT,SM1M,0.8093912601470947,Equivalent,SM1K,0.5547939538955688,Related,SM1L,0.4906095862388611,Related,SR10,0.4596177339553833,Related,SM8B,0.43034112453460693,Related
GA-10,SM1Y,BERT_SOFT_DICT,SM1Y,0.4792381376028061,Related,SS60,0.4250158667564392,Related,SS55,0.41554468870162964,Related,SP92,0.40938594937324524,Related,SM51,0.40913674235343933,Related
GB-3,SM13,BERT_SOFT_DICT,SM13,0.5721839666366577,Related,SM1J,0.5037885904312134,Related,SM1Y,0.4100896716117859,Related,SM1H,0.4075453281402588,Related,SM15,0.4012610614299774,Related
GB-9,SM1Y,BERT_SOFT_DICT,SR85,0.46380794048309326,Related,SR84,0.45138534903526306,Related,SQ02,0.44207608699798584,Related,SM1Y,0.4365599900484085,Related,SS82,0.42182573676109314,Related
GB-11,SM1Y,BERT_SOFT_DICT,SN4W,0.48548412322998047,Related,SM1Y,0.48207810521125793,Related,SK53,0.4667523503303528,Related,SS57,0.4505760669708252,Related,SR11,0.4468926191329956,Related
GD-4,SM1Y,BERT_SOFT_DICT,SM1Y,0.41714686155319214,Related,SM71,0.3846866190433502,Weak,SN48,0.3819376230239868,Weak,SP96,0.3800187408924103,Weak,SN4W,0.3695061206817627,Weak
GE-3,SL06,BERT_SOFT_DICT,SL06,0.8122454881668091,Equivalent,SL04,0.4781189560890198,Related,SL0Y,0.4175616204738617,Related,SL0Z,0.41019493341445923,Related,SL2Y,0.3724600076675415,Weak
GE-4,SM17,BERT_SOFT_DICT,SM17,0.5749344527721405,Related,SK20,0.4022163152694702,Related,SK55,0.36810728907585144,Weak,SP21,0.36551567912101746,Weak,SM1A,0.35351210832595825,Weak
GE-6,SM1Y,BERT_SOFT_DICT,SS55,0.4679165780544281,Related,SN07,0.45331043004989624,Related,SS59,0.45284122228622437,Related,SS53,0.4488406181335449,Related,SS50,0.4457032084465027,Related
GE-8,SM1Y,BERT_SOFT_DICT,SM1Y,0.4721098840236664,Related,SK53,0.45769739151000977,Related,SR11,0.43760472536087036,Related,SS53,0.43242311477661133,Related,SM71,0.4317006468772888,Related
GE-10,SP9Y,BERT_SOFT_DICT,SR66,0.5059857368469238,Related,SN4E,0.4881173074245453,Related,SS52,0.48339471220970154,Related,SS85,0.4819936454296112,Related,SS54,0.4774319529533386,Related
GE-11,SM1Y,BERT_SOFT_DICT,SM1Y,0.47856196761131287,Related,SS52,0.4771512746810913,Related,SS55,0.46812570095062256,Related,SS54,0.4454984664916992,Related,SS56,0.4373019337654114,Related
GF-7,SL01,BERT_SOFT_DICT,SL01,0.5781152844429016,Related,SN49,0.43502140045166016,Related,SK6U,0.3847338855266571,Weak,SR20,0.37036609649658203,Weak,SK50,0.3680337369441986,Weak
GF-9,SL0Y,BERT_SOFT_DICT,SL0Y,0.43879416584968567,Related,SR1V,0.26509153842926025,Weak,SR1X,0.24082531034946442,Weak,SR4L,0.23205263912677765,Weak,SR66,0.22356557846069336,Weak
GF-10,SL05,BERT_SOFT_DICT,SL05,0.5216804146766663,Related,SP95,0.27403524518013,Weak,SN4W,0.2731911838054657,Weak,SS13,0.26072120666503906,Weak,SS36,0.25658276677131653,Weak
GF-11,SL03,BERT_SOFT_DICT,SL03,0.5783756375312805,Related,SR85,0.3970905542373657,Weak,SK6P,0.3960891366004944,Weak,SP95,0.3799992799758911,Weak,SQ02,0.37444382905960083,Weak
GF-13,SL0Y,BERT_SOFT_DICT,SL0Y,0.5158697366714478,Related,SM15,0.3696660101413727,Weak,SN4E,0.36694103479385376,Weak,SQ60,0.3590599298477173,Weak,SS60,0.3583509027957916,Weak
GF-16,SL2Y,BERT_SOFT_DICT,SL2Y,0.43856698274612427,Related,SS60,0.39298468828201294,Weak,SR1N,0.354580819606781,Weak,SM9B,0.3529660701751709,Weak,SS82,0.35027122497558594,Weak
GF-19,SL0Y,BERT_SOFT_DICT,SL0Y,0.5309290885925293,Related,SS60,0.37210339307785034,Weak,SQ02,0.340985506772995,Weak,SP92,0.335632860660553,Weak,SS36,0.3323546051979065,Weak
GG,SM1Y,BERT_SOFT_DICT,SM1Y,0.5023834109306335,Related,SS60,0.4209081828594208,Related,SS80,0.38443228602409363,Weak,SR67,0.38084590435028076,Weak,SN4E,0.3702615201473236,Weak
HA-1,SK68,BERT_SOFT_DICT,SK68,0.674641489982605,Equivalent,SK6R,0.5643950700759888,Related,SK6G,0.536041259765625,Related,SK66,0.5086240768432617,Related,SK7Y,0.4867843687534332,Related
HB-5,SK6U,BERT_SOFT_DICT,SK6U,0.593194842338562,Related,SS58,0.4841728210449219,Related,SP5B,0.4719889461994171,Related,SN4W,0.469113826751709,Related,SM51,0.4673457443714142,Related
HB-7,SK6P,BERT_SOFT_DICT,SK6P,0.6539993286132812,Equivalent,SK6R,0.4511646628379822,Related,SK6G,0.42680174112319946,Related,SK6K,0.41786277294158936,Related,SK6H,0.4069935083389282,Related
HB-8,SK7Y,BERT_SOFT_DICT,SK7Y,0.5016194880008698,Related,SM51,0.4888799786567688,Related,SN4E,0.46692824363708496,Related,SS82,0.4436473846435547,Related,SP5B,0.43596023321151733,Related
HB-17,SK6J,BERT_SOFT_DICT,SK6J,0.8885135650634766,Equivalent,SK7Z,0.45898014307022095,Related,SK6H,0.44427987933158875,Related,SK6U,0.4250304102897644,Related,SK69,0.39757752418518066,Weak
HD-2,SK6C,BERT_SOFT_DICT,SK6C,0.4429098665714264,Related,SS2B,0.3527265787124634,Weak,SS50,0.3464212119579315,Weak,SN4W,0.3454861044883728,Weak,SM1L,0.32113879919052124,Weak
HD-4,SK7Y,BERT_SOFT_DICT,SP92,0.49306055903434753,Related,SP5B,0.4833453893661499,Related,SK7Y,0.4775484800338745,Related,SQ21,0.43943285942077637,Related,SS28,0.43711239099502563,Related
HE-4,SK61,BERT_SOFT_DICT,SK6H,0.5331302881240845,Related,SR04,0.49827641248703003,Related,SK6G,0.4851996898651123,Related,SK69,0.47746098041534424,Related,SK6U,0.4725645184516907,Related
HF-3,SK6W,BERT_SOFT_DICT,SK6W,0.6734987199306488,Equivalent,SK6R,0.5949748158454895,Related,SK6G,0.5379313230514526,Related,SK66,0.5029573440551758,Related,SK6H,0.4720396399497986,Related
HF-5,SK6X,BERT_SOFT_DICT,SK6X,0.5516324937343597,Related,SK6H,0.4512694776058197,Related,SK6G,0.4348359704017639,Related,SK6R,0.4330689609050751,Related,SK6U,0.4287700057029724,Related
HF-8,SK7Y,BERT_SOFT_DICT,SK7Y,0.3879568427801132,Weak,SQ21,0.38620808720588684,Weak,SQ02,0.3777150511741638,Weak,SP21,0.370452880859375,Weak,SS60,0.36412692070007324,Weak
HF-9,SK7Y,BERT_SOFT_DICT,SQ02,0.4655982553958893,Related,SN4W,0.445220410823822,Related,SR00,0.43303751945495605,Related,SM71,0.43135881423950195,Related,SQ21,0.43039506673812866,Related
HG-2.4,SK65,BERT_SOFT_DICT,SK65,0.517417311668396,Related,SS55,0.43495872616767883,Related,SN4W,0.42377835512161255,Related,SM1L,0.41947007179260254,Related,SS52,0.41454949975013733,Related
HG-3,SK7Y,BERT_SOFT_DICT,SK7Y,0.3795373737812042,Weak,SN4W,0.3607461452484131,Weak,SR1W,0.35840532183647156,Weak,SR1V,0.34748074412345886,Weak,SK80,0.341067373752594,Weak
HG-4,SK63,BERT_SOFT_DICT,SK63,0.5943018198013306,Related,SK64,0.551936149597168,Related,SR15,0.47328120470046997,Related,SN49,0.4673498868942261,Related,SR17,0.46196842193603516,Related
HG-10,SK7Y,BERT_SOFT_DICT,SK7Y,0.4559888541698456,Related,SQ20,0.4218979775905609,Related,SR00,0.4148881435394287,Related,SQ21,0.40967684984207153,Related,SM71,0.40868717432022095,Related
HG-12,SK7Y,BERT_SOFT_DICT,SK7Y,0.3899706304073334,Weak,SS60,0.32898661494255066,Weak,SQ02,0.32059165835380554,Weak,SR04,0.29161375761032104,Weak,SS30,0.29121339321136475,Weak
I-6,SK95,BERT_SOFT_DICT,SK95,0.44052237272262573,Related,SS17,0.3521943688392639,Weak,SR8E,0.33450669050216675,Weak,SK86,0.33236974477767944,Weak,SK6P,0.321042001247406,Weak
I-10,SK95,BERT_SOFT_DICT,SM1L,0.4718502163887024,Related,SN4R,0.4611489772796631,Related,SM13,0.45468759536743164,Related,SK80,0.45449692010879517,Related,SN4W,0.44541043043136597,Related
I-13,SK9Y,BERT_SOFT_DICT,SK9Y,0.4748191386461258,Related,SS56,0.38200634717941284,Weak,SS53,0.3643379509449005,Weak,SM13,0.35980498790740967,Weak,SR00,0.3552509546279907,Weak
I-16,SK94,BERT_SOFT_DICT,SK94,0.6764485836029053,Equivalent,SK93,0.4642012119293213,Related,SK97,0.45909231901168823,Related,SK9Z,0.45190519094467163,Related,SK9Y,0.43753790855407715,Related
J-1,SK8Y,BERT_SOFT_DICT,SS50,0.49977707862854004,Related,SR11,0.4996374249458313,Related,SM9B,0.4939165711402893,Related,SS82,0.49389398097991943,Related,SN4W,0.4937012195587158,Related
J-3,SK8Y,BERT_SOFT_DICT,SS52,0.5404958724975586,Related,SS55,0.5171201229095459,Related,SK8Y,0.5125109553337097,Related,SR1B,0.5061242580413818,Related,SR1D,0.48815616965293884,Related
J-7,SK86,BERT_SOFT_DICT,SK86,0.7409800589084625,Equivalent,SK80,0.5361664295196533,Related,SN4W,0.4675368070602417,Related,SK82,0.4611740708351135,Related,SR1V,0.4590492844581604,Related
J-11,SK8Y,BERT_SOFT_DICT,SK8Y,0.5660115480422974,Related,SK80,0.5393205285072327,Related,SN4W,0.520647406578064,Related,SK86,0.5162839889526367,Related,SS55,0.5102851986885071,Related
J-16,SK8Y,BERT_SOFT_DICT,SK8Y,0.4952576607465744,Related,SS55,0.4907299876213074,Related,SS52,0.4886096715927124,Related,SN4W,0.46686822175979614,Related,SK80,0.452119916677475,Related
J-20,SK87,BERT_SOFT_DICT,SK87,0.7597538828849792,Equivalent,SK83,0.5301362872123718,Related,SK80,0.49613893032073975,Related,SK8Y,0.48797065019607544,Related,SK86,0.4750516414642334,Related
K,SN4W,BERT_SOFT_DICT,SN4W,0.6331377625465393,Equivalent,SK55,0.4567034840583801,Related,SN49,0.40950819849967957,Related,SR20,0.4085439443588257,Related,SR40,0.40574371814727783,Related
LD,ST20,BERT_SOFT_DICT,ST20,0.6751143038272858,Equivalent,SQ2Y,0.4797128736972809,Related,SQ00,0.4685079753398895,Related,SQ8Y,0.46822404861450195,Related,SK64,0.46415388584136963,Related
MA,SN1Y,BERT_SOFT_DICT,SN1Y,0.6221681833267212,Equivalent,SS82,0.4840078353881836,Related,SS53,0.48109889030456543,Related,SS50,0.4631640315055847,Related,SS17,0.4381931722164154,Related
MD-1,SM1Y,BERT_SOFT_DICT,SR66,0.46425092220306396,Related,SP5B,0.44007790088653564,Related,SM1A,0.43983033299446106,Related,SQ02,0.4385049641132355,Related,SQ03,0.4365466833114624,Related
MD-2,SM12,BERT_SOFT_DICT,SM12,0.4948253780603409,Related,SM1J,0.46170663833618164,Related,SM1G,0.389525830745697,Weak,SM1Y,0.38207370042800903,Weak,SR20,0.3487260937690735,Weak
MD-10,SR05,BERT_SOFT_DICT,SR05,0.6177972853183746,Equivalent,SM75,0.39423274993896484,Weak,SS14,0.3551122844219208,Weak,SM74,0.352216899394989,Weak,SQ80,0.3455333709716797,Weak
MD-12,SR00,BERT_SOFT_DICT,SR00,0.6509203314781189,Equivalent,SP52,0.44372671842575073,Related,SK7Y,0.41360360383987427,Related,SN4G,0.40994322299957275,Related,SK67,0.4045942425727844,Related
O-2,SN5Y,BERT_SOFT_DICT,SM51,0.46829813718795776,Related,SM71,0.4158692955970764,Related,SM1L,0.4074805974960327,Related,SK6G,0.4036792814731598,Related,SS60,0.40320298075675964,Related
O-4,SN5Y,BERT_SOFT_DICT,SN5Y,0.535136342048645,Related,SS58,0.5098965167999268,Related,SS84,0.5007234215736389,Related,SS5E,0.494617223739624,Related,SS5D,0.4934840202331543,Related
O-5,SN0Y,BERT_SOFT_DICT,SM1L,0.4349886178970337,Related,SR85,0.4153599739074707,Related,SM71,0.39550068974494934,Weak,SS55,0.39545387029647827,Weak,SN0Y,0.384739950299263,Weak
O-7,SN70,BERT_SOFT_DICT,SN70,0.8861035108566284,Equivalent,SK50,0.4819316864013672,Related,SN43,0.479203462600708,Related,SN4C,0.4581828713417053,Related,SN5Y,0.4461413323879242,Related
O-12,SN4T,BERT_SOFT_DICT,SN4T,0.5404148697853088,Related,SS55,0.4421955943107605,Related,SK53,0.42773014307022095,Related,SS52,0.4262824058532715,Related,SR1D,0.42514845728874207,Related
O-17,SN5Y,BERT_SOFT_DICT,SS38,0.3672889471054077,Weak,SN4W,0.3601199984550476,Weak,SS36,0.35198742151260376,Weak,SS32,0.3509915769100189,Weak,SQ02,0.34301355481147766,Weak
O-21,SN4F,BERT_SOFT_DICT,SN4F,0.800235390663147,Equivalent,SN4J,0.4648662209510803,Related,SN09,0.3980977535247803,Weak,SM41,0.3820749819278717,Weak,SM51,0.3800824284553528,Weak
O-23,SN4E,BERT_SOFT_DICT,SN4J,0.5323385000228882,Related,SN4F,0.5030001401901245,Related,SN40,0.47251853346824646,Related,SN4E,0.4657454490661621,Related,SN4W,0.45330917835235596,Related
O-34,SN5Y,BERT_SOFT_DICT,SS60,0.4384051263332367,Related,SP95,0.41505053639411926,Related,SS82,0.40592679381370544,Related,SR00,0.4058258533477783,Related,SS59,0.40411531925201416,Related
O-38,SN40,BERT_SOFT_DICT,SN40,0.6536262631416321,Equivalent,SN4J,0.5214926600456238,Related,SN41,0.4520476758480072,Related,SN42,0.43690019845962524,Related,SN4N,0.41034936904907227,Related
O-39,SN90,BERT_SOFT_DICT,SN90,0.7809693813323975,Equivalent,SN70,0.4772876501083374,Related,SN71,0.4648551344871521,Related,SN7Z,0.4281371235847473,Related,SN9Y,0.42230165004730225,Related
O-40,SN5Y,BERT_SOFT_DICT,SS55,0.43607914447784424,Related,SR00,0.4345860481262207,Related,SN5Y,0.43031221628189087,Related,SQ02,0.42588692903518677,Related,SS82,0.41833022236824036,Related
O-42,SN4G,BERT_SOFT_DICT,SN4G,0.5956158638000488,Related,SN4J,0.47443273663520813,Related,SR15,0.3901509642601013,Weak,SN41,0.3779657483100891,Weak,SN4F,0.36772269010543823,Weak
O-43,SP9Y,BERT_SOFT_DICT,SP9Y,0.3825230151414871,Weak,SQ21,0.36002790927886963,Weak,SQ03,0.32883167266845703,Weak,SQ02,0.3084750771522522,Weak,SS71,0.30064740777015686,Weak
O-50,SN5Y,BERT_SOFT_DICT,SN5Y,0.5072534680366516,Related,SM51,0.4297914505004883,Related,SK6T,0.4218832850456238,Related,SM1B,0.4136788845062256,Related,SQ60,0.4013271927833557,Related
PC-9,SQ6Y,BERT_SOFT_DICT,SQ6Y,0.6087184548377991,Equivalent,SS11,0.43019646406173706,Related,SM51,0.40904709696769714,Related,SM71,0.4069979190826416,Related,SM13,0.4052291512489319,Related
Q-7,SQ2Y,BERT_SOFT_DICT,SQ2Y,0.5501651167869568,Related,SM13,0.467746764421463,Related,SM1L,0.4593315124511719,Related,SS55,0.457908570766449,Related,SL21,0.4556652307510376,Related
Q-9,SQ2Y,BERT_SOFT_DICT,SQ2Y,0.609508752822876,Equivalent,SN4W,0.4772207736968994,Related,SN45,0.4653598666191101,Related,SM51,0.4603486955165863,Related,SN07,0.4570367634296417,Related
Q-12,SQ2Y,BERT_SOFT_DICT,SQ2Y,0.5138506293296814,Related,SM13,0.41383329033851624,Related,SQ23,0.40297427773475647,Related,SN4F,0.4008709192276001,Related,SK98,0.3894689679145813,Weak
R,SQ8Y,BERT_SOFT_DICT,SQ8Y,0.6004620790481567,Equivalent,SK53,0.4724544882774353,Related,SQ02,0.4680314064025879,Related,SM9B,0.4672127962112427,Related,SN4E,0.4601929187774658,Related
RA-1,SQ24,BERT_SOFT_DICT,SK64,0.46539703011512756,Related,SQ24,0.44136345386505127,Related,SK55,0.43696990609169006,Related,SK00,0.43128371238708496,Related,SK54,0.43076789379119873,Related
RD-1,SS2E,BERT_SOFT_DICT,SS2E,0.5237718224525452,Related,SM32,0.4894985556602478,Related,SM75,0.4764448404312134,Related,SM3Y,0.4671197533607483,Related,SN49,0.45677244663238525,Related
RD-3,SS29,BERT_SOFT_DICT,SS29,0.62024787068367,Equivalent,SN49,0.5002824068069458,Related,SP99,0.45893794298171997,Related,SN4D,0.45663920044898987,Related,SR20,0.4468756318092346,Related
RD-11,SS23,BERT_SOFT_DICT,SS23,0.5679318010807037,Related,SK51,0.49838364124298096,Related,SP4Y,0.49182143807411194,Related,SN3Y,0.4907253682613373,Related,SM01,0.46859148144721985,Related
VA-5,SS54,BERT_SOFT_DICT,SS54,0.8341929316520691,Equivalent,SR20,0.5359371900558472,Related,SR17,0.4754076600074768,Related,SN49,0.47450360655784607,Related,SR15,0.46291857957839966,Related
VA-6,SS55,BERT_SOFT_DICT,SS55,0.7869962453842163,Equivalent,SR1A,0.45227041840553284,Related,SS56,0.4462101459503174,Related,SS52,0.44158226251602173,Related,SR20,0.4384700655937195,Related
VE-1.1,SS60,BERT_SOFT_DICT,SS60,0.6018228530883789,Narrower,SS62,0.5107067227363586,Related,SS61,0.4918072521686554,Related,SQ02,0.4425904154777527,Related,SN09,0.429932177066803,Related
VE-1.7,SS60,BERT_SOFT_DICT,SQ02,0.526853621006012,Related,SN4W,0.5125637054443359,Related,SQ21,0.5002243518829346,Related,SS17,0.4636267125606537,Related,SR00,0.45880764722824097,Related
VE-2.3,SS61,BERT_SOFT_DICT,SQ02,0.4449087679386139,Related,SS60,0.43654757738113403,Related,SN4W,0.4278409481048584,Related,SS59,0.4250170588493347,Related,SQ21,0.42142370343208313,Related
VE-2.5,SS61,BERT_SOFT_DICT,SS62,0.47103241086006165,Related,SS60,0.46188580989837646,Related,SS61,0.42793282866477966,Related,SM1L,0.4174039363861084,Related,SM13,0.40550512075424194,Related
VE-3.1,SS62,BERT_SOFT_DICT,SS62,0.5261486172676086,Related,SS60,0.5211830735206604,Related,SS61,0.4618271291255951,Related,SR85,0.3924052119255066,Weak,SQ21,0.3868369162082672,Weak
VE-3.2,SS62,BERT_SOFT_DICT,SS60,0.49941813945770264,Related,SS62,0.48327136039733887,Related,SS61,0.43531501293182373,Related,SQ21,0.3917067050933838,Weak,SS82,0.3802892565727234,Weak
AAA-2.1,SR10,BERT_HARD_DICT,SR10,0.6509249210357666,Equivalent,SK55,0.3982005715370178,Weak,SM3Y,0.36907798051834106,Weak,SM33,0.36303314566612244,Weak,SM75,0.34850725531578064,Weak
AAB-2,SQ05,BERT_HARD_DICT,SQ05,0.7646973133087158,Equivalent,SK53,0.427865207195282,Related,SM35,0.4226742386817932,Related,SS60,0.38905879855155945,Weak,SS61,0.38032370805740356,Weak
AAB-3,SP9Y,BERT_HARD_DICT,SN4W,0.4381592571735382,Related,SP9Y,0.43521130084991455,Related,SR1W,0.4089448153972626,Related,SS56,0.38944610953330994,Weak,SK6P,0.37818363308906555,Weak
AAB-7,SM1P,BERT_HARD_DICT,SM1P,0.5989386737346649,Related,SM15,0.45107096433639526,Related,SQ80,0.40097105503082275,Related,SM1J,0.39258068799972534,Weak,SM1Y,0.38706767559051514,Weak
AAB-40,SP1Y,BERT_HARD_DICT,SN4W,0.44898366928100586,Related,SQ21,0.43513625860214233,Related,SQ60,0.4295479655265808,Related,SN4F,0.4293385148048401,Related,SN07,0.42880573868751526,Related
AAB-46,SK30,BERT_HARD_DICT,SK30,0.527920663356781,Related,SM13,0.37667417526245117,Weak,SN4F,0.3413460850715637,Weak,SK53,0.3286036252975464,Weak,SN60,0.3261955976486206,Weak
AAB-48,SM1Y,BERT_HARD_DICT,SQ21,0.4713900089263916,Related,SM1Y,0.4288893938064575,Related,SQ03,0.41569608449935913,Related,SQ02,0.39272379875183105,Weak,SR00,0.3763461709022522,Weak
AAB-49,SN60,BERT_HARD_DICT,SN60,0.7980645895004272,Equivalent,SN6Y,0.3838960528373718,Weak,SN4G,0.3833184242248535,Weak,SN4F,0.36667972803115845,Weak,SN41,0.36329442262649536,Weak
AAB-50,SN7Y,BERT_HARD_DICT,SN7Y,0.5425154566764832,Related,SN4W,0.40257054567337036,Related,SQ02,0.38399988412857056,Weak,SS50,0.37620776891708374,Weak,SP95,0.37498682737350464,Weak
AAB-54,SK5Y,BERT_HARD_DICT,SK5Y,0.5625355839729309,Related,SN4W,0.4466800093650818,Related,SN4R,0.42080676555633545,Related,SR00,0.4206724166870117,Related,SM15,0.4189385771751404,Related
AAB-64,SP4Y,BERT_HARD_DICT,SR00,0.4539230763912201,Related,SN4W,0.45196211338043213,Related,SQ02,0.39354467391967773,Weak,SS16,0.38674402236938477,Weak,SN46,0.38294535875320435,Weak
AAB-66,SP9Y,BERT_HARD_DICT,SP9Y,0.42297008633613586,Related,SQ02,0.3883703947067261,Weak,SN4W,0.3872210383415222,Weak,SK53,0.3642100691795349,Weak,SM1L,0.34703677892684937,Weak
AAB-74,SM1N,BERT_HARD_DICT,SM1N,0.5601780414581299,Related,SM1Y,0.4224507808685303,Related,SM15,0.41619667410850525,Related,SL07,0.40460771322250366,Related,SN42,0.3962826728820801,Weak
AAB-80,SP1Y,BERT_HARD_DICT,SM51,0.42079538106918335,Related,SP1Y,0.41949784755706787,Related,SS56,0.4161980152130127,Related,SK6E,0.4118100702762604,Related,SR66,0.4074299931526184,Related
AAB-86,SP9Y,BERT_HARD_DICT,SR11,0.4840330183506012,Related,SR13,0.47946321964263916,Related,SS50,0.4777325987815857,Related,SR10,0.46779561042785645,Related,SR12,0.4631015956401825,Related
AAB-87,SP1Y,BERT_HARD_DICT,SS82,0.5049061179161072,Related,SS55,0.47899124026298523,Related,SR10,0.47430574893951416,Related,SS50,0.4586814045906067,Related,SS53,0.4432777762413025,Related
AAB-88,SP9Y,BERT_HARD_DICT,SS82,0.47652143239974976,Related,SR10,0.46948671340942383,Related,SR14,0.45865294337272644,Related,SR13,0.4583081603050232,Related,SR11,0.45723846554756165,Related
AAB-93,SP4Y,BERT_HARD_DICT,SK53,0.4664912223815918,Related,SN4W,0.4504236578941345,Related,SM3J,0.4100714325904846,Related,SS50,0.39678001403808594,Weak,SR11,0.3936471939086914,Weak
AAB-97,SN03,BERT_HARD_DICT,SR4E,1.9167705178260803,Equivalent,SR4D,0.6366898417472839,Narrower,SN09,0.5911998152732849,Related,SS23,0.5873743295669556,Related,SN03,0.576420396566391,Related
AAB-100,SP9Y,BERT_HARD_DICT,SS59,0.4573916792869568,Related,SS30,0.4252263009548187,Related,SP9Y,0.42306146025657654,Related,SS17,0.4186745285987854,Related,SS57,0.417960524559021,Related
AAB-103,SP9Y,BERT_HARD_DICT,SQ60,0.45255428552627563,Related,SN4W,0.4146353602409363,Related,SR00,0.40664172172546387,Related,SP9Y,0.391332745552063,Weak,SM51,0.38646697998046875,Weak
AAB-105,SP9Y,BERT_HARD_DICT,SR66,0.4383161664009094,Related,SN4W,0.4284327030181885,Related,SP9Y,0.42358164489269257,Related,SS19,0.41276153922080994,Related,SS13,0.41086816787719727,Related
AAB-108,SP4Y,BERT_HARD_DICT,SN4W,0.3952300548553467,Weak,SK53,0.38091814517974854,Weak,SQ02,0.3745579421520233,Weak,SP95,0.3729844093322754,Weak,SR00,0.3641490340232849,Weak
AAB-110,SL62,BERT_HARD_DICT,SL62,0.6010574996471405,Equivalent,SL60,0.37510937452316284,Weak,SL6Y,0.3734753131866455,Weak,SL61,0.3691357374191284,Weak,SM0Y,0.34778282046318054,Weak
AAC-1,SK30,BERT_HARD_DICT,SK30,0.6060592234134674,Equivalent,SQ02,0.4384709596633911,Related,SM51,0.4251851439476013,Related,SQ03,0.42430180311203003,Related,SR00,0.41346287727355957,Related
AAC-2,SK30,BERT_HARD_DICT,SK30,0.5441807508468628,Related,SS56,0.4248802065849304,Related,SS55,0.4104558229446411,Related,SM15,0.4053056836128235,Related,SL07,0.401924729347229,Related
AAC-5,SP0Y,BERT_HARD_DICT,SP0Y,0.46870091557502747,Related,SN07,0.4069315195083618,Related,SK53,0.4048185348510742,Related,SN4W,0.3963104486465454,Weak,SQ02,0.3954910635948181,Weak
AAC-6,SP00,BERT_HARD_DICT,SP00,0.7100805640220642,Equivalent,SK6X,0.4461400508880615,Related,SR4A,0.39254462718963623,Weak,SN60,0.3702343702316284,Weak,SM8C,0.365075021982193,Weak
AAC-7,SN08,BERT_HARD_DICT,SN08,0.626472681760788,Equivalent,SK55,0.49721574783325195,Related,SM81,0.4835452437400818,Related,SN3Y,0.47562289237976074,Related,SM8B,0.46047118306159973,Related
AAC-8,SP15,BERT_HARD_DICT,SP15,0.8408695459365845,Equivalent,SP20,0.4493589699268341,Related,SP2Y,0.43211719393730164,Related,SP42,0.4228069484233856,Related,SP13,0.40943142771720886,Related
AAC-9.2,SK55,BERT_HARD_DICT,SK55,0.650793731212616,Equivalent,SN4W,0.4489095211029053,Related,SQ02,0.4405949115753174,Related,SM13,0.42949068546295166,Related,SN07,0.41136252880096436,Related
AAC-12,SM31,BERT_HARD_DICT,SM31,0.7015184760093689,Equivalent,SK55,0.48179739713668823,Related,SM3Y,0.4254339933395386,Related,SM33,0.40890079736709595,Related,SM75,0.4083367586135864,Related
AAC-13,SK30,BERT_HARD_DICT,SK30,0.661552906036377,Equivalent,SQ02,0.5124687552452087,Related,SN4W,0.48584702610969543,Related,SK53,0.47550517320632935,Related,SP5B,0.47501182556152344,Related
AAC-16,SK5Y,BERT_HARD_DICT,SK5Y,0.42467285692691803,Related,SS19,0.37006300687789917,Weak,SR67,0.368675172328949,Weak,SS18,0.3595707416534424,Weak,SS17,0.35587364435195923,Weak
AAC-239,SK30,BERT_HARD_DICT,SK30,0.5156067907810211,Related,SQ21,0.42508143186569214,Related,SM13,0.39331066608428955,Weak,SP95,0.3925362825393677,Weak,SP5B,0.39224621653556824,Weak
AAC-27,SM83,BERT_HARD_DICT,SM83,0.47345389425754547,Related,SS53,0.3509160280227661,Weak,SM51,0.33450859785079956,Weak,SS85,0.3326985538005829,Weak,SQ21,0.3290686309337616,Weak
AAC-38,SK22,BERT_HARD_DICT,SK53,0.339509516954422,Weak,SN60,0.32538193464279175,Weak,SN4G,0.3206776976585388,Weak,SN4E,0.31821295619010925,Weak,SN4F,0.31514841318130493,Weak
AAC-39,SL7Y,BERT_HARD_DICT,SL7Y,0.5332677066326141,Related,SK6T,0.41090983152389526,Related,SL70,0.39598798751831055,Weak,SR00,0.39551249146461487,Weak,SN4W,0.3917859196662903,Weak
AAD-2.7,SR20,BERT_HARD_DICT,SR20,0.7597334980964661,Equivalent,SS81,0.490237832069397,Related,SS54,0.4852122664451599,Related,SR18,0.47608286142349243,Related,SR17,0.475160151720047,Related
AAD-2.9,SR20,BERT_HARD_DICT,SR20,0.7333657145500183,Equivalent,SR18,0.5087170600891113,Related,SS81,0.4808012843132019,Related,SR15,0.4758921265602112,Related,SR17,0.4717915654182434,Related
AAD-4,SR20,BERT_HARD_DICT,SR20,0.6249105334281921,Equivalent,SR11,0.4239470362663269,Related,SN4W,0.4208926856517792,Related,SS82,0.4152309000492096,Related,SS55,0.40923458337783813,Related
AAD-4.1,SR20,BERT_HARD_DICT,SR20,0.6401265263557434,Equivalent,SS55,0.4223994016647339,Related,SR11,0.4030442237854004,Related,SS19,0.3985663056373596,Weak,SM51,0.3929266929626465,Weak
AAD-5,SR20,BERT_HARD_DICT,SR20,0.5474191308021545,Related,SQ21,0.40448030829429626,Related,SS60,0.3857848048210144,Weak,SN4W,0.36700519919395447,Weak,SQ02,0.36542558670043945,Weak
ABA-1,SR16,BERT_HARD_DICT,SR16,0.7682172060012817,Equivalent,SS81,0.48261457681655884,Related,SR17,0.4639897048473358,Related,SR15,0.4578208327293396,Related,SR18,0.455214262008667,Related
ABA-2,SR17,BERT_HARD_DICT,SR17,0.7600711584091187,Equivalent,SR19,0.4549942910671234,Related,SR20,0.45035520195961,Related,SR16,0.44460511207580566,Related,SR15,0.4432374835014343,Related
ABA-2.1,SR15,BERT_HARD_DICT,SR15,0.622954249382019,Equivalent,SM1Z,0.3691704273223877,Weak,SR17,0.3561769425868988,Weak,SN4P,0.34892934560775757,Weak,SM15,0.3482910096645355,Weak
ABB-1,SK7Y,BERT_HARD_DICT,SS52,0.46163320541381836,Related,SS55,0.45553576946258545,Related,SN4W,0.4393763840198517,Related,SM71,0.42526963353157043,Related,SM1L,0.42334744334220886,Related
ABB-7,SM3Y,BERT_HARD_DICT,SM71,0.45543721318244934,Related,SN4W,0.4347563683986664,Related,SM3Y,0.43253935873508453,Related,SP5B,0.4152374267578125,Related,SQ02,0.4070075750350952,Related
ABB-10,SP9Y,BERT_HARD_DICT,SS61,0.4122313857078552,Related,SQ21,0.385605126619339,Weak,SR00,0.38516515493392944,Weak,SS60,0.3789307773113251,Weak,SQ02,0.3756679892539978,Weak
ABB-25,SP9Y,BERT_HARD_DICT,SP9Y,0.519044041633606,Related,SS82,0.5154520869255066,Related,SM13,0.5028353333473206,Related,SM51,0.49241340160369873,Related,SQ02,0.48689478635787964,Related
ABB-29,SP2Y,BERT_HARD_DICT,SP2Y,0.5362952947616577,Related,SN60,0.4353165030479431,Related,SL07,0.42378443479537964,Related,SN4W,0.4232873320579529,Related,SN4E,0.41544151306152344,Related
ACA-1,SR1B,BERT_HARD_DICT,SR1B,0.7368870377540588,Equivalent,SS80,0.4149813652038574,Related,SR11,0.3939480185508728,Weak,SR1C,0.39109501242637634,Weak,SP95,0.3840665817260742,Weak
ACA-2,SR1C,BERT_HARD_DICT,SR1C,0.723339170217514,Equivalent,SR1E,0.4229297637939453,Related,SK64,0.4091610312461853,Related,SK91,0.407037615776062,Related,ST0M,0.3938201069831848,Weak
ACA-4,SR1E,BERT_HARD_DICT,SR1E,0.607896476984024,Equivalent,SN49,0.4346511662006378,Related,SR20,0.41003644466400146,Related,ST0K,0.39955252408981323,Weak,SK64,0.3857409954071045,Weak
ACB-15,SQ4Y,BERT_HARD_DICT,SQ4Y,0.4723055064678192,Related,SN4W,0.4338238537311554,Related,SM71,0.4188254773616791,Related,SK86,0.4052927494049072,Related,SM9B,0.40285831689834595,Related
ACB-27,SP9Y,BERT_HARD_DICT,SP9Y,0.4400101751089096,Related,SK6P,0.43011659383773804,Related,SM10,0.3956916928291321,Weak,SN4W,0.38571447134017944,Weak,SK53,0.3801391124725342,Weak
BD-2,SP62,BERT_HARD_DICT,SP62,0.8715360164642334,Equivalent,SR47,0.8095174431800842,Equivalent,SP70,0.5225226879119873,Related,SR48,0.484752357006073,Related,SP64,0.4309566617012024,Related
BE-1,SR4A,BERT_HARD_DICT,SR4A,0.7151409387588501,Equivalent,SN71,0.4405009150505066,Related,SN70,0.41681230068206787,Related,SN4C,0.4007260799407959,Related,SK6X,0.39054977893829346,Weak
BF-2,SR4B,BERT_HARD_DICT,SR4B,0.6018422245979309,Equivalent,SK6R,0.5202864408493042,Related,SK6G,0.47502148151397705,Related,SK6H,0.4430124759674072,Related,SR04,0.42812347412109375,Related
BA-3.1,SR4K,BERT_HARD_DICT,SR4K,0.6335264444351196,Equivalent,SR4J,0.4945669174194336,Related,SN3Y,0.40571844577789307,Related,SM9Z,0.3883407711982727,Weak,SM98,0.3871484398841858,Weak
BH-1,SR4F,BERT_HARD_DICT,SR4F,0.5850246250629425,Related,SP92,0.48166924715042114,Related,SS61,0.4519653022289276,Related,SP91,0.4445587992668152,Related,SS3J,0.43222713470458984,Related
CC-2,SN45,BERT_HARD_DICT,SN45,0.8163207769393921,Equivalent,SR84,0.6894326508045197,Equivalent,SR8N,0.4937724173069,Related,SR8E,0.4716998040676117,Related,SR8G,0.42365068197250366,Related
CA-1,SR83,BERT_HARD_DICT,SR83,0.6479393243789673,Equivalent,SM81,0.493733286857605,Related,SM89,0.47202029824256897,Related,SP63,0.4554852843284607,Related,SM82,0.45130103826522827,Related
CA-2,SR82,BERT_HARD_DICT,SR82,0.7527559399604797,Equivalent,SM81,0.5084367394447327,Related,SM89,0.49601101875305176,Related,SM82,0.46481865644454956,Related,SM8B,0.4159173369407654,Related
CB-1,SR81,BERT_HARD_DICT,SR81,0.5872766971588135,Related,SM83,0.45972537994384766,Related,SM70,0.4426611065864563,Related,SM3Y,0.43169087171554565,Related,SR80,0.4210939109325409,Related
CB-2,SR80,BERT_HARD_DICT,SR80,0.7072044610977173,Equivalent,SR5A,0.4149431586265564,Related,SM75,0.36766916513442993,Weak,SM70,0.3674653172492981,Weak,SM3K,0.36078476905822754,Weak
CB-3,SR86,BERT_HARD_DICT,SR86,0.6780188977718353,Equivalent,SM75,0.48261216282844543,Related,SS2A,0.42487916350364685,Related,SQ2Y,0.4102509021759033,Related,SS15,0.4033714532852173,Related
D,SS10,BERT_HARD_DICT,SS10,0.8071703910827637,Equivalent,SS13,0.4535810351371765,Related,SS18,0.44417113065719604,Related,SS17,0.4343964755535126,Related,SS11,0.43398523330688477,Related
DB-2,SS11,BERT_HARD_DICT,SS11,0.8101757764816284,Equivalent,SS14,0.42511117458343506,Related,SS18,0.4164322018623352,Related,SM74,0.40251386165618896,Related,SS13,0.38612478971481323,Weak
DB-4,SS14,BERT_HARD_DICT,SS14,0.7365865707397461,Equivalent,SQ2Y,0.38775932788848877,Weak,SS22,0.37178918719291687,Weak,SQ80,0.36779165267944336,Weak,SS15,0.366728812456131,Weak
EA-2.5,SM74,BERT_HARD_DICT,SM74,0.5108612179756165,Related,SS55,0.4519040584564209,Related,SS36,0.4444965720176697,Related,SS30,0.42908748984336853,Related,SS39,0.4288496673107147,Related
EA-4.5.1,SL40,BERT_HARD_DICT,SM51,0.4801260232925415,Related,SQ60,0.46324601769447327,Related,SS82,0.4616278409957886,Related,SM71,0.45976021885871887,Related,SN4G,0.4502568542957306,Related
EB-1,SR59,BERT_HARD_DICT,SR59,0.7339907288551331,Equivalent,SS15,0.4275989532470703,Related,SQ2Y,0.38520050048828125,Weak,SM7Z,0.3850334882736206,Weak,SM75,0.3809485137462616,Weak
EB-2,SM37,BERT_HARD_DICT,SM37,0.6409297585487366,Equivalent,SS2A,0.4629437327384949,Related,SM75,0.43049535155296326,Related,SM7Y,0.4213660955429077,Related,SM32,0.4166886806488037,Related
EB-3.9,SM3C,BERT_HARD_DICT,SM3C,0.6645820736885071,Equivalent,SM3Y,0.374861478805542,Weak,SR86,0.33209341764450073,Weak,SM75,0.3168574571609497,Weak,SM3B,0.3137654662132263,Weak
EB-6,SM3L,BERT_HARD_DICT,SM3L,0.75248783826828,Equivalent,SM32,0.3693685531616211,Weak,SS29,0.3613261580467224,Weak,SQ2Y,0.3514108657836914,Weak,SM3C,0.3386335074901581,Weak
EB-8,SM3K,BERT_HARD_DICT,SM3K,0.7876004576683044,Equivalent,SM31,0.3827126622200012,Weak,SM75,0.35459864139556885,Weak,SM3Y,0.34172970056533813,Weak,SM3Z,0.33650416135787964,Weak
EB-10,SM33,BERT_HARD_DICT,SM33,0.681309163570404,Equivalent,SM3Y,0.4311094284057617,Related,SK55,0.3970559239387512,Weak,SN4W,0.3581524193286896,Weak,SM83,0.35585129261016846,Weak
EB-10.15,SM70,BERT_HARD_DICT,SM70,0.6444476842880249,Narrower,SM3Y,0.45223569869995117,Related,SM33,0.4514748454093933,Related,SM3D,0.42013847827911377,Related,SM83,0.41564446687698364,Related
EC-3,SP51,BERT_HARD_DICT,SP51,0.6725298762321472,Equivalent,SQ2Y,0.42615219950675964,Related,SP5B,0.42505478858947754,Related,SN45,0.4176490604877472,Related,SQ6Y,0.41210120916366577,Related
EC-3.2,SP54,BERT_HARD_DICT,SP54,0.7148629128932953,Equivalent,SK55,0.44112730026245117,Related,SM95,0.43593287467956543,Related,SM9B,0.41879570484161377,Related,SP57,0.41697022318840027,Related
EC-3.7,SP5Y,BERT_HARD_DICT,SS55,0.5511610507965088,Related,SS52,0.5359711647033691,Related,SR1D,0.5356614589691162,Related,SR1B,0.5297267436981201,Related,SM1L,0.5226629972457886,Related
EC-3.8,SP5Y,BERT_HARD_DICT,SP5Y,0.472770631313324,Related,SR66,0.42619815468788147,Related,SN4W,0.4223218560218811,Related,SM1L,0.4126560091972351,Related,SP5B,0.41066649556159973,Related
ED-2.2,SP99,BERT_HARD_DICT,SP99,0.6724943518638611,Equivalent,SN49,0.444253146648407,Related,SN5Z,0.4426790475845337,Related,SN42,0.435227632522583,Related,SN4R,0.4276380240917206,Related
ED-3.1,SM41,BERT_HARD_DICT,SM41,0.5695741474628448,Related,SQ02,0.5049133896827698,Related,SR00,0.4892346262931824,Related,SN4W,0.4784505367279053,Related,SL21,0.4781513810157776,Related
ED-3.3,SM41,BERT_HARD_DICT,SM41,0.47164788842201233,Related,SS58,0.41860687732696533,Related,SR66,0.413349449634552,Related,SS82,0.4012106955051422,Related,SR00,0.38994914293289185,Weak
ED-3.5,SM41,BERT_HARD_DICT,SM41,0.3787231594324112,Weak,SM71,0.3632819652557373,Weak,SM51,0.36213216185569763,Weak,SN07,0.34159958362579346,Weak,SM1L,0.33818158507347107,Weak
ED-4.2.3,SN49,BERT_HARD_DICT,SN49,0.6742918491363525,Equivalent,SM1L,0.48429813981056213,Related,SN4F,0.4590946435928345,Related,SN4W,0.45508840680122375,Related,SM13,0.454490065574646,Related
ED-4.2.6,SN49,BERT_HARD_DICT,SN49,0.5013207197189331,Related,SN4W,0.43969666957855225,Related,SQ02,0.40636271238327026,Related,SR1W,0.399930477142334,Weak,SR1V,0.3971599340438843,Weak
ED-4.2.7,SN4A,BERT_HARD_DICT,SN4A,0.5949240922927856,Related,SN4R,0.48806580901145935,Related,SN42,0.48517006635665894,Related,SN5Y,0.4160485863685608,Related,SN4G,0.40984997153282166,Related
ED-4.3.2,SN5Y,BERT_HARD_DICT,SR00,0.43450871109962463,Related,SN4W,0.4236164093017578,Related,SS59,0.4218519330024719,Related,SQ02,0.42081576585769653,Related,SQ21,0.412584125995636,Related
ED-4.3.7,SN5Y,BERT_HARD_DICT,SR1V,0.44987303018569946,Related,SR1W,0.4317764639854431,Related,SM13,0.4125855565071106,Related,SN4W,0.41173994541168213,Related,SS13,0.4082776606082916,Related
ED-4.4,SN49,BERT_HARD_DICT,SN49,0.7178550064563751,Equivalent,SN4R,0.5214601755142212,Related,SR40,0.5003163814544678,Related,SM13,0.4526902735233307,Related,SN42,0.44961535930633545,Related
ED-8,SP11,BERT_HARD_DICT,SR10,0.5219522714614868,Related,SP11,0.5094642043113708,Related,SR14,0.5026385188102722,Related,SR11,0.4972705543041229,Related,SR12,0.4880629777908325,Related
ED-9.7.9,SM40,BERT_HARD_DICT,SM40,0.5559208989143372,Related,SM42,0.3992807865142822,Weak,SP57,0.38962680101394653,Weak,SM83,0.37781256437301636,Weak,SQ20,0.3720515966415405,Weak
ED-19,SN47,BERT_HARD_DICT,SN47,0.6224752962589264,Equivalent,SQ50,0.4581349492073059,Related,SN31,0.376518189907074,Weak,SM51,0.36143553256988525,Weak,SN4U,0.3588258624076843,Weak
EE-1,SR52,BERT_HARD_DICT,SR52,0.7776761651039124,Equivalent,SR45,0.4795438051223755,Related,SR46,0.46691060066223145,Related,SR53,0.44841432571411133,Related,SP2Z,0.4448799192905426,Related
EE-2,SP72,BERT_HARD_DICT,SP72,0.5034945905208588,Related,SK55,0.3870307505130768,Weak,SK6R,0.3770490288734436,Weak,SK6H,0.37699419260025024,Weak,SK6G,0.3687839210033417,Weak
EE-3.4,SM53,BERT_HARD_DICT,SN4W,0.4779970347881317,Related,SS55,0.47181037068367004,Related,SS50,0.45379525423049927,Related,SS58,0.4467276930809021,Related,SS53,0.4407184422016144,Related
EE-3.6,SM53,BERT_HARD_DICT,SS52,0.5569149851799011,Related,SS55,0.5430481433868408,Related,SS54,0.4964691996574402,Related,SM1L,0.4956972002983093,Related,SR1D,0.48611825704574585,Related
EE-3.7,SM53,BERT_HARD_DICT,SR66,0.46143555641174316,Related,SS58,0.4505871534347534,Related,SN4W,0.42486822605133057,Related,SR1W,0.42421823740005493,Related,SS5E,0.4121212661266327,Related
EE-3.10,SM53,BERT_HARD_DICT,SN4W,0.4935416877269745,Related,SR66,0.47871237993240356,Related,SS58,0.4756578803062439,Related,SR1W,0.4508052468299866,Related,SR8E,0.4384819269180298,Related
EE-3.13,SM7Y,BERT_HARD_DICT,SQ02,0.48806601762771606,Related,SN4W,0.47291451692581177,Related,SM7Y,0.4523751884698868,Related,SQ23,0.4449784755706787,Related,SS58,0.4336642622947693,Related
EE-3.16,SK6S,BERT_HARD_DICT,SK6S,0.7267154157161713,Equivalent,SK6U,0.5182778835296631,Related,SK6H,0.5117207765579224,Related,SK64,0.5001925230026245,Related,SK6J,0.49680647253990173,Related
EE-4.4,SP70,BERT_HARD_DICT,SP70,0.7795656323432922,Equivalent,SM1L,0.3795708417892456,Weak,SP62,0.37157782912254333,Weak,ST0A,0.3536126911640167,Weak,SM1K,0.35125723481178284,Weak
EF-1,SR53,BERT_HARD_DICT,SR53,0.7265686988830566,Equivalent,ST0A,0.4452172815799713,Related,SN42,0.4343962073326111,Related,ST05,0.43391895294189453,Related,ST0K,0.42373862862586975,Related
EF-2.2.7,SM8D,BERT_HARD_DICT,SN4W,0.40167713165283203,Related,SM13,0.387675940990448,Weak,SL07,0.3845025599002838,Weak,SL02,0.3831618130207062,Weak,SM8D,0.38051263988018036,Weak
EF-2.2.8,SM8D,BERT_HARD_DICT,SM8D,0.4231175184249878,Related,SR8E,0.3697093725204468,Weak,SR00,0.36927348375320435,Weak,SP95,0.35863161087036133,Weak,SK6P,0.3581949770450592,Weak
EF-2.2.11,SM8D,BERT_HARD_DICT,SN4W,0.4119117558002472,Related,SR00,0.4044751524925232,Related,SQ02,0.4003909230232239,Related,SM13,0.39709174633026123,Weak,SN48,0.38510119915008545,Weak
EF-2.2.12,SM8D,BERT_HARD_DICT,SM8D,0.4460300952196121,Related,SN4W,0.4402937889099121,Related,SM13,0.42324912548065186,Related,SQ02,0.4062657952308655,Related,SQ60,0.39345109462738037,Weak
EF-2.2.13,SM8D,BERT_HARD_DICT,SN4W,0.44677436351776123,Related,SM8D,0.44491730630397797,Related,SM13,0.4124024510383606,Related,SR66,0.3887906074523926,Weak,SN48,0.38483190536499023,Weak
EF-2.3.1,SM8D,BERT_HARD_DICT,SS55,0.4555813670158386,Related,SN4W,0.45425522327423096,Related,SR1W,0.45114666223526,Related,SS52,0.4483757019042969,Related,SR1V,0.43944817781448364,Related
EF-2.3.2,SM8D,BERT_HARD_DICT,SS52,0.49289506673812866,Related,SS55,0.46277183294296265,Related,SM8D,0.4600238651037216,Related,SN4W,0.45591023564338684,Related,SL02,0.44745567440986633,Related
EF-2.3.3,SM8D,BERT_HARD_DICT,SK6J,0.412344753742218,Related,SM8D,0.40699027478694916,Related,SM71,0.3864203691482544,Weak,SN73,0.37734633684158325,Weak,SN4W,0.37695449590682983,Weak
EF-2.3.4,SM8A,BERT_HARD_DICT,SM8A,0.5757733583450317,Related,SR8A,0.5484890937805176,Related,SM89,0.46819284558296204,Related,SM8D,0.46807828545570374,Related,SM81,0.450693815946579,Related
EF-2.3.6,SM8D,BERT_HARD_DICT,SM8D,0.4811147153377533,Related,SP95,0.4086678922176361,Related,SN73,0.40811556577682495,Related,SR1V,0.4027578830718994,Related,SN4W,0.3836734890937805,Weak
EF-3,SP64,BERT_HARD_DICT,SP64,0.8403712511062622,Equivalent,SP62,0.6419726610183716,Narrower,SP70,0.5209493637084961,Related,SR47,0.5135518908500671,Related,SN45,0.5134567022323608,Related
EH-2,SP0Y,BERT_HARD_DICT,SN4W,0.5045784115791321,Related,SP0Y,0.49884486198425293,Related,SM51,0.4970645308494568,Related,SR00,0.47023892402648926,Related,SP5B,0.4659369885921478,Related
EI-1,SR56,BERT_HARD_DICT,SR56,0.8106411099433899,Equivalent,SR4E,0.5116866230964661,Related,SM94,0.4561600983142853,Related,SR4D,0.4547075629234314,Related,SS23,0.4513513445854187,Related
EI-2,SN02,BERT_HARD_DICT,SN02,0.8382756114006042,Equivalent,SN3Y,0.5283627510070801,Related,SN0Y,0.5008717179298401,Related,SR4E,0.4619089365005493,Related,SM96,0.4551791548728943,Related
EI-6.8,SM3G,BERT_HARD_DICT,SM3G,0.4649604260921478,Related,SM75,0.3569013476371765,Weak,SM3Z,0.3444727063179016,Weak,SM3Y,0.33532682061195374,Weak,SR40,0.32631242275238037,Weak
EI-6.9,SN0Y,BERT_HARD_DICT,SN4W,0.5046327710151672,Related,SM13,0.4787083864212036,Related,SR1W,0.45859384536743164,Related,SR00,0.4503515958786011,Related,SS55,0.45014268159866333,Related
EJ-1,SR5B,BERT_HARD_DICT,SR5B,0.6672345995903015,Equivalent,SM89,0.4131583273410797,Related,SN0Z,0.3831652104854584,Weak,SR82,0.3817881941795349,Weak,SN3Z,0.37666618824005127,Weak
EJ-2,SM8C,BERT_HARD_DICT,SM8C,0.6021661758422852,Equivalent,SM86,0.39608636498451233,Weak,SM83,0.37107235193252563,Weak,SM01,0.36835309863090515,Weak,SP4Y,0.3481065630912781,Weak
EJ-3.4,SM8E,BERT_HARD_DICT,SM8E,0.5851872861385345,Related,SM81,0.5218721032142639,Related,SR83,0.5073016881942749,Related,SR82,0.49730032682418823,Related,SM89,0.4739333391189575,Related
EJ-3.9,SM88,BERT_HARD_DICT,SM88,0.7737061381340027,Equivalent,SM86,0.46774399280548096,Related,SM8B,0.4611973464488983,Related,SR8A,0.45776283740997314,Related,SM81,0.4428331255912781,Related
EJ-3.12,SM52,BERT_HARD_DICT,SM52,0.4482964873313904,Related,SR10,0.43602454662323,Related,SR40,0.41823136806488037,Related,SR1V,0.411398321390152,Related,SR1W,0.3834972083568573,Weak
EK-4.2,SM32,BERT_HARD_DICT,SM32,0.5319586098194122,Related,SS50,0.5078258514404297,Related,SR10,0.4973631203174591,Related,SS55,0.4939158856868744,Related,SM8B,0.49129408597946167,Related
EK-4.4,SM32,BERT_HARD_DICT,SS55,0.5834357142448425,Related,SS52,0.5756769776344299,Related,SM1L,0.5556700825691223,Related,SS80,0.5480658411979675,Related,SR1D,0.540376603603363,Related
EK-4.5,SM32,BERT_HARD_DICT,SM32,0.6226256489753723,Equivalent,SM8B,0.45747819542884827,Related,SQ02,0.4509570300579071,Related,SM93,0.448664128780365,Related,SM5Y,0.44717937707901,Related
EK-4.6,SM42,BERT_HARD_DICT,SM42,0.7251920998096466,Equivalent,SQ20,0.40714308619499207,Related,SM3L,0.399691641330719,Weak,SM32,0.3941202759742737,Weak,SM7Y,0.3835076689720154,Weak
EL-2.5,SM9Y,BERT_HARD_DICT,SR1V,0.4068533182144165,Related,SN4W,0.4057077169418335,Related,SS50,0.3998398184776306,Weak,SS53,0.39582446217536926,Weak,SR11,0.39321577548980713,Weak
EL-2.6,SM9Y,BERT_HARD_DICT,SP21,0.41269659996032715,Related,SM9Y,0.40642791986465454,Related,SR1V,0.4000343978404999,Related,SM71,0.3942742943763733,Weak,SR1N,0.3800216317176819,Weak
EL-2.9,SM90,BERT_HARD_DICT,SM99,0.518502950668335,Related,SM98,0.5170102715492249,Related,SM9Y,0.4939388036727905,Related,SM9A,0.49066901206970215,Related,SM96,0.4902227222919464,Related
EL-2.10,SM96,BERT_HARD_DICT,SM96,0.6221325397491455,Equivalent,SK51,0.38743430376052856,Weak,SM35,0.35818755626678467,Weak,SN1Y,0.3537885844707489,Weak,SP4Y,0.34687408804893494,Weak
EL-2.12,SN12,BERT_HARD_DICT,SN12,0.6648606061935425,Equivalent,SR4E,0.40775108337402344,Related,SM9A,0.38003629446029663,Weak,SR4D,0.37175875902175903,Weak,SN1Y,0.3671879768371582,Weak
EL-2.15,SM91,BERT_HARD_DICT,SM91,0.6689720153808594,Equivalent,SR1A,0.40713924169540405,Related,SM9A,0.3546210825443268,Weak,SR1C,0.3482145667076111,Weak,SK67,0.34800344705581665,Weak
EL-2.20,SM9A,BERT_HARD_DICT,SM9A,0.4646300971508026,Related,SN1Y,0.4521833062171936,Related,SM99,0.4510124921798706,Related,SM9Y,0.42461931705474854,Related,SR10,0.4173847436904907,Related
EL-2.26,SM9Y,BERT_HARD_DICT,SN4W,0.4344644248485565,Related,SM9Y,0.4172459840774536,Related,SR1V,0.40138405561447144,Related,SS55,0.3919244408607483,Weak,SS16,0.3870071768760681,Weak
EL-2.28,SM99,BERT_HARD_DICT,SM99,0.5495983958244324,Related,SM9B,0.333005428314209,Weak,SN44,0.3134685754776001,Weak,SM95,0.31171756982803345,Weak,SR8E,0.3109726309776306,Weak
EL-9,SN1Y,BERT_HARD_DICT,SN1Y,0.5778411626815796,Related,SN4W,0.4119999408721924,Related,SN4H,0.4079684019088745,Related,SP5B,0.39384281635284424,Weak,SM1L,0.3762166500091553,Weak
EM-1,SR5E,BERT_HARD_DICT,SR5E,0.7869207859039307,Equivalent,SR53,0.41086941957473755,Related,SS62,0.3897349536418915,Weak,SS3C,0.37790757417678833,Weak,SR5Z,0.3778465986251831,Weak
EM-2,SQ03,BERT_HARD_DICT,SQ03,0.6631422638893127,Equivalent,SM3J,0.3875819444656372,Weak,SQ2Y,0.370177298784256,Weak,SL07,0.3592398166656494,Weak,SK5Y,0.35164472460746765,Weak
EM-2.4,SQ04,BERT_HARD_DICT,SQ04,0.6291035711765289,Equivalent,SP95,0.4402921795845032,Related,SQ4Y,0.44001996517181396,Related,SK64,0.42968398332595825,Related,SK53,0.42635151743888855,Related
EM-7.5,SP98,BERT_HARD_DICT,SP98,0.668199896812439,Equivalent,SM1L,0.45732027292251587,Related,SP5B,0.45377516746520996,Related,SM8B,0.4524540901184082,Related,SS85,0.4489749073982239,Related
EM-9,SQ10,BERT_HARD_DICT,SQ10,0.7389004826545715,Equivalent,SS61,0.47049883008003235,Related,SS3G,0.40712350606918335,Related,SP58,0.4052807092666626,Related,SS62,0.3943790793418884,Weak
F-9,SK00,BERT_HARD_DICT,SS82,0.4270017743110657,Related,SM13,0.41372665762901306,Related,SR00,0.41209790110588074,Related,SM51,0.40981870889663696,Related,SR11,0.4075292944908142,Related
FA,SK50,BERT_HARD_DICT,SK50,0.8231571912765503,Equivalent,SN70,0.5587316751480103,Related,SN4G,0.5019577741622925,Related,SK01,0.45493072271347046,Related,SN5Y,0.45387279987335205,Related
FA-2,SN73,BERT_HARD_DICT,SN73,0.9094365239143372,Equivalent,SN49,0.44029173254966736,Related,SN71,0.4141841232776642,Related,SR20,0.40495601296424866,Related,SN90,0.3840176463127136,Weak
FA-6,SK50,BERT_HARD_DICT,SK50,0.711520254611969,Equivalent,SN4G,0.5304132103919983,Related,SN4E,0.507075309753418,Related,SS80,0.5055158138275146,Related,SS55,0.46661630272865295,Related
FA-7,SP9Y,BERT_HARD_DICT,SP9Y,0.5624282658100128,Related,SN4G,0.5294308066368103,Related,SN4E,0.5157327651977539,Related,SS80,0.5097411870956421,Related,SR1D,0.47589367628097534,Related
GA-1,SM1M,BERT_HARD_DICT,SM1M,0.8093912601470947,Equivalent,SM1K,0.5547939538955688,Related,SM1L,0.4906095862388611,Related,SR10,0.4596177339553833,Related,SM8B,0.43034112453460693,Related
GA-10,SM1Y,BERT_HARD_DICT,SM1Y,0.4792381376028061,Related,SS60,0.4250158667564392,Related,SS55,0.41554468870162964,Related,SP92,0.40938594937324524,Related,SM51,0.40913674235343933,Related
GB-3,SM13,BERT_HARD_DICT,SM13,0.5721839666366577,Related,SM1J,0.5037885904312134,Related,SM1Y,0.4100896716117859,Related,SM1H,0.4075453281402588,Related,SM15,0.4012610614299774,Related
GB-9,SM1Y,BERT_HARD_DICT,SR85,0.46380794048309326,Related,SR84,0.45138534903526306,Related,SQ02,0.44207608699798584,Related,SM1Y,0.4365599900484085,Related,SS82,0.42182573676109314,Related
GB-11,SM1Y,BERT_HARD_DICT,SN4W,0.48548412322998047,Related,SM1Y,0.48207810521125793,Related,SK53,0.4667523503303528,Related,SS57,0.4505760669708252,Related,SR11,0.4468926191329956,Related
GD-4,SM1Y,BERT_HARD_DICT,SM1Y,0.41714686155319214,Related,SM71,0.3846866190433502,Weak,SN48,0.3819376230239868,Weak,SP96,0.3800187408924103,Weak,SN4W,0.3695061206817627,Weak
GE-3,SL06,BERT_HARD_DICT,SL06,0.8122454881668091,Equivalent,SL04,0.4781189560890198,Related,SL0Y,0.4175616204738617,Related,SL0Z,0.41019493341445923,Related,SL2Y,0.3724600076675415,Weak
GE-4,SM17,BERT_HARD_DICT,SM17,0.5749344527721405,Related,SK20,0.4022163152694702,Related,SK55,0.36810728907585144,Weak,SP21,0.36551567912101746,Weak,SM1A,0.35351210832595825,Weak
GE-6,SM1Y,BERT_HARD_DICT,SS55,0.4679165780544281,Related,SN07,0.45331043004989624,Related,SS59,0.45284122228622437,Related,SS53,0.4488406181335449,Related,SS50,0.4457032084465027,Related
GE-8,SM1Y,BERT_HARD_DICT,SM1Y,0.4721098840236664,Related,SK53,0.45769739151000977,Related,SR11,0.43760472536087036,Related,SS53,0.43242311477661133,Related,SM71,0.4317006468772888,Related
GE-10,SP9Y,BERT_HARD_DICT,SR66,0.5059857368469238,Related,SN4E,0.4881173074245453,Related,SS52,0.48339471220970154,Related,SS85,0.4819936454296112,Related,SS54,0.4774319529533386,Related
GE-11,SM1Y,BERT_HARD_DICT,SM1Y,0.47856196761131287,Related,SS52,0.4771512746810913,Related,SS55,0.46812570095062256,Related,SS54,0.4454984664916992,Related,SS56,0.4373019337654114,Related
GF-7,SL01,BERT_HARD_DICT,SL01,0.5781152844429016,Related,SN49,0.43502140045166016,Related,SK6U,0.3847338855266571,Weak,SR20,0.37036609649658203,Weak,SK50,0.3680337369441986,Weak
GF-9,SL0Y,BERT_HARD_DICT,SL0Y,0.43879416584968567,Related,SR1V,0.26509153842926025,Weak,SR1X,0.24082531034946442,Weak,SR4L,0.23205263912677765,Weak,SR66,0.22356557846069336,Weak
GF-10,SL05,BERT_HARD_DICT,SL05,0.5216804146766663,Related,SP95,0.27403524518013,Weak,SN4W,0.2731911838054657,Weak,SS13,0.26072120666503906,Weak,SS36,0.25658276677131653,Weak
GF-11,SL03,BERT_HARD_DICT,SL03,0.5783756375312805,Related,SR85,0.3970905542373657,Weak,SK6P,0.3960891366004944,Weak,SP95,0.3799992799758911,Weak,SQ02,0.37444382905960083,Weak
GF-13,SL0Y,BERT_HARD_DICT,SL0Y,0.5158697366714478,Related,SM15,0.3696660101413727,Weak,SN4E,0.36694103479385376,Weak,SQ60,0.3590599298477173,Weak,SS60,0.3583509027957916,Weak
GF-16,SL2Y,BERT_HARD_DICT,SL2Y,0.43856698274612427,Related,SS60,0.39298468828201294,Weak,SR1N,0.354580819606781,Weak,SM9B,0.3529660701751709,Weak,SS82,0.35027122497558594,Weak
GF-19,SL0Y,BERT_HARD_DICT,SL0Y,0.5309290885925293,Related,SS60,0.37210339307785034,Weak,SQ02,0.340985506772995,Weak,SP92,0.335632860660553,Weak,SS36,0.3323546051979065,Weak
GG,SM1Y,BERT_HARD_DICT,SM1Y,0.5023834109306335,Related,SS60,0.4209081828594208,Related,SS80,0.38443228602409363,Weak,SR67,0.38084590435028076,Weak,SN4E,0.3702615201473236,Weak
HA-1,SK68,BERT_HARD_DICT,SK68,0.674641489982605,Equivalent,SK6R,0.5643950700759888,Related,SK6G,0.536041259765625,Related,SK66,0.5086240768432617,Related,SK7Y,0.4867843687534332,Related
HB-5,SK6U,BERT_HARD_DICT,SK6U,0.593194842338562,Related,SS58,0.4841728210449219,Related,SP5B,0.4719889461994171,Related,SN4W,0.469113826751709,Related,SM51,0.4673457443714142,Related
HB-7,SK6P,BERT_HARD_DICT,SK6P,0.6539993286132812,Equivalent,SK6R,0.4511646628379822,Related,SK6G,0.42680174112319946,Related,SK6K,0.41786277294158936,Related,SK6H,0.4069935083389282,Related
HB-8,SK7Y,BERT_HARD_DICT,SK7Y,0.5016194880008698,Related,SM51,0.4888799786567688,Related,SN4E,0.46692824363708496,Related,SS82,0.4436473846435547,Related,SP5B,0.43596023321151733,Related
HB-17,SK6J,BERT_HARD_DICT,SK6J,0.8885135650634766,Equivalent,SK7Z,0.45898014307022095,Related,SK6H,0.44427987933158875,Related,SK6U,0.4250304102897644,Related,SK69,0.39757752418518066,Weak
HD-2,SK6C,BERT_HARD_DICT,SK6C,0.4429098665714264,Related,SS2B,0.3527265787124634,Weak,SS50,0.3464212119579315,Weak,SN4W,0.3454861044883728,Weak,SM1L,0.32113879919052124,Weak
HD-4,SK7Y,BERT_HARD_DICT,SP92,0.49306055903434753,Related,SP5B,0.4833453893661499,Related,SK7Y,0.4775484800338745,Related,SQ21,0.43943285942077637,Related,SS28,0.43711239099502563,Related
HE-4,SK61,BERT_HARD_DICT,SK6H,0.5331302881240845,Related,SR04,0.49827641248703003,Related,SK6G,0.4851996898651123,Related,SK69,0.47746098041534424,Related,SK6U,0.4725645184516907,Related
HF-3,SK6W,BERT_HARD_DICT,SK6W,0.6734987199306488,Equivalent,SK6R,0.5949748158454895,Related,SK6G,0.5379313230514526,Related,SK66,0.5029573440551758,Related,SK6H,0.4720396399497986,Related
HF-5,SK6X,BERT_HARD_DICT,SK6X,0.5516324937343597,Related,SK6H,0.4512694776058197,Related,SK6G,0.4348359704017639,Related,SK6R,0.4330689609050751,Related,SK6U,0.4287700057029724,Related
HF-8,SK7Y,BERT_HARD_DICT,SK7Y,0.3879568427801132,Weak,SQ21,0.38620808720588684,Weak,SQ02,0.3777150511741638,Weak,SP21,0.370452880859375,Weak,SS60,0.36412692070007324,Weak
HF-9,SK7Y,BERT_HARD_DICT,SQ02,0.4655982553958893,Related,SN4W,0.445220410823822,Related,SR00,0.43303751945495605,Related,SM71,0.43135881423950195,Related,SQ21,0.43039506673812866,Related
HG-2.4,SK65,BERT_HARD_DICT,SK65,0.517417311668396,Related,SS55,0.43495872616767883,Related,SN4W,0.42377835512161255,Related,SM1L,0.41947007179260254,Related,SS52,0.41454949975013733,Related
HG-3,SK7Y,BERT_HARD_DICT,SK7Y,0.3795373737812042,Weak,SN4W,0.3607461452484131,Weak,SR1W,0.35840532183647156,Weak,SR1V,0.34748074412345886,Weak,SK80,0.341067373752594,Weak
HG-4,SK63,BERT_HARD_DICT,SK63,0.5943018198013306,Related,SK64,0.551936149597168,Related,SR15,0.47328120470046997,Related,SN49,0.4673498868942261,Related,SR17,0.46196842193603516,Related
HG-10,SK7Y,BERT_HARD_DICT,SK7Y,0.4559888541698456,Related,SQ20,0.4218979775905609,Related,SR00,0.4148881435394287,Related,SQ21,0.40967684984207153,Related,SM71,0.40868717432022095,Related
HG-12,SK7Y,BERT_HARD_DICT,SK7Y,0.3899706304073334,Weak,SS60,0.32898661494255066,Weak,SQ02,0.32059165835380554,Weak,SR04,0.29161375761032104,Weak,SS30,0.29121339321136475,Weak
I-6,SK95,BERT_HARD_DICT,SK95,0.44052237272262573,Related,SS17,0.3521943688392639,Weak,SR8E,0.33450669050216675,Weak,SK86,0.33236974477767944,Weak,SK6P,0.321042001247406,Weak
I-10,SK95,BERT_HARD_DICT,SM1L,0.4718502163887024,Related,SN4R,0.4611489772796631,Related,SM13,0.45468759536743164,Related,SK80,0.45449692010879517,Related,SN4W,0.44541043043136597,Related
I-13,SK9Y,BERT_HARD_DICT,SK9Y,0.4748191386461258,Related,SS56,0.38200634717941284,Weak,SS53,0.3643379509449005,Weak,SM13,0.35980498790740967,Weak,SR00,0.3552509546279907,Weak
I-16,SK94,BERT_HARD_DICT,SK94,0.6764485836029053,Equivalent,SK93,0.4642012119293213,Related,SK97,0.45909231901168823,Related,SK9Z,0.45190519094467163,Related,SK9Y,0.43753790855407715,Related
J-1,SK8Y,BERT_HARD_DICT,SS50,0.49977707862854004,Related,SR11,0.4996374249458313,Related,SM9B,0.4939165711402893,Related,SS82,0.49389398097991943,Related,SN4W,0.4937012195587158,Related
J-3,SK8Y,BERT_HARD_DICT,SS52,0.5404958724975586,Related,SS55,0.5171201229095459,Related,SK8Y,0.5125109553337097,Related,SR1B,0.5061242580413818,Related,SR1D,0.48815616965293884,Related
J-7,SK86,BERT_HARD_DICT,SK86,0.7409800589084625,Equivalent,SK80,0.5361664295196533,Related,SN4W,0.4675368070602417,Related,SK82,0.4611740708351135,Related,SR1V,0.4590492844581604,Related
J-11,SK8Y,BERT_HARD_DICT,SK8Y,0.5660115480422974,Related,SK80,0.5393205285072327,Related,SN4W,0.520647406578064,Related,SK86,0.5162839889526367,Related,SS55,0.5102851986885071,Related
J-16,SK8Y,BERT_HARD_DICT,SK8Y,0.4952576607465744,Related,SS55,0.4907299876213074,Related,SS52,0.4886096715927124,Related,SN4W,0.46686822175979614,Related,SK80,0.452119916677475,Related
J-20,SK87,BERT_HARD_DICT,SK87,0.7597538828849792,Equivalent,SK83,0.5301362872123718,Related,SK80,0.49613893032073975,Related,SK8Y,0.48797065019607544,Related,SK86,0.4750516414642334,Related
K,SN4W,BERT_HARD_DICT,SN4W,0.6331377625465393,Equivalent,SK55,0.4567034840583801,Related,SN49,0.40950819849967957,Related,SR20,0.4085439443588257,Related,SR40,0.40574371814727783,Related
LD,ST20,BERT_HARD_DICT,ST20,0.6751143038272858,Equivalent,SQ2Y,0.4797128736972809,Related,SQ00,0.4685079753398895,Related,SQ8Y,0.46822404861450195,Related,SK64,0.46415388584136963,Related
MA,SN1Y,BERT_HARD_DICT,SN1Y,0.6221681833267212,Equivalent,SS82,0.4840078353881836,Related,SS53,0.48109889030456543,Related,SS50,0.4631640315055847,Related,SS17,0.4381931722164154,Related
MD-1,SM1Y,BERT_HARD_DICT,SR66,0.46425092220306396,Related,SP5B,0.44007790088653564,Related,SM1A,0.43983033299446106,Related,SQ02,0.4385049641132355,Related,SQ03,0.4365466833114624,Related
MD-2,SM12,BERT_HARD_DICT,SM12,0.4948253780603409,Related,SM1J,0.46170663833618164,Related,SM1G,0.389525830745697,Weak,SM1Y,0.38207370042800903,Weak,SR20,0.3487260937690735,Weak
MD-10,SR05,BERT_HARD_DICT,SR05,0.6177972853183746,Equivalent,SM75,0.39423274993896484,Weak,SS14,0.3551122844219208,Weak,SM74,0.352216899394989,Weak,SQ80,0.3455333709716797,Weak
MD-12,SR00,BERT_HARD_DICT,SR00,0.6509203314781189,Equivalent,SP52,0.44372671842575073,Related,SK7Y,0.41360360383987427,Related,SN4G,0.40994322299957275,Related,SK67,0.4045942425727844,Related
O-2,SN5Y,BERT_HARD_DICT,SM51,0.46829813718795776,Related,SM71,0.4158692955970764,Related,SM1L,0.4074805974960327,Related,SK6G,0.4036792814731598,Related,SS60,0.40320298075675964,Related
O-4,SN5Y,BERT_HARD_DICT,SN5Y,0.535136342048645,Related,SS58,0.5098965167999268,Related,SS84,0.5007234215736389,Related,SS5E,0.494617223739624,Related,SS5D,0.4934840202331543,Related
O-5,SN0Y,BERT_HARD_DICT,SM1L,0.4349886178970337,Related,SR85,0.4153599739074707,Related,SM71,0.39550068974494934,Weak,SS55,0.39545387029647827,Weak,SN0Y,0.384739950299263,Weak
O-7,SN70,BERT_HARD_DICT,SN70,0.8861035108566284,Equivalent,SK50,0.4819316864013672,Related,SN43,0.479203462600708,Related,SN4C,0.4581828713417053,Related,SN5Y,0.4461413323879242,Related
O-12,SN4T,BERT_HARD_DICT,SN4T,0.5404148697853088,Related,SS55,0.4421955943107605,Related,SK53,0.42773014307022095,Related,SS52,0.4262824058532715,Related,SR1D,0.42514845728874207,Related
O-17,SN5Y,BERT_HARD_DICT,SS38,0.3672889471054077,Weak,SN4W,0.3601199984550476,Weak,SS36,0.35198742151260376,Weak,SS32,0.3509915769100189,Weak,SQ02,0.34301355481147766,Weak
O-21,SN4F,BERT_HARD_DICT,SN4F,0.800235390663147,Equivalent,SN4J,0.4648662209510803,Related,SN09,0.3980977535247803,Weak,SM41,0.3820749819278717,Weak,SM51,0.3800824284553528,Weak
O-23,SN4E,BERT_HARD_DICT,SN4J,0.5323385000228882,Related,SN4F,0.5030001401901245,Related,SN40,0.47251853346824646,Related,SN4E,0.4657454490661621,Related,SN4W,0.45330917835235596,Related
O-34,SN5Y,BERT_HARD_DICT,SS60,0.4384051263332367,Related,SP95,0.41505053639411926,Related,SS82,0.40592679381370544,Related,SR00,0.4058258533477783,Related,SS59,0.40411531925201416,Related
O-38,SN40,BERT_HARD_DICT,SN40,0.6536262631416321,Equivalent,SN4J,0.5214926600456238,Related,SN41,0.4520476758480072,Related,SN42,0.43690019845962524,Related,SN4N,0.41034936904907227,Related
O-39,SN90,BERT_HARD_DICT,SN90,0.7809693813323975,Equivalent,SN70,0.4772876501083374,Related,SN71,0.4648551344871521,Related,SN7Z,0.4281371235847473,Related,SN9Y,0.42230165004730225,Related
O-40,SN5Y,BERT_HARD_DICT,SS55,0.43607914447784424,Related,SR00,0.4345860481262207,Related,SN5Y,0.43031221628189087,Related,SQ02,0.42588692903518677,Related,SS82,0.41833022236824036,Related
O-42,SN4G,BERT_HARD_DICT,SN4G,0.5956158638000488,Related,SN4J,0.47443273663520813,Related,SR15,0.3901509642601013,Weak,SN41,0.3779657483100891,Weak,SN4F,0.36772269010543823,Weak
O-43,SP9Y,BERT_HARD_DICT,SP9Y,0.3825230151414871,Weak,SQ21,0.36002790927886963,Weak,SQ03,0.32883167266845703,Weak,SQ02,0.3084750771522522,Weak,SS71,0.30064740777015686,Weak
O-50,SN5Y,BERT_HARD_DICT,SN5Y,0.5072534680366516,Related,SM51,0.4297914505004883,Related,SK6T,0.4218832850456238,Related,SM1B,0.4136788845062256,Related,SQ60,0.4013271927833557,Related
PC-9,SQ6Y,BERT_HARD_DICT,SQ6Y,0.6087184548377991,Equivalent,SS11,0.43019646406173706,Related,SM51,0.40904709696769714,Related,SM71,0.4069979190826416,Related,SM13,0.4052291512489319,Related
Q-7,SQ2Y,BERT_HARD_DICT,SQ2Y,0.5501651167869568,Related,SM13,0.467746764421463,Related,SM1L,0.4593315124511719,Related,SS55,0.457908570766449,Related,SL21,0.4556652307510376,Related
Q-9,SQ2Y,BERT_HARD_DICT,SQ2Y,0.609508752822876,Equivalent,SN4W,0.4772207736968994,Related,SN45,0.4653598666191101,Related,SM51,0.4603486955165863,Related,SN07,0.4570367634296417,Related
Q-12,SQ2Y,BERT_HARD_DICT,SQ2Y,0.5138506293296814,Related,SM13,0.41383329033851624,Related,SQ23,0.40297427773475647,Related,SN4F,0.4008709192276001,Related,SK98,0.3894689679145813,Weak
R,SQ8Y,BERT_HARD_DICT,SQ8Y,0.6004620790481567,Equivalent,SK53,0.4724544882774353,Related,SQ02,0.4680314064025879,Related,SM9B,0.4672127962112427,Related,SN4E,0.4601929187774658,Related
RA-1,SQ24,BERT_HARD_DICT,SK64,0.46539703011512756,Related,SQ24,0.44136345386505127,Related,SK55,0.43696990609169006,Related,SK00,0.43128371238708496,Related,SK54,0.43076789379119873,Related
RD-1,SS2E,BERT_HARD_DICT,SS2E,0.5237718224525452,Related,SM32,0.4894985556602478,Related,SM75,0.4764448404312134,Related,SM3Y,0.4671197533607483,Related,SN49,0.45677244663238525,Related
RD-3,SS29,BERT_HARD_DICT,SS29,0.62024787068367,Equivalent,SN49,0.5002824068069458,Related,SP99,0.45893794298171997,Related,SN4D,0.45663920044898987,Related,SR20,0.4468756318092346,Related
RD-11,SS23,BERT_HARD_DICT,SS23,0.5679318010807037,Related,SK51,0.49838364124298096,Related,SP4Y,0.49182143807411194,Related,SN3Y,0.4907253682613373,Related,SM01,0.46859148144721985,Related
VA-5,SS54,BERT_HARD_DICT,SS54,0.8341929316520691,Equivalent,SR20,0.5359371900558472,Related,SR17,0.4754076600074768,Related,SN49,0.47450360655784607,Related,SR15,0.46291857957839966,Related
VA-6,SS55,BERT_HARD_DICT,SS55,0.7869962453842163,Equivalent,SR1A,0.45227041840553284,Related,SS56,0.4462101459503174,Related,SS52,0.44158226251602173,Related,SR20,0.4384700655937195,Related
VE-1.1,SS60,BERT_HARD_DICT,SS60,0.6018228530883789,Narrower,SS62,0.5107067227363586,Related,SS61,0.4918072521686554,Related,SQ02,0.4425904154777527,Related,SN09,0.429932177066803,Related
VE-1.7,SS60,BERT_HARD_DICT,SQ02,0.526853621006012,Related,SN4W,0.5125637054443359,Related,SQ21,0.5002243518829346,Related,SS17,0.4636267125606537,Related,SR00,0.45880764722824097,Related
VE-2.3,SS61,BERT_HARD_DICT,SQ02,0.4449087679386139,Related,SS60,0.43654757738113403,Related,SN4W,0.4278409481048584,Related,SS59,0.4250170588493347,Related,SQ21,0.42142370343208313,Related
VE-2.5,SS61,BERT_HARD_DICT,SS62,0.47103241086006165,Related,SS60,0.46188580989837646,Related,SS61,0.42793282866477966,Related,SM1L,0.4174039363861084,Related,SM13,0.40550512075424194,Related
VE-3.1,SS62,BERT_HARD_DICT,SS62,0.5261486172676086,Related,SS60,0.5211830735206604,Related,SS61,0.4618271291255951,Related,SR85,0.3924052119255066,Weak,SQ21,0.3868369162082672,Weak
VE-3.2,SS62,BERT_HARD_DICT,SS60,0.49941813945770264,Related,SS62,0.48327136039733887,Related,SS61,0.43531501293182373,Related,SQ21,0.3917067050933838,Weak,SS82,0.3802892565727234,Weak
AAA-2.1,SR10,BERT_FULL_DICT_UPPER,SR10,1.6509249210357666,Equivalent,SK55,0.3982005715370178,Weak,SM3Y,0.36907798051834106,Weak,SM33,0.36303314566612244,Weak,SM75,0.34850725531578064,Weak
AAB-2,SQ05,BERT_FULL_DICT_UPPER,SQ05,1.7646973133087158,Equivalent,SK53,0.427865207195282,Related,SM35,0.4226742386817932,Related,SS60,0.38905879855155945,Weak,SS61,0.38032370805740356,Weak
AAB-3,SP9Y,BERT_FULL_DICT_UPPER,SP9Y,1.4352113008499146,Equivalent,SN4W,0.4381592571735382,Related,SR1W,0.4089448153972626,Related,SS56,0.38944610953330994,Weak,SK6P,0.37818363308906555,Weak
AAB-7,SM1P,BERT_FULL_DICT_UPPER,SM1P,1.598938673734665,Equivalent,SM15,0.45107096433639526,Related,SQ80,0.40097105503082275,Related,SM1J,0.39258068799972534,Weak,SM1Y,0.38706767559051514,Weak
AAB-40,SP1Y,BERT_FULL_DICT_UPPER,SP1Y,1.4119428396224976,Equivalent,SN4W,0.44898366928100586,Related,SQ21,0.43513625860214233,Related,SQ60,0.4295479655265808,Related,SN4F,0.4293385148048401,Related
AAB-46,SK30,BERT_FULL_DICT_UPPER,SK30,1.527920663356781,Equivalent,SM13,0.37667417526245117,Weak,SN4F,0.3413460850715637,Weak,SK53,0.3286036252975464,Weak,SN60,0.3261955976486206,Weak
AAB-48,SM1Y,BERT_FULL_DICT_UPPER,SM1Y,1.4288893938064575,Equivalent,SQ21,0.4713900089263916,Related,SQ03,0.41569608449935913,Related,SQ02,0.39272379875183105,Weak,SR00,0.3763461709022522,Weak
AAB-49,SN60,BERT_FULL_DICT_UPPER,SN60,1.7980645895004272,Equivalent,SN6Y,0.3838960528373718,Weak,SN4G,0.3833184242248535,Weak,SN4F,0.36667972803115845,Weak,SN41,0.36329442262649536,Weak
AAB-50,SN7Y,BERT_FULL_DICT_UPPER,SN7Y,1.5425154566764832,Equivalent,SN4W,0.40257054567337036,Related,SQ02,0.38399988412857056,Weak,SS50,0.37620776891708374,Weak,SP95,0.37498682737350464,Weak
AAB-54,SK5Y,BERT_FULL_DICT_UPPER,SK5Y,1.562535583972931,Equivalent,SN4W,0.4466800093650818,Related,SN4R,0.42080676555633545,Related,SR00,0.4206724166870117,Related,SM15,0.4189385771751404,Related
AAB-64,SP4Y,BERT_FULL_DICT_UPPER,SP4Y,1.299330621957779,Equivalent,SR00,0.4539230763912201,Related,SN4W,0.45196211338043213,Related,SQ02,0.39354467391967773,Weak,SS16,0.38674402236938477,Weak
AAB-66,SP9Y,BERT_FULL_DICT_UPPER,SP9Y,1.4229700863361359,Equivalent,SQ02,0.3883703947067261,Weak,SN4W,0.3872210383415222,Weak,SK53,0.3642100691795349,Weak,SM1L,0.34703677892684937,Weak
AAB-74,SM1N,BERT_FULL_DICT_UPPER,SM1N,1.5601780414581299,Equivalent,SM1Y,0.4224507808685303,Related,SM15,0.41619667410850525,Related,SL07,0.40460771322250366,Related,SN42,0.3962826728820801,Weak
AAB-80,SP1Y,BERT_FULL_DICT_UPPER,SP1Y,1.4194978475570679,Equivalent,SM51,0.42079538106918335,Related,SS56,0.4161980152130127,Related,SK6E,0.4118100702762604,Related,SR66,0.4074299931526184,Related
AAB-86,SP9Y,BERT_FULL_DICT_UPPER,SP9Y,1.3275980353355408,Equivalent,SR11,0.4840330183506012,Related,SR13,0.47946321964263916,Related,SS50,0.4777325987815857,Related,SR10,0.46779561042785645,Related
AAB-87,SP1Y,BERT_FULL_DICT_UPPER,SP1Y,1.3979375958442688,Equivalent,SS82,0.5049061179161072,Related,SS55,0.47899124026298523,Related,SR10,0.47430574893951416,Related,SS50,0.4586814045906067,Related
AAB-88,SP9Y,BERT_FULL_DICT_UPPER,SP9Y,1.4263316094875336,Equivalent,SS82,0.47652143239974976,Related,SR10,0.46948671340942383,Related,SR14,0.45865294337272644,Related,SR13,0.4583081603050232,Related
AAB-93,SP4Y,BERT_FULL_DICT_UPPER,SP4Y,1.2643451895564795,Equivalent,SK53,0.4664912223815918,Related,SN4W,0.4504236578941345,Related,SM3J,0.4100714325904846,Related,SS50,0.39678001403808594,Weak
AAB-97,SN03,BERT_FULL_DICT_UPPER,SR4E,1.9167705178260803,Equivalent,SN03,1.576420396566391,Equivalent,SR4D,0.6366898417472839,Narrower,SN09,0.5911998152732849,Related,SS23,0.5873743295669556,Related
AAB-100,SP9Y,BERT_FULL_DICT_UPPER,SP9Y,1.4230614602565765,Equivalent,SS59,0.4573916792869568,Related,SS30,0.4252263009548187,Related,SS17,0.4186745285987854,Related,SS57,0.417960524559021,Related
AAB-103,SP9Y,BERT_FULL_DICT_UPPER,SP9Y,1.391332745552063,Equivalent,SQ60,0.45255428552627563,Related,SN4W,0.4146353602409363,Related,SR00,0.40664172172546387,Related,SM51,0.38646697998046875,Weak
AAB-105,SP9Y,BERT_FULL_DICT_UPPER,SP9Y,1.4235816448926926,Equivalent,SR66,0.4383161664009094,Related,SN4W,0.4284327030181885,Related,SS19,0.41276153922080994,Related,SS13,0.41086816787719727,Related
AAB-108,SP4Y,BERT_FULL_DICT_UPPER,SP4Y,1.318910464644432,Equivalent,SN4W,0.3952300548553467,Weak,SK53,0.38091814517974854,Weak,SQ02,0.3745579421520233,Weak,SP95,0.3729844093322754,Weak
AAB-110,SL62,BERT_FULL_DICT_UPPER,SL62,1.6010574996471405,Equivalent,SL60,0.37510937452316284,Weak,SL6Y,0.3734753131866455,Weak,SL61,0.3691357374191284,Weak,SM0Y,0.34778282046318054,Weak
AAC-1,SK30,BERT_FULL_DICT_UPPER,SK30,1.6060592234134674,Equivalent,SQ02,0.4384709596633911,Related,SM51,0.4251851439476013,Related,SQ03,0.42430180311203003,Related,SR00,0.41346287727355957,Related
AAC-2,SK30,BERT_FULL_DICT_UPPER,SK30,1.5441807508468628,Equivalent,SS56,0.4248802065849304,Related,SS55,0.4104558229446411,Related,SM15,0.4053056836128235,Related,SL07,0.401924729347229,Related
AAC-5,SP0Y,BERT_FULL_DICT_UPPER,SP0Y,1.4687009155750275,Equivalent,SN07,0.4069315195083618,Related,SK53,0.4048185348510742,Related,SN4W,0.3963104486465454,Weak,SQ02,0.3954910635948181,Weak
AAC-6,SP00,BERT_FULL_DICT_UPPER,SP00,1.7100805640220642,Equivalent,SK6X,0.4461400508880615,Related,SR4A,0.39254462718963623,Weak,SN60,0.3702343702316284,Weak,SM8C,0.365075021982193,Weak
AAC-7,SN08,BERT_FULL_DICT_UPPER,SN08,1.626472681760788,Equivalent,SK55,0.49721574783325195,Related,SM81,0.4835452437400818,Related,SN3Y,0.47562289237976074,Related,SM8B,0.46047118306159973,Related
AAC-8,SP15,BERT_FULL_DICT_UPPER,SP15,1.8408695459365845,Equivalent,SP20,0.4493589699268341,Related,SP2Y,0.43211719393730164,Related,SP42,0.4228069484233856,Related,SP13,0.40943142771720886,Related
AAC-9.2,SK55,BERT_FULL_DICT_UPPER,SK55,1.650793731212616,Equivalent,SN4W,0.4489095211029053,Related,SQ02,0.4405949115753174,Related,SM13,0.42949068546295166,Related,SN07,0.41136252880096436,Related
AAC-12,SM31,BERT_FULL_DICT_UPPER,SM31,1.701518476009369,Equivalent,SK55,0.48179739713668823,Related,SM3Y,0.4254339933395386,Related,SM33,0.40890079736709595,Related,SM75,0.4083367586135864,Related
AAC-13,SK30,BERT_FULL_DICT_UPPER,SK30,1.661552906036377,Equivalent,SQ02,0.5124687552452087,Related,SN4W,0.48584702610969543,Related,SK53,0.47550517320632935,Related,SP5B,0.47501182556152344,Related
AAC-16,SK5Y,BERT_FULL_DICT_UPPER,SK5Y,1.424672856926918,Equivalent,SS19,0.37006300687789917,Weak,SR67,0.368675172328949,Weak,SS18,0.3595707416534424,Weak,SS17,0.35587364435195923,Weak
AAC-239,SK30,BERT_FULL_DICT_UPPER,SK30,1.5156067907810211,Equivalent,SQ21,0.42508143186569214,Related,SM13,0.39331066608428955,Weak,SP95,0.3925362825393677,Weak,SP5B,0.39224621653556824,Weak
AAC-27,SM83,BERT_FULL_DICT_UPPER,SM83,1.4734538942575455,Equivalent,SS53,0.3509160280227661,Weak,SM51,0.33450859785079956,Weak,SS85,0.3326985538005829,Weak,SQ21,0.3290686309337616,Weak
AAC-38,SK22,BERT_FULL_DICT_UPPER,SK22,1.2541644275188446,Equivalent,SK53,0.339509516954422,Weak,SN60,0.32538193464279175,Weak,SN4G,0.3206776976585388,Weak,SN4E,0.31821295619010925,Weak
AAC-39,SL7Y,BERT_FULL_DICT_UPPER,SL7Y,1.5332677066326141,Equivalent,SK6T,0.41090983152389526,Related,SL70,0.39598798751831055,Weak,SR00,0.39551249146461487,Weak,SN4W,0.3917859196662903,Weak
AAD-2.7,SR20,BERT_FULL_DICT_UPPER,SR20,1.759733498096466,Equivalent,SS81,0.490237832069397,Related,SS54,0.4852122664451599,Related,SR18,0.47608286142349243,Related,SR17,0.475160151720047,Related
AAD-2.9,SR20,BERT_FULL_DICT_UPPER,SR20,1.7333657145500183,Equivalent,SR18,0.5087170600891113,Related,SS81,0.4808012843132019,Related,SR15,0.4758921265602112,Related,SR17,0.4717915654182434,Related
AAD-4,SR20,BERT_FULL_DICT_UPPER,SR20,1.6249105334281921,Equivalent,SR11,0.4239470362663269,Related,SN4W,0.4208926856517792,Related,SS82,0.4152309000492096,Related,SS55,0.40923458337783813,Related
AAD-4.1,SR20,BERT_FULL_DICT_UPPER,SR20,1.6401265263557434,Equivalent,SS55,0.4223994016647339,Related,SR11,0.4030442237854004,Related,SS19,0.3985663056373596,Weak,SM51,0.3929266929626465,Weak
AAD-5,SR20,BERT_FULL_DICT_UPPER,SR20,1.5474191308021545,Equivalent,SQ21,0.40448030829429626,Related,SS60,0.3857848048210144,Weak,SN4W,0.36700519919395447,Weak,SQ02,0.36542558670043945,Weak
ABA-1,SR16,BERT_FULL_DICT_UPPER,SR16,1.7682172060012817,Equivalent,SS81,0.48261457681655884,Related,SR17,0.4639897048473358,Related,SR15,0.4578208327293396,Related,SR18,0.455214262008667,Related
ABA-2,SR17,BERT_FULL_DICT_UPPER,SR17,1.7600711584091187,Equivalent,SR19,0.4549942910671234,Related,SR20,0.45035520195961,Related,SR16,0.44460511207580566,Related,SR15,0.4432374835014343,Related
ABA-2.1,SR15,BERT_FULL_DICT_UPPER,SR15,1.622954249382019,Equivalent,SM1Z,0.3691704273223877,Weak,SR17,0.3561769425868988,Weak,SN4P,0.34892934560775757,Weak,SM15,0.3482910096645355,Weak
ABB-1,SK7Y,BERT_FULL_DICT_UPPER,SK7Y,1.3848260343074799,Equivalent,SS52,0.46163320541381836,Related,SS55,0.45553576946258545,Related,SN4W,0.4393763840198517,Related,SM71,0.42526963353157043,Related
ABB-7,SM3Y,BERT_FULL_DICT_UPPER,SM3Y,1.4325393587350845,Equivalent,SM71,0.45543721318244934,Related,SN4W,0.4347563683986664,Related,SP5B,0.4152374267578125,Related,SQ02,0.4070075750350952,Related
ABB-10,SP9Y,BERT_FULL_DICT_UPPER,SP9Y,1.375492662191391,Equivalent,SS61,0.4122313857078552,Related,SQ21,0.385605126619339,Weak,SR00,0.38516515493392944,Weak,SS60,0.3789307773113251,Weak
ABB-25,SP9Y,BERT_FULL_DICT_UPPER,SP9Y,1.519044041633606,Equivalent,SS82,0.5154520869255066,Related,SM13,0.5028353333473206,Related,SM51,0.49241340160369873,Related,SQ02,0.48689478635787964,Related
ABB-29,SP2Y,BERT_FULL_DICT_UPPER,SP2Y,1.5362952947616577,Equivalent,SN60,0.4353165030479431,Related,SL07,0.42378443479537964,Related,SN4W,0.4232873320579529,Related,SN4E,0.41544151306152344,Related
ACA-1,SR1B,BERT_FULL_DICT_UPPER,SR1B,1.7368870377540588,Equivalent,SS80,0.4149813652038574,Related,SR11,0.3939480185508728,Weak,SR1C,0.39109501242637634,Weak,SP95,0.3840665817260742,Weak
ACA-2,SR1C,BERT_FULL_DICT_UPPER,SR1C,1.723339170217514,Equivalent,SR1E,0.4229297637939453,Related,SK64,0.4091610312461853,Related,SK91,0.407037615776062,Related,ST0M,0.3938201069831848,Weak
ACA-4,SR1E,BERT_FULL_DICT_UPPER,SR1E,1.607896476984024,Equivalent,SN49,0.4346511662006378,Related,SR20,0.41003644466400146,Related,ST0K,0.39955252408981323,Weak,SK64,0.3857409954071045,Weak
ACB-15,SQ4Y,BERT_FULL_DICT_UPPER,SQ4Y,1.4723055064678192,Equivalent,SN4W,0.4338238537311554,Related,SM71,0.4188254773616791,Related,SK86,0.4052927494049072,Related,SM9B,0.40285831689834595,Related
ACB-27,SP9Y,BERT_FULL_DICT_UPPER,SP9Y,1.4400101751089096,Equivalent,SK6P,0.43011659383773804,Related,SM10,0.3956916928291321,Weak,SN4W,0.38571447134017944,Weak,SK53,0.3801391124725342,Weak
BD-2,SP62,BERT_FULL_DICT_UPPER,SP62,1.8715360164642334,Equivalent,SR47,0.8095174431800842,Equivalent,SP70,0.5225226879119873,Related,SR48,0.484752357006073,Related,SP64,0.4309566617012024,Related
BE-1,SR4A,BERT_FULL_DICT_UPPER,SR4A,1.71514093875885,Equivalent,SN71,0.4405009150505066,Related,SN70,0.41681230068206787,Related,SN4C,0.4007260799407959,Related,SK6X,0.39054977893829346,Weak
BF-2,SR4B,BERT_FULL_DICT_UPPER,SR4B,1.601842224597931,Equivalent,SK6R,0.5202864408493042,Related,SK6G,0.47502148151397705,Related,SK6H,0.4430124759674072,Related,SR04,0.42812347412109375,Related
BA-3.1,SR4K,BERT_FULL_DICT_UPPER,SR4K,1.6335264444351196,Equivalent,SR4J,0.4945669174194336,Related,SN3Y,0.40571844577789307,Related,SM9Z,0.3883407711982727,Weak,SM98,0.3871484398841858,Weak
BH-1,SR4F,BERT_FULL_DICT_UPPER,SR4F,1.5850246250629425,Equivalent,SP92,0.48166924715042114,Related,SS61,0.4519653022289276,Related,SP91,0.4445587992668152,Related,SS3J,0.43222713470458984,Related
CC-2,SN45,BERT_FULL_DICT_UPPER,SN45,1.816320776939392,Equivalent,SR84,0.6894326508045197,Equivalent,SR8N,0.4937724173069,Related,SR8E,0.4716998040676117,Related,SR8G,0.42365068197250366,Related
CA-1,SR83,BERT_FULL_DICT_UPPER,SR83,1.6479393243789673,Equivalent,SM81,0.493733286857605,Related,SM89,0.47202029824256897,Related,SP63,0.4554852843284607,Related,SM82,0.45130103826522827,Related
CA-2,SR82,BERT_FULL_DICT_UPPER,SR82,1.7527559399604797,Equivalent,SM81,0.5084367394447327,Related,SM89,0.49601101875305176,Related,SM82,0.46481865644454956,Related,SM8B,0.4159173369407654,Related
CB-1,SR81,BERT_FULL_DICT_UPPER,SR81,1.5872766971588135,Equivalent,SM83,0.45972537994384766,Related,SM70,0.4426611065864563,Related,SM3Y,0.43169087171554565,Related,SR80,0.4210939109325409,Related
CB-2,SR80,BERT_FULL_DICT_UPPER,SR80,1.7072044610977173,Equivalent,SR5A,0.4149431586265564,Related,SM75,0.36766916513442993,Weak,SM70,0.3674653172492981,Weak,SM3K,0.36078476905822754,Weak
CB-3,SR86,BERT_FULL_DICT_UPPER,SR86,1.6780188977718353,Equivalent,SM75,0.48261216282844543,Related,SS2A,0.42487916350364685,Related,SQ2Y,0.4102509021759033,Related,SS15,0.4033714532852173,Related
D,SS10,BERT_FULL_DICT_UPPER,SS10,1.8071703910827637,Equivalent,SS13,0.4535810351371765,Related,SS18,0.44417113065719604,Related,SS17,0.4343964755535126,Related,SS11,0.43398523330688477,Related
DB-2,SS11,BERT_FULL_DICT_UPPER,SS11,1.8101757764816284,Equivalent,SS14,0.42511117458343506,Related,SS18,0.4164322018623352,Related,SM74,0.40251386165618896,Related,SS13,0.38612478971481323,Weak
DB-4,SS14,BERT_FULL_DICT_UPPER,SS14,1.736586570739746,Equivalent,SQ2Y,0.38775932788848877,Weak,SS22,0.37178918719291687,Weak,SQ80,0.36779165267944336,Weak,SS15,0.366728812456131,Weak
EA-2.5,SM74,BERT_FULL_DICT_UPPER,SM74,1.5108612179756165,Equivalent,SS55,0.4519040584564209,Related,SS36,0.4444965720176697,Related,SS30,0.42908748984336853,Related,SS39,0.4288496673107147,Related
EA-4.5.1,SL40,BERT_FULL_DICT_UPPER,SL40,1.2319906055927277,Equivalent,SM51,0.4801260232925415,Related,SQ60,0.46324601769447327,Related,SS82,0.4616278409957886,Related,SM71,0.45976021885871887,Related
EB-1,SR59,BERT_FULL_DICT_UPPER,SR59,1.733990728855133,Equivalent,SS15,0.4275989532470703,Related,SQ2Y,0.38520050048828125,Weak,SM7Z,0.3850334882736206,Weak,SM75,0.3809485137462616,Weak
EB-2,SM37,BERT_FULL_DICT_UPPER,SM37,1.6409297585487366,Equivalent,SS2A,0.4629437327384949,Related,SM75,0.43049535155296326,Related,SM7Y,0.4213660955429077,Related,SM32,0.4166886806488037,Related
EB-3.9,SM3C,BERT_FULL_DICT_UPPER,SM3C,1.664582073688507,Equivalent,SM3Y,0.374861478805542,Weak,SR86,0.33209341764450073,Weak,SM75,0.3168574571609497,Weak,SM3B,0.3137654662132263,Weak
EB-6,SM3L,BERT_FULL_DICT_UPPER,SM3L,1.75248783826828,Equivalent,SM32,0.3693685531616211,Weak,SS29,0.3613261580467224,Weak,SQ2Y,0.3514108657836914,Weak,SM3C,0.3386335074901581,Weak
EB-8,SM3K,BERT_FULL_DICT_UPPER,SM3K,1.7876004576683044,Equivalent,SM31,0.3827126622200012,Weak,SM75,0.35459864139556885,Weak,SM3Y,0.34172970056533813,Weak,SM3Z,0.33650416135787964,Weak
EB-10,SM33,BERT_FULL_DICT_UPPER,SM33,1.681309163570404,Equivalent,SM3Y,0.4311094284057617,Related,SK55,0.3970559239387512,Weak,SN4W,0.3581524193286896,Weak,SM83,0.35585129261016846,Weak
EB-10.15,SM70,BERT_FULL_DICT_UPPER,SM70,1.644447684288025,Equivalent,SM3Y,0.45223569869995117,Related,SM33,0.4514748454093933,Related,SM3D,0.42013847827911377,Related,SM83,0.41564446687698364,Related
EC-3,SP51,BERT_FULL_DICT_UPPER,SP51,1.6725298762321472,Equivalent,SQ2Y,0.42615219950675964,Related,SP5B,0.42505478858947754,Related,SN45,0.4176490604877472,Related,SQ6Y,0.41210120916366577,Related
EC-3.2,SP54,BERT_FULL_DICT_UPPER,SP54,1.7148629128932953,Equivalent,SK55,0.44112730026245117,Related,SM95,0.43593287467956543,Related,SM9B,0.41879570484161377,Related,SP57,0.41697022318840027,Related
EC-3.7,SP5Y,BERT_FULL_DICT_UPPER,SP5Y,1.5173100233078003,Equivalent,SS55,0.5511610507965088,Related,SS52,0.5359711647033691,Related,SR1D,0.5356614589691162,Related,SR1B,0.5297267436981201,Related
EC-3.8,SP5Y,BERT_FULL_DICT_UPPER,SP5Y,1.472770631313324,Equivalent,SR66,0.42619815468788147,Related,SN4W,0.4223218560218811,Related,SM1L,0.4126560091972351,Related,SP5B,0.41066649556159973,Related
ED-2.2,SP99,BERT_FULL_DICT_UPPER,SP99,1.672494351863861,Equivalent,SN49,0.444253146648407,Related,SN5Z,0.4426790475845337,Related,SN42,0.435227632522583,Related,SN4R,0.4276380240917206,Related
ED-3.1,SM41,BERT_FULL_DICT_UPPER,SM41,1.5695741474628448,Equivalent,SQ02,0.5049133896827698,Related,SR00,0.4892346262931824,Related,SN4W,0.4784505367279053,Related,SL21,0.4781513810157776,Related
ED-3.3,SM41,BERT_FULL_DICT_UPPER,SM41,1.4716478884220123,Equivalent,SS58,0.41860687732696533,Related,SR66,0.413349449634552,Related,SS82,0.4012106955051422,Related,SR00,0.38994914293289185,Weak
ED-3.5,SM41,BERT_FULL_DICT_UPPER,SM41,1.3787231594324112,Equivalent,SM71,0.3632819652557373,Weak,SM51,0.36213216185569763,Weak,SN07,0.34159958362579346,Weak,SM1L,0.33818158507347107,Weak
ED-4.2.3,SN49,BERT_FULL_DICT_UPPER,SN49,1.6742918491363525,Equivalent,SM1L,0.48429813981056213,Related,SN4F,0.4590946435928345,Related,SN4W,0.45508840680122375,Related,SM13,0.454490065574646,Related
ED-4.2.6,SN49,BERT_FULL_DICT_UPPER,SN49,1.501320719718933,Equivalent,SN4W,0.43969666957855225,Related,SQ02,0.40636271238327026,Related,SR1W,0.399930477142334,Weak,SR1V,0.3971599340438843,Weak
ED-4.2.7,SN4A,BERT_FULL_DICT_UPPER,SN4A,1.5949240922927856,Equivalent,SN4R,0.48806580901145935,Related,SN42,0.48517006635665894,Related,SN5Y,0.4160485863685608,Related,SN4G,0.40984997153282166,Related
ED-4.3.2,SN5Y,BERT_FULL_DICT_UPPER,SN5Y,1.4078810214996338,Equivalent,SR00,0.43450871109962463,Related,SN4W,0.4236164093017578,Related,SS59,0.4218519330024719,Related,SQ02,0.42081576585769653,Related
ED-4.3.7,SN5Y,BERT_FULL_DICT_UPPER,SN5Y,1.3907016515731812,Equivalent,SR1V,0.44987303018569946,Related,SR1W,0.4317764639854431,Related,SM13,0.4125855565071106,Related,SN4W,0.41173994541168213,Related
ED-4.4,SN49,BERT_FULL_DICT_UPPER,SN49,1.7178550064563751,Equivalent,SN4R,0.5214601755142212,Related,SR40,0.5003163814544678,Related,SM13,0.4526902735233307,Related,SN42,0.44961535930633545,Related
ED-8,SP11,BERT_FULL_DICT_UPPER,SP11,1.5094642043113708,Equivalent,SR10,0.5219522714614868,Related,SR14,0.5026385188102722,Related,SR11,0.4972705543041229,Related,SR12,0.4880629777908325,Related
ED-9.7.9,SM40,BERT_FULL_DICT_UPPER,SM40,1.5559208989143372,Equivalent,SM42,0.3992807865142822,Weak,SP57,0.38962680101394653,Weak,SM83,0.37781256437301636,Weak,SQ20,0.3720515966415405,Weak
ED-19,SN47,BERT_FULL_DICT_UPPER,SN47,1.6224752962589264,Equivalent,SQ50,0.4581349492073059,Related,SN31,0.376518189907074,Weak,SM51,0.36143553256988525,Weak,SN4U,0.3588258624076843,Weak
EE-1,SR52,BERT_FULL_DICT_UPPER,SR52,1.7776761651039124,Equivalent,SR45,0.4795438051223755,Related,SR46,0.46691060066223145,Related,SR53,0.44841432571411133,Related,SP2Z,0.4448799192905426,Related
EE-2,SP72,BERT_FULL_DICT_UPPER,SP72,1.5034945905208588,Equivalent,SK55,0.3870307505130768,Weak,SK6R,0.3770490288734436,Weak,SK6H,0.37699419260025024,Weak,SK6G,0.3687839210033417,Weak
EE-3.4,SM53,BERT_FULL_DICT_UPPER,SM53,1.147813007235527,Equivalent,SN4W,0.4779970347881317,Related,SS55,0.47181037068367004,Related,SS50,0.45379525423049927,Related,SS58,0.4467276930809021,Related
EE-3.6,SM53,BERT_FULL_DICT_UPPER,SM53,1.4292306303977966,Equivalent,SS52,0.5569149851799011,Related,SS55,0.5430481433868408,Related,SS54,0.4964691996574402,Related,SM1L,0.4956972002983093,Related
EE-3.7,SM53,BERT_FULL_DICT_UPPER,SM53,1.1407111883163452,Equivalent,SR66,0.46143555641174316,Related,SS58,0.4505871534347534,Related,SN4W,0.42486822605133057,Related,SR1W,0.42421823740005493,Related
EE-3.10,SM53,BERT_FULL_DICT_UPPER,SM53,1.4095189720392227,Equivalent,SN4W,0.4935416877269745,Related,SR66,0.47871237993240356,Related,SS58,0.4756578803062439,Related,SR1W,0.4508052468299866,Related
EE-3.13,SM7Y,BERT_FULL_DICT_UPPER,SM7Y,1.4523751884698868,Equivalent,SQ02,0.48806601762771606,Related,SN4W,0.47291451692581177,Related,SQ23,0.4449784755706787,Related,SS58,0.4336642622947693,Related
EE-3.16,SK6S,BERT_FULL_DICT_UPPER,SK6S,1.7267154157161713,Equivalent,SK6U,0.5182778835296631,Related,SK6H,0.5117207765579224,Related,SK64,0.5001925230026245,Related,SK6J,0.49680647253990173,Related
EE-4.4,SP70,BERT_FULL_DICT_UPPER,SP70,1.7795656323432922,Equivalent,SM1L,0.3795708417892456,Weak,SP62,0.37157782912254333,Weak,ST0A,0.3536126911640167,Weak,SM1K,0.35125723481178284,Weak
EF-1,SR53,BERT_FULL_DICT_UPPER,SR53,1.7265686988830566,Equivalent,ST0A,0.4452172815799713,Related,SN42,0.4343962073326111,Related,ST05,0.43391895294189453,Related,ST0K,0.42373862862586975,Related
EF-2.2.7,SM8D,BERT_FULL_DICT_UPPER,SM8D,1.3805126398801804,Equivalent,SN4W,0.40167713165283203,Related,SM13,0.387675940990448,Weak,SL07,0.3845025599002838,Weak,SL02,0.3831618130207062,Weak
EF-2.2.8,SM8D,BERT_FULL_DICT_UPPER,SM8D,1.4231175184249878,Equivalent,SR8E,0.3697093725204468,Weak,SR00,0.36927348375320435,Weak,SP95,0.35863161087036133,Weak,SK6P,0.3581949770450592,Weak
EF-2.2.11,SM8D,BERT_FULL_DICT_UPPER,SM8D,1.3714071661233902,Equivalent,SN4W,0.4119117558002472,Related,SR00,0.4044751524925232,Related,SQ02,0.4003909230232239,Related,SM13,0.39709174633026123,Weak
EF-2.2.12,SM8D,BERT_FULL_DICT_UPPER,SM8D,1.4460300952196121,Equivalent,SN4W,0.4402937889099121,Related,SM13,0.42324912548065186,Related,SQ02,0.4062657952308655,Related,SQ60,0.39345109462738037,Weak
EF-2.2.13,SM8D,BERT_FULL_DICT_UPPER,SM8D,1.444917306303978,Equivalent,SN4W,0.44677436351776123,Related,SM13,0.4124024510383606,Related,SR66,0.3887906074523926,Weak,SN48,0.38483190536499023,Weak
EF-2.3.1,SM8D,BERT_FULL_DICT_UPPER,SM8D,1.427406594157219,Equivalent,SS55,0.4555813670158386,Related,SN4W,0.45425522327423096,Related,SR1W,0.45114666223526,Related,SS52,0.4483757019042969,Related
EF-2.3.2,SM8D,BERT_FULL_DICT_UPPER,SM8D,1.4600238651037216,Equivalent,SS52,0.49289506673812866,Related,SS55,0.46277183294296265,Related,SN4W,0.45591023564338684,Related,SL02,0.44745567440986633,Related
EF-2.3.3,SM8D,BERT_FULL_DICT_UPPER,SM8D,1.4069902747869492,Equivalent,SK6J,0.412344753742218,Related,SM71,0.3864203691482544,Weak,SN73,0.37734633684158325,Weak,SN4W,0.37695449590682983,Weak
EF-2.3.4,SM8A,BERT_FULL_DICT_UPPER,SM8A,1.5757733583450317,Equivalent,SR8A,0.5484890937805176,Related,SM89,0.46819284558296204,Related,SM8D,0.46807828545570374,Related,SM81,0.450693815946579,Related
EF-2.3.6,SM8D,BERT_FULL_DICT_UPPER,SM8D,1.4811147153377533,Equivalent,SP95,0.4086678922176361,Related,SN73,0.40811556577682495,Related,SR1V,0.4027578830718994,Related,SN4W,0.3836734890937805,Weak
EF-3,SP64,BERT_FULL_DICT_UPPER,SP64,1.8403712511062622,Equivalent,SP62,0.6419726610183716,Narrower,SP70,0.5209493637084961,Related,SR47,0.5135518908500671,Related,SN45,0.5134567022323608,Related
EH-2,SP0Y,BERT_FULL_DICT_UPPER,SP0Y,1.498844861984253,Equivalent,SN4W,0.5045784115791321,Related,SM51,0.4970645308494568,Related,SR00,0.47023892402648926,Related,SP5B,0.4659369885921478,Related
EI-1,SR56,BERT_FULL_DICT_UPPER,SR56,1.81064110994339,Equivalent,SR4E,0.5116866230964661,Related,SM94,0.4561600983142853,Related,SR4D,0.4547075629234314,Related,SS23,0.4513513445854187,Related
EI-2,SN02,BERT_FULL_DICT_UPPER,SN02,1.8382756114006042,Equivalent,SN3Y,0.5283627510070801,Related,SN0Y,0.5008717179298401,Related,SR4E,0.4619089365005493,Related,SM96,0.4551791548728943,Related
EI-6.8,SM3G,BERT_FULL_DICT_UPPER,SM3G,1.4649604260921478,Equivalent,SM75,0.3569013476371765,Weak,SM3Z,0.3444727063179016,Weak,SM3Y,0.33532682061195374,Weak,SR40,0.32631242275238037,Weak
EI-6.9,SN0Y,BERT_FULL_DICT_UPPER,SN0Y,1.4476941227912903,Equivalent,SN4W,0.5046327710151672,Related,SM13,0.4787083864212036,Related,SR1W,0.45859384536743164,Related,SR00,0.4503515958786011,Related
EJ-1,SR5B,BERT_FULL_DICT_UPPER,SR5B,1.6672345995903015,Equivalent,SM89,0.4131583273410797,Related,SN0Z,0.3831652104854584,Weak,SR82,0.3817881941795349,Weak,SN3Z,0.37666618824005127,Weak
EJ-2,SM8C,BERT_FULL_DICT_UPPER,SM8C,1.6021661758422852,Equivalent,SM86,0.39608636498451233,Weak,SM83,0.37107235193252563,Weak,SM01,0.36835309863090515,Weak,SP4Y,0.3481065630912781,Weak
EJ-3.4,SM8E,BERT_FULL_DICT_UPPER,SM8E,1.5851872861385345,Equivalent,SM81,0.5218721032142639,Related,SR83,0.5073016881942749,Related,SR82,0.49730032682418823,Related,SM89,0.4739333391189575,Related
EJ-3.9,SM88,BERT_FULL_DICT_UPPER,SM88,1.7737061381340027,Equivalent,SM86,0.46774399280548096,Related,SM8B,0.4611973464488983,Related,SR8A,0.45776283740997314,Related,SM81,0.4428331255912781,Related
EJ-3.12,SM52,BERT_FULL_DICT_UPPER,SM52,1.4482964873313904,Equivalent,SR10,0.43602454662323,Related,SR40,0.41823136806488037,Related,SR1V,0.411398321390152,Related,SR1W,0.3834972083568573,Weak
EK-4.2,SM32,BERT_FULL_DICT_UPPER,SM32,1.5319586098194122,Equivalent,SS50,0.5078258514404297,Related,SR10,0.4973631203174591,Related,SS55,0.4939158856868744,Related,SM8B,0.49129408597946167,Related
EK-4.4,SM32,BERT_FULL_DICT_UPPER,SM32,1.5354809165000916,Equivalent,SS55,0.5834357142448425,Related,SS52,0.5756769776344299,Related,SM1L,0.5556700825691223,Related,SS80,0.5480658411979675,Related
EK-4.5,SM32,BERT_FULL_DICT_UPPER,SM32,1.6226256489753723,Equivalent,SM8B,0.45747819542884827,Related,SQ02,0.4509570300579071,Related,SM93,0.448664128780365,Related,SM5Y,0.44717937707901,Related
EK-4.6,SM42,BERT_FULL_DICT_UPPER,SM42,1.7251920998096466,Equivalent,SQ20,0.40714308619499207,Related,SM3L,0.399691641330719,Weak,SM32,0.3941202759742737,Weak,SM7Y,0.3835076689720154,Weak
EL-2.5,SM9Y,BERT_FULL_DICT_UPPER,SM9Y,1.3770025223493576,Equivalent,SR1V,0.4068533182144165,Related,SN4W,0.4057077169418335,Related,SS50,0.3998398184776306,Weak,SS53,0.39582446217536926,Weak
EL-2.6,SM9Y,BERT_FULL_DICT_UPPER,SM9Y,1.4064279198646545,Equivalent,SP21,0.41269659996032715,Related,SR1V,0.4000343978404999,Related,SM71,0.3942742943763733,Weak,SR1N,0.3800216317176819,Weak
EL-2.9,SM90,BERT_FULL_DICT_UPPER,SM90,1.4614718556404114,Equivalent,SM99,0.518502950668335,Related,SM98,0.5170102715492249,Related,SM9Y,0.4939388036727905,Related,SM9A,0.49066901206970215,Related
EL-2.10,SM96,BERT_FULL_DICT_UPPER,SM96,1.6221325397491455,Equivalent,SK51,0.38743430376052856,Weak,SM35,0.35818755626678467,Weak,SN1Y,0.3537885844707489,Weak,SP4Y,0.34687408804893494,Weak
EL-2.12,SN12,BERT_FULL_DICT_UPPER,SN12,1.6648606061935425,Equivalent,SR4E,0.40775108337402344,Related,SM9A,0.38003629446029663,Weak,SR4D,0.37175875902175903,Weak,SN1Y,0.3671879768371582,Weak
EL-2.15,SM91,BERT_FULL_DICT_UPPER,SM91,1.6689720153808594,Equivalent,SR1A,0.40713924169540405,Related,SM9A,0.3546210825443268,Weak,SR1C,0.3482145667076111,Weak,SK67,0.34800344705581665,Weak
EL-2.20,SM9A,BERT_FULL_DICT_UPPER,SM9A,1.4646300971508026,Equivalent,SN1Y,0.4521833062171936,Related,SM99,0.4510124921798706,Related,SM9Y,0.42461931705474854,Related,SR10,0.4173847436904907,Related
EL-2.26,SM9Y,BERT_FULL_DICT_UPPER,SM9Y,1.4172459840774536,Equivalent,SN4W,0.4344644248485565,Related,SR1V,0.40138405561447144,Related,SS55,0.3919244408607483,Weak,SS16,0.3870071768760681,Weak
EL-2.28,SM99,BERT_FULL_DICT_UPPER,SM99,1.5495983958244324,Equivalent,SM9B,0.333005428314209,Weak,SN44,0.3134685754776001,Weak,SM95,0.31171756982803345,Weak,SR8E,0.3109726309776306,Weak
EL-9,SN1Y,BERT_FULL_DICT_UPPER,SN1Y,1.5778411626815796,Equivalent,SN4W,0.4119999408721924,Related,SN4H,0.4079684019088745,Related,SP5B,0.39384281635284424,Weak,SM1L,0.3762166500091553,Weak
EM-1,SR5E,BERT_FULL_DICT_UPPER,SR5E,1.7869207859039307,Equivalent,SR53,0.41086941957473755,Related,SS62,0.3897349536418915,Weak,SS3C,0.37790757417678833,Weak,SR5Z,0.3778465986251831,Weak
EM-2,SQ03,BERT_FULL_DICT_UPPER,SQ03,1.6631422638893127,Equivalent,SM3J,0.3875819444656372,Weak,SQ2Y,0.370177298784256,Weak,SL07,0.3592398166656494,Weak,SK5Y,0.35164472460746765,Weak
EM-2.4,SQ04,BERT_FULL_DICT_UPPER,SQ04,1.629103571176529,Equivalent,SP95,0.4402921795845032,Related,SQ4Y,0.44001996517181396,Related,SK64,0.42968398332595825,Related,SK53,0.42635151743888855,Related
EM-7.5,SP98,BERT_FULL_DICT_UPPER,SP98,1.668199896812439,Equivalent,SM1L,0.45732027292251587,Related,SP5B,0.45377516746520996,Related,SM8B,0.4524540901184082,Related,SS85,0.4489749073982239,Related
EM-9,SQ10,BERT_FULL_DICT_UPPER,SQ10,1.7389004826545715,Equivalent,SS61,0.47049883008003235,Related,SS3G,0.40712350606918335,Related,SP58,0.4052807092666626,Related,SS62,0.3943790793418884,Weak
F-9,SK00,BERT_FULL_DICT_UPPER,SK00,1.4074451327323914,Equivalent,SS82,0.4270017743110657,Related,SM13,0.41372665762901306,Related,SR00,0.41209790110588074,Related,SM51,0.40981870889663696,Related
FA,SK50,BERT_FULL_DICT_UPPER,SK50,1.8231571912765503,Equivalent,SN70,0.5587316751480103,Related,SN4G,0.5019577741622925,Related,SK01,0.45493072271347046,Related,SN5Y,0.45387279987335205,Related
FA-2,SN73,BERT_FULL_DICT_UPPER,SN73,1.9094365239143372,Equivalent,SN49,0.44029173254966736,Related,SN71,0.4141841232776642,Related,SR20,0.40495601296424866,Related,SN90,0.3840176463127136,Weak
FA-6,SK50,BERT_FULL_DICT_UPPER,SK50,1.711520254611969,Equivalent,SN4G,0.5304132103919983,Related,SN4E,0.507075309753418,Related,SS80,0.5055158138275146,Related,SS55,0.46661630272865295,Related
FA-7,SP9Y,BERT_FULL_DICT_UPPER,SP9Y,1.5624282658100128,Equivalent,SN4G,0.5294308066368103,Related,SN4E,0.5157327651977539,Related,SS80,0.5097411870956421,Related,SR1D,0.47589367628097534,Related
GA-1,SM1M,BERT_FULL_DICT_UPPER,SM1M,1.8093912601470947,Equivalent,SM1K,0.5547939538955688,Related,SM1L,0.4906095862388611,Related,SR10,0.4596177339553833,Related,SM8B,0.43034112453460693,Related
GA-10,SM1Y,BERT_FULL_DICT_UPPER,SM1Y,1.479238137602806,Equivalent,SS60,0.4250158667564392,Related,SS55,0.41554468870162964,Related,SP92,0.40938594937324524,Related,SM51,0.40913674235343933,Related
GB-3,SM13,BERT_FULL_DICT_UPPER,SM13,1.5721839666366577,Equivalent,SM1J,0.5037885904312134,Related,SM1Y,0.4100896716117859,Related,SM1H,0.4075453281402588,Related,SM15,0.4012610614299774,Related
GB-9,SM1Y,BERT_FULL_DICT_UPPER,SM1Y,1.4365599900484085,Equivalent,SR85,0.46380794048309326,Related,SR84,0.45138534903526306,Related,SQ02,0.44207608699798584,Related,SS82,0.42182573676109314,Related
GB-11,SM1Y,BERT_FULL_DICT_UPPER,SM1Y,1.482078105211258,Equivalent,SN4W,0.48548412322998047,Related,SK53,0.4667523503303528,Related,SS57,0.4505760669708252,Related,SR11,0.4468926191329956,Related
GD-4,SM1Y,BERT_FULL_DICT_UPPER,SM1Y,1.4171468615531921,Equivalent,SM71,0.3846866190433502,Weak,SN48,0.3819376230239868,Weak,SP96,0.3800187408924103,Weak,SN4W,0.3695061206817627,Weak
GE-3,SL06,BERT_FULL_DICT_UPPER,SL06,1.812245488166809,Equivalent,SL04,0.4781189560890198,Related,SL0Y,0.4175616204738617,Related,SL0Z,0.41019493341445923,Related,SL2Y,0.3724600076675415,Weak
GE-4,SM17,BERT_FULL_DICT_UPPER,SM17,1.5749344527721405,Equivalent,SK20,0.4022163152694702,Related,SK55,0.36810728907585144,Weak,SP21,0.36551567912101746,Weak,SM1A,0.35351210832595825,Weak
GE-6,SM1Y,BERT_FULL_DICT_UPPER,SM1Y,1.4315767884254456,Equivalent,SS55,0.4679165780544281,Related,SN07,0.45331043004989624,Related,SS59,0.45284122228622437,Related,SS53,0.4488406181335449,Related
GE-8,SM1Y,BERT_FULL_DICT_UPPER,SM1Y,1.4721098840236664,Equivalent,SK53,0.45769739151000977,Related,SR11,0.43760472536087036,Related,SS53,0.43242311477661133,Related,SM71,0.4317006468772888,Related
GE-10,SP9Y,BERT_FULL_DICT_UPPER,SP9Y,1.4451954215765,Equivalent,SR66,0.5059857368469238,Related,SN4E,0.4881173074245453,Related,SS52,0.48339471220970154,Related,SS85,0.4819936454296112,Related
GE-11,SM1Y,BERT_FULL_DICT_UPPER,SM1Y,1.4785619676113129,Equivalent,SS52,0.4771512746810913,Related,SS55,0.46812570095062256,Related,SS54,0.4454984664916992,Related,SS56,0.4373019337654114,Related
GF-7,SL01,BERT_FULL_DICT_UPPER,SL01,1.5781152844429016,Equivalent,SN49,0.43502140045166016,Related,SK6U,0.3847338855266571,Weak,SR20,0.37036609649658203,Weak,SK50,0.3680337369441986,Weak
GF-9,SL0Y,BERT_FULL_DICT_UPPER,SL0Y,1.4387941658496857,Equivalent,SR1V,0.26509153842926025,Weak,SR1X,0.24082531034946442,Weak,SR4L,0.23205263912677765,Weak,SR66,0.22356557846069336,Weak
GF-10,SL05,BERT_FULL_DICT_UPPER,SL05,1.5216804146766663,Equivalent,SP95,0.27403524518013,Weak,SN4W,0.2731911838054657,Weak,SS13,0.26072120666503906,Weak,SS36,0.25658276677131653,Weak
GF-11,SL03,BERT_FULL_DICT_UPPER,SL03,1.5783756375312805,Equivalent,SR85,0.3970905542373657,Weak,SK6P,0.3960891366004944,Weak,SP95,0.3799992799758911,Weak,SQ02,0.37444382905960083,Weak
GF-13,SL0Y,BERT_FULL_DICT_UPPER,SL0Y,1.5158697366714478,Equivalent,SM15,0.3696660101413727,Weak,SN4E,0.36694103479385376,Weak,SQ60,0.3590599298477173,Weak,SS60,0.3583509027957916,Weak
GF-16,SL2Y,BERT_FULL_DICT_UPPER,SL2Y,1.4385669827461243,Equivalent,SS60,0.39298468828201294,Weak,SR1N,0.354580819606781,Weak,SM9B,0.3529660701751709,Weak,SS82,0.35027122497558594,Weak
GF-19,SL0Y,BERT_FULL_DICT_UPPER,SL0Y,1.5309290885925293,Equivalent,SS60,0.37210339307785034,Weak,SQ02,0.340985506772995,Weak,SP92,0.335632860660553,Weak,SS36,0.3323546051979065,Weak
GG,SM1Y,BERT_FULL_DICT_UPPER,SM1Y,1.5023834109306335,Equivalent,SS60,0.4209081828594208,Related,SS80,0.38443228602409363,Weak,SR67,0.38084590435028076,Weak,SN4E,0.3702615201473236,Weak
HA-1,SK68,BERT_FULL_DICT_UPPER,SK68,1.674641489982605,Equivalent,SK6R,0.5643950700759888,Related,SK6G,0.536041259765625,Related,SK66,0.5086240768432617,Related,SK7Y,0.4867843687534332,Related
HB-5,SK6U,BERT_FULL_DICT_UPPER,SK6U,1.593194842338562,Equivalent,SS58,0.4841728210449219,Related,SP5B,0.4719889461994171,Related,SN4W,0.469113826751709,Related,SM51,0.4673457443714142,Related
HB-7,SK6P,BERT_FULL_DICT_UPPER,SK6P,1.6539993286132812,Equivalent,SK6R,0.4511646628379822,Related,SK6G,0.42680174112319946,Related,SK6K,0.41786277294158936,Related,SK6H,0.4069935083389282,Related
HB-8,SK7Y,BERT_FULL_DICT_UPPER,SK7Y,1.5016194880008698,Equivalent,SM51,0.4888799786567688,Related,SN4E,0.46692824363708496,Related,SS82,0.4436473846435547,Related,SP5B,0.43596023321151733,Related
HB-17,SK6J,BERT_FULL_DICT_UPPER,SK6J,1.8885135650634766,Equivalent,SK7Z,0.45898014307022095,Related,SK6H,0.44427987933158875,Related,SK6U,0.4250304102897644,Related,SK69,0.39757752418518066,Weak
HD-2,SK6C,BERT_FULL_DICT_UPPER,SK6C,1.4429098665714264,Equivalent,SS2B,0.3527265787124634,Weak,SS50,0.3464212119579315,Weak,SN4W,0.3454861044883728,Weak,SM1L,0.32113879919052124,Weak
HD-4,SK7Y,BERT_FULL_DICT_UPPER,SK7Y,1.4775484800338745,Equivalent,SP92,0.49306055903434753,Related,SP5B,0.4833453893661499,Related,SQ21,0.43943285942077637,Related,SS28,0.43711239099502563,Related
HE-4,SK61,BERT_FULL_DICT_UPPER,SK61,1.413764327764511,Equivalent,SK6H,0.5331302881240845,Related,SR04,0.49827641248703003,Related,SK6G,0.4851996898651123,Related,SK69,0.47746098041534424,Related
HF-3,SK6W,BERT_FULL_DICT_UPPER,SK6W,1.6734987199306488,Equivalent,SK6R,0.5949748158454895,Related,SK6G,0.5379313230514526,Related,SK66,0.5029573440551758,Related,SK6H,0.4720396399497986,Related
HF-5,SK6X,BERT_FULL_DICT_UPPER,SK6X,1.5516324937343597,Equivalent,SK6H,0.4512694776058197,Related,SK6G,0.4348359704017639,Related,SK6R,0.4330689609050751,Related,SK6U,0.4287700057029724,Related
HF-8,SK7Y,BERT_FULL_DICT_UPPER,SK7Y,1.3879568427801132,Equivalent,SQ21,0.38620808720588684,Weak,SQ02,0.3777150511741638,Weak,SP21,0.370452880859375,Weak,SS60,0.36412692070007324,Weak
HF-9,SK7Y,BERT_FULL_DICT_UPPER,SK7Y,1.4015316814184189,Equivalent,SQ02,0.4655982553958893,Related,SN4W,0.445220410823822,Related,SR00,0.43303751945495605,Related,SM71,0.43135881423950195,Related
HG-2.4,SK65,BERT_FULL_DICT_UPPER,SK65,1.517417311668396,Equivalent,SS55,0.43495872616767883,Related,SN4W,0.42377835512161255,Related,SM1L,0.41947007179260254,Related,SS52,0.41454949975013733,Related
HG-3,SK7Y,BERT_FULL_DICT_UPPER,SK7Y,1.3795373737812042,Equivalent,SN4W,0.3607461452484131,Weak,SR1W,0.35840532183647156,Weak,SR1V,0.34748074412345886,Weak,SK80,0.341067373752594,Weak
HG-4,SK63,BERT_FULL_DICT_UPPER,SK63,1.5943018198013306,Equivalent,SK64,0.551936149597168,Related,SR15,0.47328120470046997,Related,SN49,0.4673498868942261,Related,SR17,0.46196842193603516,Related
HG-10,SK7Y,BERT_FULL_DICT_UPPER,SK7Y,1.4559888541698456,Equivalent,SQ20,0.4218979775905609,Related,SR00,0.4148881435394287,Related,SQ21,0.40967684984207153,Related,SM71,0.40868717432022095,Related
HG-12,SK7Y,BERT_FULL_DICT_UPPER,SK7Y,1.3899706304073334,Equivalent,SS60,0.32898661494255066,Weak,SQ02,0.32059165835380554,Weak,SR04,0.29161375761032104,Weak,SS30,0.29121339321136475,Weak
I-6,SK95,BERT_FULL_DICT_UPPER,SK95,1.4405223727226257,Equivalent,SS17,0.3521943688392639,Weak,SR8E,0.33450669050216675,Weak,SK86,0.33236974477767944,Weak,SK6P,0.321042001247406,Weak
I-10,SK95,BERT_FULL_DICT_UPPER,SK95,1.355255663394928,Equivalent,SM1L,0.4718502163887024,Related,SN4R,0.4611489772796631,Related,SM13,0.45468759536743164,Related,SK80,0.45449692010879517,Related
I-13,SK9Y,BERT_FULL_DICT_UPPER,SK9Y,1.4748191386461258,Equivalent,SS56,0.38200634717941284,Weak,SS53,0.3643379509449005,Weak,SM13,0.35980498790740967,Weak,SR00,0.3552509546279907,Weak
I-16,SK94,BERT_FULL_DICT_UPPER,SK94,1.6764485836029053,Equivalent,SK93,0.4642012119293213,Related,SK97,0.45909231901168823,Related,SK9Z,0.45190519094467163,Related,SK9Y,0.43753790855407715,Related
J-1,SK8Y,BERT_FULL_DICT_UPPER,SK8Y,1.2752905488014221,Equivalent,SS50,0.49977707862854004,Related,SR11,0.4996374249458313,Related,SM9B,0.4939165711402893,Related,SS82,0.49389398097991943,Related
J-3,SK8Y,BERT_FULL_DICT_UPPER,SK8Y,1.5125109553337097,Equivalent,SS52,0.5404958724975586,Related,SS55,0.5171201229095459,Related,SR1B,0.5061242580413818,Related,SR1D,0.48815616965293884,Related
J-7,SK86,BERT_FULL_DICT_UPPER,SK86,1.7409800589084625,Equivalent,SK80,0.5361664295196533,Related,SN4W,0.4675368070602417,Related,SK82,0.4611740708351135,Related,SR1V,0.4590492844581604,Related
J-11,SK8Y,BERT_FULL_DICT_UPPER,SK8Y,1.5660115480422974,Equivalent,SK80,0.5393205285072327,Related,SN4W,0.520647406578064,Related,SK86,0.5162839889526367,Related,SS55,0.5102851986885071,Related
J-16,SK8Y,BERT_FULL_DICT_UPPER,SK8Y,1.4952576607465744,Equivalent,SS55,0.4907299876213074,Related,SS52,0.4886096715927124,Related,SN4W,0.46686822175979614,Related,SK80,0.452119916677475,Related
J-20,SK87,BERT_FULL_DICT_UPPER,SK87,1.7597538828849792,Equivalent,SK83,0.5301362872123718,Related,SK80,0.49613893032073975,Related,SK8Y,0.48797065019607544,Related,SK86,0.4750516414642334,Related
K,SN4W,BERT_FULL_DICT_UPPER,SN4W,1.6331377625465393,Equivalent,SK55,0.4567034840583801,Related,SN49,0.40950819849967957,Related,SR20,0.4085439443588257,Related,SR40,0.40574371814727783,Related
LD,ST20,BERT_FULL_DICT_UPPER,ST20,1.6751143038272858,Equivalent,SQ2Y,0.4797128736972809,Related,SQ00,0.4685079753398895,Related,SQ8Y,0.46822404861450195,Related,SK64,0.46415388584136963,Related
MA,SN1Y,BERT_FULL_DICT_UPPER,SN1Y,1.6221681833267212,Equivalent,SS82,0.4840078353881836,Related,SS53,0.48109889030456543,Related,SS50,0.4631640315055847,Related,SS17,0.4381931722164154,Related
MD-1,SM1Y,BERT_FULL_DICT_UPPER,SM1Y,1.2329987287521362,Equivalent,SR66,0.46425092220306396,Related,SP5B,0.44007790088653564,Related,SM1A,0.43983033299446106,Related,SQ02,0.4385049641132355,Related
MD-2,SM12,BERT_FULL_DICT_UPPER,SM12,1.4948253780603409,Equivalent,SM1J,0.46170663833618164,Related,SM1G,0.389525830745697,Weak,SM1Y,0.38207370042800903,Weak,SR20,0.3487260937690735,Weak
MD-10,SR05,BERT_FULL_DICT_UPPER,SR05,1.6177972853183746,Equivalent,SM75,0.39423274993896484,Weak,SS14,0.3551122844219208,Weak,SM74,0.352216899394989,Weak,SQ80,0.3455333709716797,Weak
MD-12,SR00,BERT_FULL_DICT_UPPER,SR00,1.650920331478119,Equivalent,SP52,0.44372671842575073,Related,SK7Y,0.41360360383987427,Related,SN4G,0.40994322299957275,Related,SK67,0.4045942425727844,Related
O-2,SN5Y,BERT_FULL_DICT_UPPER,SN5Y,1.3998970985412598,Equivalent,SM51,0.46829813718795776,Related,SM71,0.4158692955970764,Related,SM1L,0.4074805974960327,Related,SK6G,0.4036792814731598,Related
O-4,SN5Y,BERT_FULL_DICT_UPPER,SN5Y,1.535136342048645,Equivalent,SS58,0.5098965167999268,Related,SS84,0.5007234215736389,Related,SS5E,0.494617223739624,Related,SS5D,0.4934840202331543,Related
O-5,SN0Y,BERT_FULL_DICT_UPPER,SN0Y,1.384739950299263,Equivalent,SM1L,0.4349886178970337,Related,SR85,0.4153599739074707,Related,SM71,0.39550068974494934,Weak,SS55,0.39545387029647827,Weak
O-7,SN70,BERT_FULL_DICT_UPPER,SN70,1.8861035108566284,Equivalent,SK50,0.4819316864013672,Related,SN43,0.479203462600708,Related,SN4C,0.4581828713417053,Related,SN5Y,0.4461413323879242,Related
O-12,SN4T,BERT_FULL_DICT_UPPER,SN4T,1.5404148697853088,Equivalent,SS55,0.4421955943107605,Related,SK53,0.42773014307022095,Related,SS52,0.4262824058532715,Related,SR1D,0.42514845728874207,Related
O-17,SN5Y,BERT_FULL_DICT_UPPER,SN5Y,1.326052963733673,Equivalent,SS38,0.3672889471054077,Weak,SN4W,0.3601199984550476,Weak,SS36,0.35198742151260376,Weak,SS32,0.3509915769100189,Weak
O-21,SN4F,BERT_FULL_DICT_UPPER,SN4F,1.800235390663147,Equivalent,SN4J,0.4648662209510803,Related,SN09,0.3980977535247803,Weak,SM41,0.3820749819278717,Weak,SM51,0.3800824284553528,Weak
O-23,SN4E,BERT_FULL_DICT_UPPER,SN4E,1.465745449066162,Equivalent,SN4J,0.5323385000228882,Related,SN4F,0.5030001401901245,Related,SN40,0.47251853346824646,Related,SN4W,0.45330917835235596,Related
O-34,SN5Y,BERT_FULL_DICT_UPPER,SN5Y,1.3955674469470978,Equivalent,SS60,0.4384051263332367,Related,SP95,0.41505053639411926,Related,SS82,0.40592679381370544,Related,SR00,0.4058258533477783,Related
O-38,SN40,BERT_FULL_DICT_UPPER,SN40,1.653626263141632,Equivalent,SN4J,0.5214926600456238,Related,SN41,0.4520476758480072,Related,SN42,0.43690019845962524,Related,SN4N,0.41034936904907227,Related
O-39,SN90,BERT_FULL_DICT_UPPER,SN90,1.7809693813323975,Equivalent,SN70,0.4772876501083374,Related,SN71,0.4648551344871521,Related,SN7Z,0.4281371235847473,Related,SN9Y,0.42230165004730225,Related
O-40,SN5Y,BERT_FULL_DICT_UPPER,SN5Y,1.4303122162818909,Equivalent,SS55,0.43607914447784424,Related,SR00,0.4345860481262207,Related,SQ02,0.42588692903518677,Related,SS82,0.41833022236824036,Related
O-42,SN4G,BERT_FULL_DICT_UPPER,SN4G,1.5956158638000488,Equivalent,SN4J,0.47443273663520813,Related,SR15,0.3901509642601013,Weak,SN41,0.3779657483100891,Weak,SN4F,0.36772269010543823,Weak
O-43,SP9Y,BERT_FULL_DICT_UPPER,SP9Y,1.3825230151414871,Equivalent,SQ21,0.36002790927886963,Weak,SQ03,0.32883167266845703,Weak,SQ02,0.3084750771522522,Weak,SS71,0.30064740777015686,Weak
O-50,SN5Y,BERT_FULL_DICT_UPPER,SN5Y,1.5072534680366516,Equivalent,SM51,0.4297914505004883,Related,SK6T,0.4218832850456238,Related,SM1B,0.4136788845062256,Related,SQ60,0.4013271927833557,Related
PC-9,SQ6Y,BERT_FULL_DICT_UPPER,SQ6Y,1.608718454837799,Equivalent,SS11,0.43019646406173706,Related,SM51,0.40904709696769714,Related,SM71,0.4069979190826416,Related,SM13,0.4052291512489319,Related
Q-7,SQ2Y,BERT_FULL_DICT_UPPER,SQ2Y,1.5501651167869568,Equivalent,SM13,0.467746764421463,Related,SM1L,0.4593315124511719,Related,SS55,0.457908570766449,Related,SL21,0.4556652307510376,Related
Q-9,SQ2Y,BERT_FULL_DICT_UPPER,SQ2Y,1.609508752822876,Equivalent,SN4W,0.4772207736968994,Related,SN45,0.4653598666191101,Related,SM51,0.4603486955165863,Related,SN07,0.4570367634296417,Related
Q-12,SQ2Y,BERT_FULL_DICT_UPPER,SQ2Y,1.5138506293296814,Equivalent,SM13,0.41383329033851624,Related,SQ23,0.40297427773475647,Related,SN4F,0.4008709192276001,Related,SK98,0.3894689679145813,Weak
R,SQ8Y,BERT_FULL_DICT_UPPER,SQ8Y,1.6004620790481567,Equivalent,SK53,0.4724544882774353,Related,SQ02,0.4680314064025879,Related,SM9B,0.4672127962112427,Related,SN4E,0.4601929187774658,Related
RA-1,SQ24,BERT_FULL_DICT_UPPER,SQ24,1.4413634538650513,Equivalent,SK64,0.46539703011512756,Related,SK55,0.43696990609169006,Related,SK00,0.43128371238708496,Related,SK54,0.43076789379119873,Related
RD-1,SS2E,BERT_FULL_DICT_UPPER,SS2E,1.5237718224525452,Equivalent,SM32,0.4894985556602478,Related,SM75,0.4764448404312134,Related,SM3Y,0.4671197533607483,Related,SN49,0.45677244663238525,Related
RD-3,SS29,BERT_FULL_DICT_UPPER,SS29,1.62024787068367,Equivalent,SN49,0.5002824068069458,Related,SP99,0.45893794298171997,Related,SN4D,0.45663920044898987,Related,SR20,0.4468756318092346,Related
RD-11,SS23,BERT_FULL_DICT_UPPER,SS23,1.5679318010807037,Equivalent,SK51,0.49838364124298096,Related,SP4Y,0.49182143807411194,Related,SN3Y,0.4907253682613373,Related,SM01,0.46859148144721985,Related
VA-5,SS54,BERT_FULL_DICT_UPPER,SS54,1.834192931652069,Equivalent,SR20,0.5359371900558472,Related,SR17,0.4754076600074768,Related,SN49,0.47450360655784607,Related,SR15,0.46291857957839966,Related
VA-6,SS55,BERT_FULL_DICT_UPPER,SS55,1.7869962453842163,Equivalent,SR1A,0.45227041840553284,Related,SS56,0.4462101459503174,Related,SS52,0.44158226251602173,Related,SR20,0.4384700655937195,Related
VE-1.1,SS60,BERT_FULL_DICT_UPPER,SS60,1.601822853088379,Equivalent,SS62,0.5107067227363586,Related,SS61,0.4918072521686554,Related,SQ02,0.4425904154777527,Related,SN09,0.429932177066803,Related
VE-1.7,SS60,BERT_FULL_DICT_UPPER,SS60,1.4208304286003113,Equivalent,SQ02,0.526853621006012,Related,SN4W,0.5125637054443359,Related,SQ21,0.5002243518829346,Related,SS17,0.4636267125606537,Related
VE-2.3,SS61,BERT_FULL_DICT_UPPER,SS61,1.4168753027915955,Equivalent,SQ02,0.4449087679386139,Related,SS60,0.43654757738113403,Related,SN4W,0.4278409481048584,Related,SS59,0.4250170588493347,Related
VE-2.5,SS61,BERT_FULL_DICT_UPPER,SS61,1.4279328286647797,Equivalent,SS62,0.47103241086006165,Related,SS60,0.46188580989837646,Related,SM1L,0.4174039363861084,Related,SM13,0.40550512075424194,Related
VE-3.1,SS62,BERT_FULL_DICT_UPPER,SS62,1.5261486172676086,Equivalent,SS60,0.5211830735206604,Related,SS61,0.4618271291255951,Related,SR85,0.3924052119255066,Weak,SQ21,0.3868369162082672,Weak
VE-3.2,SS62,BERT_FULL_DICT_UPPER,SS62,1.4832713603973389,Equivalent,SS60,0.49941813945770264,Related,SS61,0.43531501293182373,Related,SQ21,0.3917067050933838,Weak,SS82,0.3802892565727234,Weak
AAA-2.1,SR10,HYBRID_NONE,SR10,1.2499999960542296,Equivalent,SR12,0.5997860035456211,Related,SM33,0.5960133215662105,Related,SK55,0.5272903633934767,Related,SM3Y,0.5121069766566619,Related
AAB-2,SQ05,HYBRID_NONE,SQ05,1.2499999962762265,Equivalent,SR11,0.5270205554321827,Related,SR14,0.5139760037262755,Related,SR13,0.49794624506144824,Related,SR10,0.48359029393858033,Related
AAB-3,SP9Y,HYBRID_NONE,SP9Y,0.9369677436847164,Equivalent,SN4W,0.49999999876246387,Related,SR1W,0.4638460717575024,Related,SS56,0.4397157189034207,Related,SK6P,0.425777997471722,Related
AAB-7,SM1P,HYBRID_NONE,SM1P,1.0384915438942333,Equivalent,SR4L,0.840336283838886,Equivalent,SR4M,0.668363084864426,Narrower,SM15,0.5786809517841527,Related,SM71,0.5474903220221548,Related
AAB-40,SP1Y,HYBRID_NONE,SP1Y,0.8883859202110906,Equivalent,SN4W,0.49999999874019985,Related,SQ21,0.48255502912626197,Related,SQ60,0.4755148968475426,Related,SN4F,0.47525103080347697,Related
AAB-46,SK30,HYBRID_NONE,SK30,1.1085348119420182,Equivalent,SM13,0.4999999985674921,Related,SN4F,0.44939223186322175,Related,SK53,0.43113855814359464,Related,SN60,0.42768903962120075,Related
AAB-48,SM1Y,HYBRID_NONE,SM1Y,0.9327270321422991,Equivalent,SQ21,0.4999999989153084,Related,SQ03,0.43958926783031094,Related,SQ02,0.4146714228233599,Related,SR00,0.3969067477351944,Weak
AAB-49,SN60,HYBRID_NONE,SN60,1.249999996768247,Equivalent,SN41,0.415002577105072,Related,SR20,0.41031110036877644,Related,SR15,0.3988665710411488,Weak,SR40,0.3834698900384612,Weak
AAB-50,SN7Y,HYBRID_NONE,SN7Y,1.1091752562860901,Equivalent,SN4W,0.4999999987204159,Related,SQ02,0.476237276198582,Related,SS50,0.46626660976960005,Related,SP95,0.46470431243057103,Related
AAB-54,SK5Y,HYBRID_NONE,SK5Y,1.0700192482362858,Equivalent,SN4W,0.4999999986583062,Related,SN4R,0.4652860282778571,Related,SR00,0.4651057732350482,Related,SM15,0.4627794915401643,Related
AAB-64,SP4Y,HYBRID_NONE,SP4Y,0.7590065936999647,Equivalent,SR00,0.4999999987864494,Related,SN4W,0.497620271039026,Related,SQ02,0.42672775503877614,Related,SS16,0.41847482058475644,Related
AAB-66,SP9Y,HYBRID_NONE,SP9Y,0.7854733736567661,Equivalent,SM37,0.6856002341940487,Narrower,SQ02,0.49999999865214134,Related,SN4W,0.4984508287346891,Related,SK53,0.4674352949312556,Related
AAB-74,SM1N,HYBRID_NONE,SM1N,1.1242789495360808,Equivalent,SN42,0.8701828130247714,Equivalent,SR1A,0.7502044266860075,Narrower,ST11,0.693933856576475,Narrower,SM15,0.6349372504104349,Narrower
AAB-80,SP1Y,HYBRID_NONE,SP1Y,0.87657280897193,Equivalent,SM51,0.49999999851400373,Related,SS56,0.4931683302785803,Related,SK6E,0.4866478607355783,Related,SR66,0.48013908273303446,Related
AAB-86,SP9Y,HYBRID_NONE,SP9Y,0.8211057246787198,Equivalent,SR11,0.4999999989447408,Related,SR13,0.4951776768464481,Related,SS50,0.4933514232726345,Related,SR10,0.48286532495824375,Related
AAB-87,SP1Y,HYBRID_NONE,SP1Y,0.8496570768019053,Equivalent,SS82,0.49999999887849234,Related,SS55,0.47093626610104694,Related,SR10,0.4656814518750575,Related,SS50,0.4481586306193403,Related
AAB-88,SP9Y,HYBRID_NONE,SP9Y,0.8588438347033098,Equivalent,SS82,0.49999999869697065,Related,SR10,0.49083355356580827,Related,SR14,0.47671683351749017,Related,SR13,0.4762675710698214,Related
AAB-93,SP4Y,HYBRID_NONE,SP4Y,0.7499999919926947,Equivalent,SK53,0.4999999988941626,Related,SN4W,0.4822318849603443,Related,SM3J,0.4376088845524076,Related,SS50,0.42291073665541673,Related
AAB-97,SN03,HYBRID_NONE,SR4E,1.126581016373723,Equivalent,SN0Z,0.7757929530761276,Narrower,SN03,0.7417799240450904,Equivalent,SS23,0.6591613009227932,Narrower,SR4D,0.632517819681944,Narrower
AAB-100,SP9Y,HYBRID_NONE,SP9Y,0.8981342783452803,Equivalent,SS59,0.49999999876247514,Related,SS30,0.4601945452581553,Related,SS17,0.4520865644597949,Related,SS57,0.45120296675069094,Related
AAB-103,SP9Y,HYBRID_NONE,SP9Y,0.9440407295060734,Equivalent,SQ60,0.49999999901690856,Related,SN4W,0.4627222262451385,Related,SR00,0.45486374824353065,Related,SM51,0.43503013131373214,Related
AAB-105,SP9Y,HYBRID_NONE,SP9Y,0.9515419762453132,Equivalent,SR66,0.4999999988726139,Related,SN4W,0.4888575203464793,Related,SS19,0.4711900692384896,Related,SS13,0.4690555088398457,Related
AAB-108,SP4Y,HYBRID_NONE,SP4Y,0.8380245271913468,Equivalent,SN4W,0.4999999987375092,Related,SK53,0.48193134518557307,Related,SQ02,0.4739016477075431,Related,SP95,0.471915077080906,Related
AAB-110,SL62,HYBRID_NONE,SL62,1.0423366530236264,Equivalent,SR40,0.9182517923501193,Equivalent,SL6Y,0.9086649062793594,Equivalent,SL6Z,0.8607003121108102,Equivalent,SL60,0.7890699177052398,Narrower
AAC-1,SK30,HYBRID_NONE,SK30,1.1448607491104117,Equivalent,SQ02,0.49999999872421996,Related,SM51,0.4830502208084646,Related,SQ03,0.4819232722411247,Related,SR00,0.4680951874823489,Related
AAC-2,SK30,HYBRID_NONE,SK30,1.0971517059815066,Equivalent,SS56,0.49999999883053614,Related,SS55,0.483131203709841,Related,SM15,0.4771083019763619,Related,SL07,0.4731543982088932,Related
AAC-5,SP0Y,HYBRID_NONE,SP0Y,1.017057313940124,Equivalent,SN07,0.49999999876246115,Related,SK53,0.49738509820653476,Related,SN4W,0.486856011178212,Related,SQ02,0.48584199036178544,Related
AAC-6,SP00,HYBRID_NONE,SP00,1.0522742544088148,Equivalent,SR1C,0.8607367842459774,Equivalent,SR12,0.7375646834911753,Narrower,SK55,0.7034578206321386,Narrower,SS19,0.658134433751179,Narrower
AAC-7,SN08,HYBRID_NONE,SN08,0.9125211442716672,Equivalent,SM8Z,0.9026352610480353,Equivalent,SM88,0.6932625207954879,Narrower,SN3Z,0.6870465809498911,Narrower,SM8Y,0.6481995383386844,Narrower
AAC-8,SP15,HYBRID_NONE,SP15,1.249999997012845,Equivalent,SP4Y,0.49213740620575697,Related,SP2Y,0.48603514961376754,Related,SP13,0.4551385489090809,Related,SP20,0.4228064349091722,Related
AAC-9.2,SK55,HYBRID_NONE,SK55,1.1847549524769816,Equivalent,SN4W,0.49999999864399924,Related,SQ02,0.48872538230389306,Related,SM13,0.4736680439219387,Related,SN07,0.44908625079754866,Related
AAC-12,SM31,HYBRID_NONE,SM31,1.2198220358009757,Equivalent,SR12,0.7921304099487463,Narrower,SM39,0.6967862340648009,Narrower,SM34,0.6467405631787364,Narrower,SP4Y,0.6337797126704621,Narrower
AAC-13,SK30,HYBRID_NONE,SK30,1.12260341530782,Equivalent,SQ02,0.4999999987375959,Related,SN4W,0.4663926188987489,Related,SK53,0.4533370214583385,Related,SP5B,0.45271421737197753,Related
AAC-16,SK5Y,HYBRID_NONE,SK5Y,0.947803483593459,Equivalent,SS19,0.49999999845336873,Related,SR67,0.49785353021105727,Related,SS18,0.4837723334833323,Related,SS17,0.4780542873715881,Related
AAC-239,SK30,HYBRID_NONE,SK30,1.0457711548204611,Equivalent,SQ21,0.4999999987193648,Related,SM13,0.4593132377452771,Related,SP95,0.45832153491975236,Related,SP5B,0.45795006618511436,Related
AAC-27,SM83,HYBRID_NONE,SM83,1.0546422528461346,Equivalent,SS53,0.4999999984673272,Related,SM51,0.47485277690514527,Related,SS85,0.47207857166452943,Related,SQ21,0.46651508770458855,Related
AAC-38,SK22,HYBRID_NONE,SK22,0.8608276879365924,Equivalent,SK53,0.49999999836929915,Related,SN60,0.4769621382322939,Related,SN4G,0.46929093509902114,Related,SN4E,0.4652716791519641,Related
AAC-39,SL7Y,HYBRID_NONE,SL7Y,1.0859407351266113,Equivalent,SK6T,0.4999999987146934,Related,SL70,0.48082085470704605,Related,SR00,0.4802096965093404,Related,SN4W,0.47541990932565487,Related
AAD-2.7,SR20,HYBRID_NONE,SR20,1.2499999900352887,Equivalent,SS81,0.47843545175917523,Related,SS54,0.47287657284568047,Related,SR18,0.46277835488132835,Related,SR17,0.4617577271754592,Related
AAD-2.9,SR20,HYBRID_NONE,SR20,1.2252909992754064,Equivalent,SR18,0.4999999990253387,Related,SS81,0.4727915718288063,Related,SR15,0.4680068055951626,Related,SR17,0.46401014721132355,Related
AAD-4,SR20,HYBRID_NONE,SR20,1.1794879670160763,Equivalent,SR11,0.4999999985620506,Related,SN4W,0.4956079970425571,Related,SS82,0.48746663604389057,Related,SS55,0.47884423630805434,Related
AAD-4.1,SR20,HYBRID_NONE,SR20,1.2091904929011925,Equivalent,SS55,0.4999999987354866,Related,SR11,0.47552511754371946,Related,SS19,0.46986273017931407,Related,SM51,0.4627313645549987,Related
AAD-5,SR20,HYBRID_NONE,SR20,1.1073123698812193,Equivalent,SQ21,0.49999999866723294,Related,SS60,0.4750832484325007,Related,SN4W,0.45005440962187715,Related,SQ02,0.44794915420445425,Related
ABA-1,SR16,HYBRID_NONE,SR16,1.2499999972850295,Equivalent,SN41,0.5210231221368816,Related,SR20,0.47226262440587613,Related,SS81,0.4645391681899435,Related,SR17,0.4638801330743132,Related
ABA-2,SR17,HYBRID_NONE,SR17,1.2499999955843721,Equivalent,SN41,0.787088734066987,Narrower,SR20,0.5859353866702037,Related,SR40,0.572964748912024,Related,SS2A,0.5608066647570973,Related
ABA-2.1,SR15,HYBRID_NONE,SR15,1.249999996152635,Equivalent,SR17,0.6316108553865083,Narrower,SP63,0.5668152774899446,Related,SR20,0.5147133521626432,Related,SM1Z,0.4954754433085178,Related
ABB-1,SK7Y,HYBRID_NONE,SK7Y,0.8670946722340427,Equivalent,SS52,0.4999999988283448,Related,SS55,0.4928559064140163,Related,SN4W,0.47392267876144845,Related,SM71,0.45739443148502124,Related
ABB-7,SM3Y,HYBRID_NONE,SM3Y,0.8996683022722236,Equivalent,SM71,0.4999999987162534,Related,SN4W,0.4734510350461762,Related,SP5B,0.4483936605569221,Related,SQ02,0.4378286165908324,Related
ABB-10,SP9Y,HYBRID_NONE,SP9Y,0.8781796169853624,Equivalent,SS61,0.49999999870327816,Related,SQ21,0.4654731475256323,Related,SR00,0.464902626640441,Related,SS60,0.4568183731354586,Related
ABB-25,SP9Y,HYBRID_NONE,SP9Y,0.9151082694883307,Equivalent,SS82,0.4999999986409059,Related,SM13,0.48285264349981166,Related,SM51,0.46868825772841094,Related,SQ02,0.46118794039870353,Related
ABB-29,SP2Y,HYBRID_NONE,SP2Y,1.0415304179855176,Equivalent,SN60,0.4999999986010744,Related,SL07,0.4838674935758796,Related,SN4W,0.48317208385110694,Related,SN4E,0.4721963671266997,Related
ACA-1,SR1B,HYBRID_NONE,SR1B,1.2499999975803515,Equivalent,SR11,0.5460834666840627,Related,SR1C,0.503305736129009,Related,SR1A,0.46485118053593255,Related,SR1D,0.45710672672243463,Related
ACA-2,SR1C,HYBRID_NONE,SR1C,1.2499999958266506,Equivalent,SR40,0.7463336622009373,Narrower,SN41,0.6789701244039381,Narrower,SR1E,0.5524365757916794,Related,SP9Y,0.5432171960234949,Related
ACA-4,SR1E,HYBRID_NONE,SR1E,1.155915168912203,Equivalent,SN42,0.592433761794595,Related,SR20,0.5706592433803721,Related,SP9Y,0.5594758686661134,Related,SR40,0.551181238575785,Related
ACB-15,SQ4Y,HYBRID_NONE,SQ4Y,0.9301081917328502,Equivalent,SN4W,0.4999999984876404,Related,SM71,0.47731706011823755,Related,SK86,0.45685070918454185,Related,SM9B,0.4531689718317454,Related
ACB-27,SP9Y,HYBRID_NONE,SP9Y,0.9059077690137778,Equivalent,SK6P,0.49999999856691785,Related,SM10,0.4506662895911932,Related,SN4W,0.436368112199215,Related,SK53,0.4283781652784417,Related
BD-2,SP62,HYBRID_NONE,SP62,1.2131942769536117,Equivalent,SR47,1.2019669065252174,Equivalent,SR60,0.511052856330331,Related,SR80,0.48328526641357317,Related,SR45,0.4809783548093427,Related
BE-1,SR4A,HYBRID_NONE,SR4A,1.1266046075459644,Equivalent,SN71,0.9615147122291763,Equivalent,SN9Z,0.7380640531515623,Narrower,SR1S,0.679463061082595,Narrower,ST0T,0.6790631504600785,Narrower
BF-2,SR4B,HYBRID_NONE,SR4B,1.0889805939498456,Equivalent,SP9Z,0.6451142372930265,Narrower,SK6R,0.6209123006513035,Narrower,SK6G,0.5765978374057144,Related,SR43,0.5341265212588083,Related
BA-3.1,SR4K,HYBRID_NONE,SR4K,1.1389364615893158,Equivalent,SR4J,0.8499399422742677,Equivalent,SR61,0.4599784302443379,Related,SN3Y,0.4270621456308566,Related,SR42,0.4222900420696415,Related
BH-1,SR4F,HYBRID_NONE,SR4F,1.0927374347608436,Equivalent,SP92,0.49999999892759406,Related,SS3J,0.49976364290113645,Related,SQ8Y,0.4937026168802566,Related,SQ05,0.47315867416716534,Related
CC-2,SN45,HYBRID_NONE,SR84,1.1345351414523228,Equivalent,SN45,1.083777459357493,Equivalent,SR8N,0.5724517291246392,Related,SN4D,0.43513570017399134,Related,SR8E,0.4138974038686243,Related
CA-1,SR83,HYBRID_NONE,SR83,1.159379054658061,Equivalent,SM81,0.6975316989321277,Narrower,SM82,0.6511146435794999,Narrower,SM86,0.6407963060015593,Narrower,SM89,0.6000310002004446,Narrower
CA-2,SR82,HYBRID_NONE,SR82,1.2450039286639312,Equivalent,SM82,0.69758966591035,Narrower,SM86,0.6137649130631331,Narrower,SM81,0.5687196487222819,Related,SM89,0.5562468004361915,Related
CB-1,SR81,HYBRID_NONE,SR81,1.1181043188212878,Equivalent,SM83,0.6224459503874821,Narrower,SR5A,0.6216772210880469,Narrower,SM7Y,0.6052897534628725,Narrower,SR10,0.5764112274976685,Related
CB-2,SR80,HYBRID_NONE,SR80,1.2499999966046105,Equivalent,SR5A,0.4909698312895483,Related,SM7Y,0.4778267017830813,Related,SM31,0.4724570990329726,Related,SM33,0.43434981408394957,Related
CB-3,SR86,HYBRID_NONE,SR86,1.1914960997939894,Equivalent,SR5A,0.8327797222196762,Equivalent,SR81,0.7955065968699218,Narrower,SS19,0.7186161591901065,Narrower,SS17,0.6676845100206061,Narrower
D,SS10,HYBRID_NONE,SS10,1.2499999979452663,Equivalent,SR59,0.5439846260511321,Related,SS13,0.5364022398923063,Related,SS18,0.5336656250152781,Related,SS11,0.5275875324777783,Related
DB-2,SS11,HYBRID_NONE,SS11,1.2499999971437723,Equivalent,SS18,0.6172774205243385,Narrower,SS19,0.5832547630981992,Related,SR59,0.5805152999251155,Related,SS1Z,0.5723738809060248,Related
DB-4,SS14,HYBRID_NONE,SS14,1.2499999973043414,Equivalent,SS15,0.5846878773729427,Related,SM3C,0.49506918043851644,Related,SS11,0.4845154537598422,Related,SP9Y,0.4835435477480437,Related
EA-2.5,SM74,HYBRID_NONE,SM74,0.9826917171254955,Equivalent,SS55,0.499999998600794,Related,SS36,0.48963539954401186,Related,SS30,0.46807492017085417,Related,SS39,0.46774215746949704,Related
EA-4.5.1,SL40,HYBRID_NONE,SL40,0.6642193238969843,Narrower,SM51,0.49999999864678457,Related,SQ60,0.47715771511502414,Related,SS82,0.4749679734860241,Related,SM71,0.47244067844827714,Related
EB-1,SR59,HYBRID_NONE,SR59,1.2499999976377039,Equivalent,SS15,0.4854989512794251,Related,SS10,0.4687197936575741,Related,SM3C,0.43769771760608256,Related,SS37,0.4243285988870022,Related
EB-2,SM37,HYBRID_NONE,SM37,1.1763999801758447,Equivalent,SM38,0.7894470012630912,Narrower,SM7Y,0.6310383277960973,Narrower,SS10,0.6125220032286458,Narrower,SR59,0.572118037369097,Related
EB-3.9,SM3C,HYBRID_NONE,SM3C,1.2137496803020387,Equivalent,SR86,0.9187587006365289,Equivalent,SM3Y,0.8444403321174874,Equivalent,SM3L,0.7025422736610242,Narrower,SM7Y,0.6454398617409263,Narrower
EB-6,SM3L,HYBRID_NONE,SM3L,1.1386219589102382,Equivalent,SM3J,0.8401974293205194,Equivalent,SR50,0.6863813849645604,Narrower,SS19,0.6601406197682713,Narrower,SR20,0.6196477607061712,Narrower
EB-8,SM3K,HYBRID_NONE,SM3K,1.2499999964121966,Equivalent,SM7Y,0.5104300378162806,Related,SM33,0.49098312062376154,Related,SM31,0.4772817713890452,Related,SM53,0.4720338537437223,Related
EB-10,SM33,HYBRID_NONE,SM33,1.1608230221655702,Equivalent,SM31,0.7465810702769855,Narrower,SP9Y,0.744692081356038,Narrower,SM7Y,0.6567670265847193,Narrower,SM3Z,0.6105109081011231,Narrower
EB-10.15,SM70,HYBRID_NONE,SM70,0.9999999971536204,Equivalent,SM33,0.3900701992195147,Weak,SM3Y,0.3872900982654536,Weak,SP4Y,0.37950727941609935,Weak,SM7Y,0.35050064274351767,Weak
EC-3,SP51,HYBRID_NONE,SP51,1.2448839972209977,Equivalent,SR40,0.7565821386504599,Narrower,SR50,0.7010221662438656,Narrower,SQ2Y,0.5476180121694998,Related,SR8Y,0.5453575569069093,Related
EC-3.2,SP54,HYBRID_NONE,SP54,1.2499999969942448,Equivalent,SK55,0.6145901300911685,Narrower,SN41,0.5901465174416326,Related,SP57,0.5536759316755956,Related,SM7Y,0.5355014625654435,Related
EC-3.7,SP5Y,HYBRID_NONE,SP5Y,0.9417144226508456,Equivalent,SS55,0.4999999989139177,Related,SS52,0.4835025332007644,Related,SR1D,0.48316616729909306,Related,SR1B,0.4767205783657564,Related
EC-3.8,SP5Y,HYBRID_NONE,SP5Y,0.9650670155741419,Equivalent,SR66,0.4999999985993391,Related,SN4W,0.4945706187682185,Related,SM1L,0.48103204542227374,Related,SP5B,0.47824541153830535,Related
ED-2.2,SP99,HYBRID_NONE,SP99,1.0681239895120689,Equivalent,SR40,0.8549352557055981,Equivalent,SN5Y,0.8221116198498447,Equivalent,SN45,0.773391609675969,Narrower,SP9Z,0.7641030979036941,Narrower
ED-3.1,SM41,HYBRID_NONE,SM41,1.0029671983922193,Equivalent,SQ02,0.4999999986671317,Related,SR00,0.4791022726214767,Related,SN4W,0.46472850194919035,Related,SL21,0.46432976679631544,Related
ED-3.3,SM41,HYBRID_NONE,SM41,0.9689565913546018,Equivalent,SS58,0.4999999985730867,Related,SR66,0.4924981051010137,Related,SS82,0.4751771554484059,Related,SR00,0.4591078963601481,Related
ED-3.5,SM41,HYBRID_NONE,SM41,0.9089365283617118,Equivalent,SM71,0.49999999854593624,Related,SM51,0.4983281111360634,Related,SN07,0.46847243404063904,Related,SM1L,0.46350244634848736,Related
ED-4.2.3,SN49,HYBRID_NONE,SN49,1.1694831217214012,Equivalent,SM1L,0.4999999986581927,Related,SN4F,0.46618176514141213,Related,SN4W,0.4608061676381216,Related,SM13,0.46000330905261744,Related
ED-4.2.6,SN49,HYBRID_NONE,SN49,1.0125151857372274,Equivalent,SN4W,0.49999999873930395,Related,SQ02,0.4579760123029838,Related,SR1W,0.449866919076015,Related,SR1V,0.4463741064792865,Related
ED-4.2.7,SN4A,HYBRID_NONE,SN42,0.9969116731906601,Equivalent,SN4A,0.9173803104979283,Equivalent,SN4R,0.8744216100979927,Equivalent,SN5Y,0.7322724290772423,Narrower,SN4C,0.6990457161526595,Narrower
ED-4.3.2,SN5Y,HYBRID_NONE,SN5Y,0.9038718165777283,Equivalent,SR00,0.49999999874875806,Related,SN4W,0.48637109414652696,Related,SS59,0.48416330743604724,Related,SQ02,0.4828668116695715,Related
ED-4.3.7,SN5Y,HYBRID_NONE,SN49,0.820301696727935,Equivalent,SN5Y,0.6461946973724266,Equivalent,SN4U,0.5102533408467924,Related,SR1V,0.49999999880039087,Related,SR1W,0.47829119373634443,Related
ED-4.4,SN49,HYBRID_NONE,SR40,0.9729073865726423,Equivalent,SN49,0.8997318853424123,Equivalent,SS56,0.7949334768375376,Narrower,SN5Y,0.7613418617698402,Narrower,SN4R,0.6701359665578197,Narrower
ED-8,SP11,HYBRID_NONE,SP14,0.6976030648841749,Narrower,SP11,0.6834345661804888,Equivalent,SP10,0.5989871986708024,Related,SR10,0.49999999887915947,Related,SR14,0.4783523625432549,Related
ED-9.7.9,SM40,HYBRID_NONE,SM40,1.1436760401811892,Equivalent,SR17,0.6523571555446493,Narrower,SP57,0.5593171199492588,Related,SR15,0.5513520026078368,Related,SM4Y,0.5225618007599069,Related
ED-19,SN47,HYBRID_NONE,SQ50,0.9999999968009595,Equivalent,SN47,0.9869260169078212,Equivalent,SN4U,0.5917589049391123,Related,SR1A,0.585294485177033,Related,SR1D,0.49774897702956034,Related
EE-1,SR52,HYBRID_NONE,SR52,1.2499999974557126,Equivalent,SR53,0.584041201307474,Related,SL70,0.5372644830236752,Related,SP2Z,0.4979356682824334,Related,SR45,0.4825606187087107,Related
EE-2,SP72,HYBRID_NONE,SP72,1.0653096675341718,Equivalent,SR13,0.6777073210362743,Narrower,SR1D,0.6697102464402529,Narrower,SR18,0.6282866031165395,Narrower,SP97,0.5517910047700332,Related
EE-3.4,SM53,HYBRID_NONE,SM53,0.607777093143653,Narrower,SM99,0.5893271401221007,Related,SN06,0.5822002741523251,Related,SK6S,0.5773049558444601,Related,SM3J,0.5597839889713168,Related
EE-3.6,SM53,HYBRID_NONE,SM53,0.861995844756573,Equivalent,SM1L,0.7428237611158042,Narrower,SK6S,0.6781212144976565,Narrower,SN06,0.5925710974419696,Related,SM99,0.5710256681857997,Related
EE-3.7,SM53,HYBRID_NONE,SK6S,0.7047078632419572,Narrower,SN06,0.622465236735001,Narrower,SM53,0.6107028598640128,Narrower,SM99,0.5649639046833691,Related,SR66,0.49999999878619406,Related
EE-3.10,SM53,HYBRID_NONE,SM53,0.8406847048928424,Equivalent,SK6S,0.6460204427665209,Narrower,SN06,0.5751223022828077,Related,SM99,0.5740585733500487,Related,SN4W,0.49999999877458845,Related
EE-3.13,SM7Y,HYBRID_NONE,SM7Y,0.9057946576074211,Equivalent,SK6S,0.7150053138852563,Narrower,SN06,0.6647737144814039,Narrower,SM99,0.6109072605421698,Narrower,SM53,0.5561323922470954,Related
EE-3.16,SK6S,HYBRID_NONE,SK6S,1.1990258373814742,Equivalent,SN06,0.529173505407037,Related,SK7Z,0.5129414137428888,Related,SK6U,0.49999999877355306,Related,SK6H,0.4919580552439069,Related
EE-4.4,SP70,HYBRID_NONE,SP70,1.2499999958891155,Equivalent,SR1A,0.6734647608515478,Narrower,SR1D,0.5232410621814149,Related,SN5Y,0.5131881795733301,Related,SR1C,0.48990653009630025,Related
EF-1,SR53,HYBRID_NONE,SR53,1.2499999965402855,Equivalent,SR52,0.6079593865342608,Narrower,SR5C,0.6060640464137111,Narrower,SR40,0.6013522858651553,Narrower,SN42,0.5876152387048426,Related
EF-2.2.7,SM8D,HYBRID_NONE,SM8D,0.857283243935826,Equivalent,SN4W,0.49999999855173977,Related,SM13,0.4797226312597641,Related,SL07,0.47512674970409413,Related,SL02,0.47318499935026126,Related
EF-2.2.8,SM8D,HYBRID_NONE,SM8D,0.9627289248505297,Equivalent,SR8E,0.4999999985387438,Related,SR00,0.49936305338288545,Related,SP95,0.48381255084328445,Related,SK6P,0.48317451696673036,Related
EF-2.2.11,SM8D,HYBRID_NONE,SM8D,0.8508030452561172,Equivalent,SN4W,0.49999999862584976,Related,SR00,0.48978098865633635,Related,SQ02,0.4841686438885039,Related,SM13,0.4796350795552344,Related
EF-2.2.12,SM8D,HYBRID_NONE,SM8D,0.951698696183053,Equivalent,SN4W,0.4999999987787735,Related,SM13,0.47918460444052874,Related,SQ02,0.4584441118052167,Related,SQ60,0.44279446008313145,Related
EF-2.2.13,SM8D,HYBRID_NONE,SM8D,0.9546733789683313,Equivalent,SN4W,0.49999999882740387,Related,SM13,0.45969562758395865,Related,SR66,0.43200847138625353,Related,SN48,0.42736651267451503,Related
EF-2.3.1,SM8D,HYBRID_NONE,SM8D,0.8829400223558206,Equivalent,SS55,0.49999999868046996,Related,SN4W,0.49825011219687165,Related,SR1W,0.4941482725735581,Related,SS52,0.49049190722068825,Related
EF-2.3.2,SM8D,HYBRID_NONE,SM8D,0.9101829587532455,Equivalent,SS52,0.49999999879868634,Related,SS55,0.46381254710636455,Related,SN4W,0.45556961666606066,Related,SL02,0.4454130369210634,Related
EF-2.3.3,SM8D,HYBRID_NONE,SM8D,0.9329692711051853,Equivalent,SK6J,0.4999999987584681,Related,SM71,0.4678140498515582,Related,SN73,0.4565483498252528,Related,SN4W,0.45606186682852445,Related
EF-2.3.4,SM8A,HYBRID_NONE,SM8A,1.0282759799514918,Equivalent,SR5B,0.8015509469586561,Equivalent,SR15,0.7103256914079806,Narrower,SR44,0.5925947325923238,Related,SR8A,0.5788913994467674,Related
EF-2.3.6,SM8D,HYBRID_NONE,SM8D,0.9831987941305163,Equivalent,SP95,0.49999999849734483,Related,SN73,0.4991700423352997,Related,SR1V,0.4911192929112725,Related,SN4W,0.4624420303167559,Related
EF-3,SP64,HYBRID_NONE,SP64,1.2043879236371269,Equivalent,SP62,0.5755384424888081,Related,SP70,0.39302378259557136,Weak,SR47,0.39141881673981016,Weak,SN45,0.39120699051360297,Weak
EH-2,SP0Y,HYBRID_NONE,SP0Y,0.9719009785972759,Equivalent,SN4W,0.4999999989125438,Related,SM51,0.49182898324456836,Related,SR00,0.462657312633969,Related,SP5B,0.4579791465702202,Related
EI-1,SR56,HYBRID_NONE,SR56,1.2499999968499067,Equivalent,SR4E,0.5517240105455736,Related,SS23,0.5228519732397479,Related,SR4D,0.4937172054781626,Related,SM94,0.4633517836183211,Related
EI-2,SN02,HYBRID_NONE,SN02,1.2499999975391267,Equivalent,SN3Y,0.538371596028904,Related,SN0Y,0.5214837889776287,Related,SN49,0.4487817456630897,Related,SN0Z,0.4402040530012972,Related
EI-6.8,SM3G,HYBRID_NONE,SM3G,1.0219242784920215,Equivalent,SM3Z,0.9836172017393714,Equivalent,SN0Y,0.7435719686905209,Narrower,SK55,0.6167973131401001,Narrower,SM3Y,0.6111583580162783,Narrower
EI-6.9,SN0Y,HYBRID_NONE,SN0Y,0.8842936103640766,Equivalent,SN4W,0.49999999880853585,Related,SM13,0.4691120247527062,Related,SR1W,0.44514627081313163,Related,SR00,0.43532592628576516,Related
EJ-1,SR5B,HYBRID_NONE,SR5B,1.2499999964124384,Equivalent,SR5Z,0.6379527624062473,Narrower,SR5A,0.6090744935275552,Narrower,SR5C,0.5997312850783253,Related,SR56,0.5910493738910807,Related
EJ-2,SM8C,HYBRID_NONE,SM8C,1.1970272035108154,Equivalent,SM86,0.7376956213780047,Narrower,SM87,0.7249286961344227,Narrower,SR5B,0.7027492450477772,Narrower,SP4Y,0.6147389022323384,Narrower
EJ-3.4,SM8E,HYBRID_NONE,SM8E,1.0648790279391203,Equivalent,SM81,0.7351973684929075,Narrower,SR11,0.6232924964227305,Narrower,SR80,0.608598656479239,Narrower,SR83,0.594616568442611,Related
EJ-3.9,SM88,HYBRID_NONE,SM88,1.2499999971910385,Equivalent,SM86,0.7744699030985764,Narrower,SM82,0.6498710120631985,Narrower,SM81,0.5633709417341666,Related,SM8B,0.5049691472835545,Related
EJ-3.12,SM52,HYBRID_NONE,SM52,0.9938163609615318,Equivalent,SR10,0.49999999892236685,Related,SR40,0.48082548008280646,Related,SR1V,0.47346196255464157,Related,SR1W,0.4433947985711405,Related
EK-4.2,SM32,HYBRID_NONE,SM32,0.9833408205310754,Equivalent,SM3J,0.5317719903468883,Related,SM1M,0.5276789376258668,Related,SS50,0.4999999988193986,Related,SR10,0.4876476840522302,Related
EK-4.4,SM32,HYBRID_NONE,SM32,0.9327483125837798,Equivalent,SM1L,0.5955069201345677,Related,SS55,0.4999999989352355,Related,SS52,0.49173877180424097,Related,SS80,0.4623394145505909,Related
EK-4.5,SM32,HYBRID_NONE,SM32,1.1449328035417685,Equivalent,SM8B,0.4999999987617673,Related,SQ02,0.4919252788944369,Related,SM93,0.4890861336732316,Related,SM5Y,0.48724766564197947,Related
EK-4.6,SM42,HYBRID_NONE,SM42,1.2499999953256578,Equivalent,SM4Z,0.7054466027148911,Narrower,SM4Y,0.6991646206944215,Narrower,SM40,0.6900566082421742,Narrower,SM3L,0.649611685207302,Narrower
EL-2.5,SM9Y,HYBRID_NONE,SM9Y,0.9052848561820293,Equivalent,SR1V,0.4999999987682181,Related,SN4W,0.4985888679107779,Related,SS50,0.4913608970719426,Related,SS53,0.48641485404864676,Related
EL-2.6,SM9Y,HYBRID_NONE,SM9Y,0.8898727171593234,Equivalent,SP21,0.4999999985947277,Related,SR1V,0.48220615704325676,Related,SM71,0.47411164335671124,Related,SR1N,0.45408277170900596,Related
EL-2.9,SM90,HYBRID_NONE,SM90,0.934215829187752,Equivalent,SM99,0.5929316258436574,Related,SM98,0.5895405714259323,Related,SR20,0.5778345801978366,Related,SM9Y,0.5609496483088401,Related
EL-2.10,SM96,HYBRID_NONE,SM96,1.0981361383860042,Equivalent,SR1A,0.752273492213394,Narrower,SP4Y,0.7063091778772848,Narrower,SP54,0.6003413828474111,Narrower,SK87,0.5971363042737113,Related
EL-2.12,SN12,HYBRID_NONE,SN12,1.2499999954314014,Equivalent,SM9Y,0.5256085489726791,Related,SR4E,0.4905424435353063,Related,SS82,0.4762337407061631,Related,SM9A,0.4536744074034054,Related
EL-2.15,SM91,HYBRID_NONE,SM91,1.2499999960743453,Equivalent,SR4J,0.7563584509305457,Narrower,SR4K,0.6871807630949847,Narrower,SR1A,0.5625831557374072,Related,SR1C,0.523182888119575,Related
EL-2.20,SM9A,HYBRID_NONE,SM9A,0.9999999955263625,Equivalent,SM9Y,0.7620475227257295,Narrower,SM99,0.5986346877540234,Related,SM98,0.5416352366427452,Related,SR20,0.5253770092125152,Related
EL-2.26,SM9Y,HYBRID_NONE,SM9Y,0.9123559035014177,Equivalent,SN4W,0.4999999987364491,Related,SR1V,0.4582012699532059,Related,SS55,0.44624856565637994,Related,SS16,0.4400353525511441,Related
EL-2.28,SM99,HYBRID_NONE,SM99,1.2043423144521384,Equivalent,SN44,0.5839804544045735,Related,SR8E,0.529011932101928,Related,SM9B,0.49999999863329125,Related,SR45,0.4860476734901493,Related
EL-9,SN1Y,HYBRID_NONE,SN1Y,1.1360625973446699,Equivalent,SN4W,0.4999999986461614,Related,SN4H,0.49454194583205957,Related,SP5B,0.4754181837410993,Related,SM1L,0.45155520047606224,Related
EM-1,SR5E,HYBRID_NONE,SR5E,1.2499999973537093,Equivalent,SR5Z,0.5486951914798185,Related,SR53,0.537654932116762,Related,SR5A,0.5006829496037652,Related,SR5C,0.46762744538010703,Related
EM-2,SQ03,HYBRID_NONE,SQ03,1.125766203752089,Equivalent,SR5E,0.8686766207765786,Equivalent,SQ41,0.7330155441752166,Narrower,SS15,0.6458792975533139,Narrower,SQ04,0.5462371812481562,Related
EM-2.4,SQ04,HYBRID_NONE,SQ04,1.1783251010671512,Equivalent,SQ0Z,0.8288673601776534,Equivalent,SQ03,0.7909243695568129,Narrower,SQ4Y,0.7813340589329463,Narrower,SR1A,0.7242112521098765,Narrower
EM-7.5,SP98,HYBRID_NONE,SP98,1.1972524823790405,Equivalent,SM1L,0.4999999986516614,Related,SP5B,0.49521999615628987,Related,SM8B,0.49343873658860127,Related,SS85,0.4887476202636802,Related
EM-9,SQ10,HYBRID_NONE,SQ10,1.249999997578688,Equivalent,SS61,0.501558007741477,Related,SP58,0.4440488193497578,Related,SP54,0.4217221102131281,Related,SS3G,0.42101001099596713,Related
F-9,SK00,HYBRID_NONE,SK00,0.8694167786746713,Equivalent,SS82,0.49999999858811417,Related,SM13,0.48125704977409384,Related,SR00,0.4789574315579434,Related,SM51,0.47573947242897213,Related
FA,SK50,HYBRID_NONE,SK50,1.2499999970179665,Equivalent,SN4G,0.6212404211862198,Narrower,SN70,0.5479046743523485,Related,SN4E,0.4716743516624038,Related,SK00,0.4704475153298704,Related
FA-2,SN73,HYBRID_NONE,SN73,1.2499999982247383,Equivalent,SN7Z,0.3783956736799281,Weak,SN7Y,0.3679831046020723,Weak,SR17,0.36097085585711003,Weak,SR20,0.35250612769205253,Weak
FA-6,SK50,HYBRID_NONE,SK50,1.167954420062796,Equivalent,SN4G,0.49999999880908613,Related,SN4E,0.47220657011225065,Related,SS80,0.4703493448420416,Related,SS55,0.4240233789888533,Related
FA-7,SP9Y,HYBRID_NONE,SP9Y,0.9904507828288239,Equivalent,SN4G,0.49999999880393475,Related,SN4E,0.4836162477116043,Related,SS80,0.47644992946735026,Related,SR1D,0.43596609864017005,Related
GA-1,SM1M,HYBRID_NONE,SM1M,1.2499999970161744,Equivalent,SM1K,0.6668983045480312,Narrower,SR10,0.4834887018491365,Related,SM1L,0.4307204330156695,Related,SM3J,0.42675279328274507,Related
GA-10,SM1Y,HYBRID_NONE,SM1Y,0.96491725288921,Equivalent,SS60,0.49999999854384486,Related,SS55,0.4862084945323977,Related,SP92,0.4772404149903033,Related,SM51,0.47687753092314245,Related
GB-3,SM13,HYBRID_NONE,SM13,1.0766683003633695,Equivalent,SM1G,0.7165836068634294,Narrower,SM1J,0.6825813449705985,Narrower,SN44,0.5692296616815911,Related,SS20,0.5481233518108197,Related
GB-9,SM1Y,HYBRID_NONE,SM1Y,0.8886781004579816,Equivalent,SR85,0.4999999986967554,Related,SR84,0.4838103235898678,Related,SQ02,0.4716780781963574,Related,SS82,0.44528691879030285,Related
GB-11,SM1Y,HYBRID_NONE,SM1Y,0.9244429928578761,Equivalent,SN4W,0.4999999987152752,Related,SK53,0.4759348256198468,Related,SS57,0.4551527532995345,Related,SR11,0.45042053653178193,Related
GD-4,SM1Y,HYBRID_NONE,SM1Y,0.971852090616239,Equivalent,SM71,0.4999999987213928,Related,SN48,0.49648511266193057,Related,SP96,0.49403161618302643,Related,SN4W,0.4805901044578174,Related
GE-3,SL06,HYBRID_NONE,SL06,1.2499999956632522,Equivalent,SL04,0.6621688678503057,Narrower,SL08,0.6575542872310698,Narrower,SL0Z,0.644446168001045,Narrower,SL0Y,0.6064224694636207,Narrower
GE-4,SM17,HYBRID_NONE,SM17,1.150476883019264,Equivalent,SR1A,0.8092211221615709,Equivalent,SR1C,0.6216978934481142,Narrower,SK20,0.5766934169526873,Related,SM1Y,0.5754870554338162,Related
GE-6,SM1Y,HYBRID_NONE,SM1Y,0.7754064025567251,Equivalent,SP72,0.7226969855142021,Narrower,SS55,0.4999999986808918,Related,SN07,0.480732909677284,Related,SS59,0.48011397388798177,Related
GE-8,SM1Y,HYBRID_NONE,SM1Y,0.9708069336002536,Equivalent,SK53,0.4999999988149072,Related,SR11,0.47618832525732024,Related,SS53,0.4700476359720311,Related,SM71,0.46919144448172256,Related
GE-10,SP9Y,HYBRID_NONE,SP9Y,0.8882459629935457,Equivalent,SR66,0.499999998836019,Related,SN4E,0.47920148641871974,Related,SS52,0.4737044752995001,Related,SS85,0.47207366018227,Related
GE-11,SM1Y,HYBRID_NONE,SM1Y,0.9482067809069489,Equivalent,SS52,0.4999999987859767,Related,SS55,0.48904274196629033,Related,SS54,0.4615727520809157,Related,SS56,0.4516219703583409,Related
GF-7,SL01,HYBRID_NONE,SL01,1.1404483322587522,Equivalent,SR1C,0.8535177934313112,Equivalent,SR17,0.7716967288623657,Narrower,SL0Y,0.7524181456928564,Narrower,SP4Y,0.6619788571162682,Narrower
GF-9,SL0Y,HYBRID_NONE,SL0Y,1.1391126600581178,Equivalent,SR1V,0.4999999985466428,Related,SR1X,0.46473250168445146,Related,SR4L,0.45198267695677813,Related,SR66,0.43964794638282595,Related
GF-10,SL05,HYBRID_NONE,SL05,1.2466455696551535,Equivalent,SP95,0.4999999985755125,Related,SN4W,0.49879764377712005,Related,SS13,0.4810343183831581,Related,SS36,0.4751391628726299,Related
GF-11,SL03,HYBRID_NONE,SL03,1.1701923737080049,Equivalent,SR85,0.49999999883856916,Related,SK6P,0.4988369215371277,Related,SP95,0.48014966625571526,Related,SQ02,0.473697394374229,Related
GF-13,SL0Y,HYBRID_NONE,SL0Y,1.0885443453659303,Equivalent,SM15,0.49999999844449466,Related,SN4E,0.49576128492195803,Related,SQ60,0.4835021846192213,Related,SS60,0.4823992893010754,Related
GF-16,SL2Y,HYBRID_NONE,SL2Y,0.9694822717423185,Equivalent,SS60,0.49999999862772293,Related,SR1N,0.4472992516253126,Related,SM9B,0.4450833680645386,Related,SS82,0.4413852938867779,Related
GF-19,SL0Y,HYBRID_NONE,SL0Y,1.141167794369955,Equivalent,SS60,0.4999999988063281,Related,SQ02,0.4628554540107785,Related,SP92,0.4564661510436516,Related,SS36,0.452552989793219,Related
GG,SM1Y,HYBRID_NONE,SM1Y,0.9169250860073161,Equivalent,SP91,0.7763041388704035,Narrower,SS60,0.4999999986093361,Related,SS80,0.4492742862018448,Related,SR67,0.44428683472969516,Related
HA-1,SK68,HYBRID_NONE,SK68,1.1014602959979412,Equivalent,SS28,0.835531883216694,Equivalent,SK6G,0.673872023414877,Narrower,SM53,0.6257005650548835,Narrower,SK6R,0.5847274672221462,Related
HB-5,SK6U,HYBRID_NONE,SK6U,1.0782814865979065,Equivalent,SS58,0.499999998781948,Related,SP5B,0.4851594058797424,Related,SN4W,0.48165736093839984,Related,SM51,0.4795037446910039,Related
HB-7,SK6P,HYBRID_NONE,SK6P,1.1995161274582433,Equivalent,SK6G,0.7463618307755772,Narrower,SK6K,0.5979574561966755,Related,SK6R,0.5821374712424756,Related,SK6H,0.5687675496371363,Related
HB-8,SK7Y,HYBRID_NONE,SK7Y,0.9191923576563992,Equivalent,SM51,0.49999999860571964,Related,SN4E,0.46939312682342205,Related,SS82,0.4369330836624695,Related,SP5B,0.4262150398249095,Related
HB-17,SK6J,HYBRID_NONE,SK6J,1.2499999976983658,Equivalent,SK6H,0.40295140842316457,Related,SK69,0.36560544929519084,Weak,SK7Z,0.3524711841333085,Weak,SK7Y,0.3378657286041632,Weak
HD-2,SK6C,HYBRID_NONE,SK6C,1.0208429935139163,Equivalent,SS2B,0.49999999856612615,Related,SS50,0.49095889816274935,Related,SN4W,0.48961807203012964,Related,SM1L,0.4547071080340494,Related
HD-4,SK7Y,HYBRID_NONE,SK7Y,0.9212020359417271,Equivalent,SP92,0.49999999876164597,Related,SP5B,0.48796917932673445,Related,SQ21,0.43358992124415857,Related,SS28,0.43071635983575557,Related
HE-4,SK61,HYBRID_NONE,SK61,0.8626566766734506,Equivalent,SK6H,0.4999999988493929,Related,SR04,0.45989688250108196,Related,SK6G,0.457751201280133,Related,SS28,0.45643838293639505,Related
HF-3,SK6W,HYBRID_NONE,SK6W,1.0862466780523932,Equivalent,SK6R,0.6938209550078089,Narrower,SK7Z,0.562502158854508,Related,SK6G,0.5051887421325073,Related,SK6A,0.4953129438106735,Related
HF-5,SK6X,HYBRID_NONE,SK6X,1.0877026369451017,Equivalent,SK6U,0.7385362609636222,Narrower,SR1C,0.5887194142431265,Related,SK7Y,0.5710689974376087,Related,SR12,0.5602112831154107,Related
HF-8,SK7Y,HYBRID_NONE,SK7Y,0.9151226140641059,Equivalent,SQ21,0.49999999865105454,Related,SQ02,0.4885433568144558,Related,SP21,0.4787470856174248,Related,SS60,0.47021371079751245,Related
HF-9,SK7Y,HYBRID_NONE,SK7Y,0.894602862189865,Equivalent,SQ02,0.4999999988684019,Related,SN4W,0.4769404692232237,Related,SR00,0.46315433282931695,Related,SM71,0.46125471324274203,Related
HG-2.4,SK65,HYBRID_NONE,SK65,1.0409319134158619,Equivalent,SS55,0.49999999875214085,Related,SN4W,0.486048470669634,Related,SM1L,0.48067233998448766,Related,SS52,0.4745321592382856,Related
HG-3,SK7Y,HYBRID_NONE,SK7Y,0.9463730346739326,Equivalent,SN4W,0.4999999986867844,Related,SR1W,0.4969259930008736,Related,SR1V,0.4825796677570901,Related,SK80,0.47415753010872347,Related
HG-4,SK63,HYBRID_NONE,SK63,0.99999999724022,Equivalent,SK64,0.4566387966953534,Related,SR15,0.4212195925915071,Related,SR17,0.41695683537830536,Related,SR20,0.4081722661921237,Related
HG-10,SK7Y,HYBRID_NONE,SK7Y,0.9466832306675548,Equivalent,SQ20,0.4999999985951647,Related,SR00,0.49015233634099054,Related,SQ21,0.4828313270468274,Related,SM71,0.4814409959477861,Related
HG-12,SK7Y,HYBRID_NONE,SK7Y,0.9967592647728771,Equivalent,SS60,0.4999999986602153,Related,SQ02,0.4887525643585832,Related,SR04,0.44992841662582217,Related,SS30,0.4493920145341174,Related
I-6,SK95,HYBRID_NONE,SK95,1.019481437594937,Equivalent,SS17,0.499999998574159,Related,SR8E,0.47478018229117147,Related,SK86,0.47173323754516416,Related,SK6P,0.45558167682081974,Related
I-10,SK95,HYBRID_NONE,SK95,0.8268220806271736,Equivalent,SM1L,0.49999999851469973,Related,SN4R,0.4841054458172624,Related,SM13,0.4745083539052164,Related,SK80,0.47422514390349474,Related
I-13,SK9Y,HYBRID_NONE,SK9Y,1.0708119884777825,Equivalent,SS56,0.4999999988600344,Related,SS53,0.47985863534543005,Related,SM13,0.4746912135192188,Related,SR00,0.46949977234250273,Related
I-16,SK94,HYBRID_NONE,SK94,1.204913355812879,Equivalent,SK97,0.8929298528548346,Equivalent,SK9Y,0.7575274671460518,Narrower,SK9Z,0.6890167174945493,Narrower,SK96,0.5804243937360134,Related
J-1,SK8Y,HYBRID_NONE,SK8Y,0.7181739602539726,Narrower,SS50,0.49999999874457485,Related,SR11,0.4998246740004491,Related,SM9B,0.49264257031236186,Related,SS82,0.4926142100571234,Related
J-3,SK8Y,HYBRID_NONE,SK8Y,0.9568984974381268,Equivalent,SS52,0.49999999894562086,Related,SS55,0.47535309668344444,Related,SR1B,0.46375928636847097,Related,SR1D,0.4448141091590435,Related
J-7,SK86,HYBRID_NONE,SK86,1.1979654245366766,Equivalent,SK80,0.6151011563024085,Narrower,SK82,0.5295060008088726,Related,SK83,0.503412884911359,Related,SK85,0.4968779289079736,Related
J-11,SK8Y,HYBRID_NONE,SK86,0.9733721393858683,Equivalent,SK8Y,0.8904457129090328,Equivalent,SK80,0.8378264849365782,Equivalent,SK82,0.7949528239506805,Narrower,SK83,0.730785977969317,Narrower
J-16,SK8Y,HYBRID_NONE,SK8Y,0.9481560679546095,Equivalent,SS55,0.49999999877035456,Related,SS52,0.4973927618859,Related,SN4W,0.470658487767593,Related,SK80,0.45252330203337154,Related
J-20,SK87,HYBRID_NONE,SK87,1.1278120819104762,Equivalent,SK8Y,0.9604909839566467,Equivalent,SK96,0.8139429096227602,Equivalent,SK00,0.7175109479876947,Narrower,SK83,0.70636121591031,Narrower
K,SN4W,HYBRID_NONE,SN4W,1.1709891296908737,Equivalent,SK55,0.5929108369395738,Related,SR40,0.5634383305757225,Related,SR15,0.5607631474396126,Related,SN49,0.552278093696303,Related
LD,ST20,HYBRID_NONE,ST20,0.9341171129901608,Equivalent,SR57,0.7692130922149575,Narrower,SS3J,0.6442119535074662,Narrower,SQ00,0.6381253234590574,Narrower,SP97,0.5372178409039156,Related
MA,SN1Y,HYBRID_NONE,SN1Y,1.1124410342077886,Equivalent,SS82,0.49999999877003404,Related,SS53,0.4964220954112211,Related,SS50,0.47436283004451496,Related,SS17,0.4436495237582246,Related
MD-1,SM1Y,HYBRID_NONE,SM1Y,0.7046183460582427,Narrower,SR66,0.499999998722686,Related,SP5B,0.46912346206611893,Related,SM1A,0.46880724015101216,Related,SQ02,0.46711432802766684,Related
MD-2,SM12,HYBRID_NONE,SM12,1.0161409252082536,Equivalent,SM1Z,0.843730776623817,Equivalent,SM1Y,0.6893241080983925,Narrower,SM1G,0.6345046096777465,Narrower,SM1J,0.5857021308076817,Related
MD-10,SR05,HYBRID_NONE,SR05,0.9443000545395344,Equivalent,SS10,0.8003141356776373,Equivalent,SM76,0.7707025019463383,Narrower,SS11,0.6574748920551942,Narrower,SS14,0.6512907690104219,Narrower
MD-12,SR00,HYBRID_NONE,SR00,1.205871903959412,Equivalent,SN11,0.6996175056925473,Narrower,SR4M,0.6919793632516942,Narrower,SR4L,0.6843456233692984,Narrower,SP52,0.6623777180623909,Narrower
O-2,SN5Y,HYBRID_NONE,SN5Y,0.8689803535073516,Equivalent,SM51,0.4999999988033342,Related,SM71,0.4372601986802293,Related,SM1L,0.4272217308029591,Related,SK6G,0.4226728260352199,Related
O-4,SN5Y,HYBRID_NONE,SN5Y,0.9643531094556783,Equivalent,SS58,0.49999999872910367,Related,SS84,0.4883419458381797,Related,SS5E,0.48058160153177937,Related,SS5D,0.4791414173748827,Related
O-5,SN0Y,HYBRID_NONE,SN0Y,0.9039113888854262,Equivalent,SM1L,0.4999999988473267,Related,SR85,0.47737458622644174,Related,SM71,0.4544833208506283,Related,SS55,0.4544293533253676,Related
O-7,SN70,HYBRID_NONE,SN70,1.2499999969108024,Equivalent,SK50,0.5750281355768622,Related,SN4C,0.5100135529780052,Related,SN5Y,0.4782898494215852,Related,SN7Y,0.4578718066579236,Related
O-12,SN4T,HYBRID_NONE,SN4T,1.0720359451454926,Equivalent,SS55,0.4999999988274924,Related,SK53,0.4830391475246394,Related,SS52,0.48134166465639183,Related,SR1D,0.480012101363256,Related
O-17,SN5Y,HYBRID_NONE,SN5Y,0.8842469225359589,Equivalent,SS38,0.49999999874413503,Related,SN4W,0.4909967676154417,Related,SS36,0.48078334951807167,Related,SS32,0.4795327032151605,Related
O-21,SN4F,HYBRID_NONE,SN4F,1.2499999965217872,Equivalent,SN4J,0.5516090742542578,Related,SR44,0.39229710669802237,Weak,SR1U,0.3788846396515412,Weak,SL8Y,0.3721336196377478,Weak
O-23,SN4E,HYBRID_NONE,SN4E,0.9188638355538931,Equivalent,SN4J,0.562309577915353,Related,SR40,0.5010542324776824,Related,SN41,0.47597240969125154,Related,SN4F,0.46425449884631215,Related
O-34,SN5Y,HYBRID_NONE,SN5Y,0.8554497894008399,Equivalent,SS60,0.49999999865266587,Related,SP95,0.46853356347380065,Related,SS82,0.4562408340684179,Related,SR00,0.4561048335376315,Related
O-38,SN40,HYBRID_NONE,SN40,1.1269196052126254,Equivalent,SN5Y,0.734785405222368,Narrower,SN42,0.6807031141982374,Narrower,SN4R,0.6573477491086752,Narrower,SN41,0.6493487211494049,Narrower
O-39,SN90,HYBRID_NONE,SN90,1.2076673861413691,Equivalent,SN7Y,0.854432629922486,Equivalent,SN73,0.8452742239292783,Equivalent,SN7Z,0.8277075530494531,Equivalent,SN9Z,0.7071022094284285,Narrower
O-40,SN5Y,HYBRID_NONE,SN5Y,0.9272827339141599,Equivalent,SS55,0.499999998738237,Related,SR00,0.4981160650228253,Related,SQ02,0.48713983851730874,Related,SS82,0.47760506572662004,Related
O-42,SN4G,HYBRID_NONE,SN4G,1.1200039231457413,Equivalent,SN4J,0.7716491704863573,Narrower,SN41,0.7018106801208827,Narrower,SN5Y,0.6193125581355405,Narrower,SR15,0.5212776636851462,Related
O-43,SP9Y,HYBRID_NONE,SP9Y,0.93229135673012,Equivalent,SQ21,0.4999999986035086,Related,SQ03,0.45643472358795456,Related,SQ02,0.4280069137492559,Related,SS71,0.41707564105695966,Related
O-50,SN5Y,HYBRID_NONE,SN5Y,1.0239466118025815,Equivalent,SM51,0.49999999868983414,Related,SK6T,0.4896389906769663,Related,SM1B,0.47888986558409247,Related,SQ60,0.4627071013711349,Related
PC-9,SQ6Y,HYBRID_NONE,SQ6Y,1.1548001976004523,Equivalent,SS11,0.4999999986681246,Related,SM51,0.47183167788813946,Related,SM71,0.4691024283675823,Related,SM13,0.4667466500833567,Related
Q-7,SQ2Y,HYBRID_NONE,SQ2Y,1.0115363344389716,Equivalent,SM13,0.49999999857703,Related,SM1L,0.48802534762526745,Related,SS55,0.4860005443205745,Related,SL21,0.4828083388173395,Related
Q-9,SQ2Y,HYBRID_NONE,SQ2Y,1.084255010220288,Equivalent,SN4W,0.4999999985919451,Related,SN45,0.4832991909775513,Related,SM51,0.4762431872539593,Related,SN07,0.47157980525010096,Related
Q-12,SQ2Y,HYBRID_NONE,SQ2Y,1.0578585533742983,Equivalent,SM13,0.49999999871890904,Related,SQ23,0.48608861605070314,Related,SN4F,0.48339402252280284,Related,SK98,0.46878708599298075,Related
R,SQ8Y,HYBRID_NONE,SQ8Y,1.0817179826653311,Equivalent,SK53,0.49999999862055344,Related,SQ02,0.4938985936850301,Related,SM9B,0.4927693646987555,Related,SN4E,0.4830858191454205,Related
RA-1,SQ24,HYBRID_NONE,SQ24,0.9732448801053657,Equivalent,SS26,0.624243934825571,Narrower,SK00,0.5740603073722492,Related,SK55,0.5655927956907613,Related,SK64,0.5333065356121611,Related
RD-1,SS2E,HYBRID_NONE,SS2E,1.0451427255958072,Equivalent,SM81,0.822228823647856,Equivalent,SM7Y,0.7245222207803054,Narrower,SS10,0.6920435723788896,Narrower,SR5A,0.6691112289779189,Narrower
RD-3,SS29,HYBRID_NONE,SS29,1.0902213574414201,Equivalent,SN5Y,0.8936721534643424,Equivalent,SP57,0.7308269803448691,Narrower,SL41,0.6925615371359026,Narrower,SN41,0.6861619935340748,Narrower
RD-11,SS23,HYBRID_NONE,SP4Y,0.9940476350480629,Equivalent,SS23,0.9286080431571071,Equivalent,SK87,0.830627660047822,Equivalent,SM0Y,0.8099524383992764,Equivalent,SP9Y,0.7983659753924817,Narrower
VA-5,SS54,HYBRID_NONE,SS54,1.249999997968795,Equivalent,SS52,0.5448583571963506,Related,SS51,0.521297681252789,Related,SR17,0.5171162299783029,Related,SS56,0.515657156578486,Related
VA-6,SS55,HYBRID_NONE,SS55,1.2499999978473784,Equivalent,SS56,0.5780036553556049,Related,SS52,0.5470261626915827,Related,SR1A,0.5409959430394111,Related,SS50,0.5137115592815378,Related
VE-1.1,SS60,HYBRID_NONE,SS60,0.9999999945074531,Equivalent,SS62,0.41049381505935956,Related,SS61,0.39192828244935884,Weak,SQ02,0.3435810664110699,Weak,SN09,0.3311464885660563,Weak
VE-1.7,SS60,HYBRID_NONE,SS60,0.8707335519698597,Equivalent,SQ02,0.499999998780772,Related,SN4W,0.48257733381427853,Related,SQ21,0.46753284862641864,Related,SS17,0.42291198255309376,Related
VE-2.3,SS61,HYBRID_NONE,SS61,0.9607264102102282,Equivalent,SQ02,0.49999999859904637,Related,SS60,0.48828635848192325,Related,SN4W,0.476088774743772,Related,SS59,0.47213263688966894,Related
VE-2.5,SS61,HYBRID_NONE,SS61,0.9477471282759604,Equivalent,SS62,0.49999999878762474,Related,SS60,0.4889108862260692,Related,SM1L,0.43498216402722356,Related,SM13,0.42055633453671815,Related
VE-3.1,SS62,HYBRID_NONE,SS62,0.9999999959917574,Equivalent,SS60,0.49456165287160603,Related,SS61,0.42955403614387383,Related,SR85,0.3535219987154052,Weak,SQ21,0.3474235087073334,Weak
VE-3.2,SS62,HYBRID_NONE,SS62,0.9827764318235124,Equivalent,SS60,0.49999999893331265,Related,SS61,0.43162200783026544,Related,SQ21,0.38510557958410185,Weak,SS82,0.3729267322224207,Weak
AAA-2.1,SR10,HYBRID_SOFT_DICT,SR10,1.2499999960542296,Equivalent,SR12,0.5997860035456211,Related,SM33,0.5960133215662105,Related,SK55,0.5272903633934767,Related,SM3Y,0.5121069766566619,Related
AAB-2,SQ05,HYBRID_SOFT_DICT,SQ05,1.2499999962762265,Equivalent,SR11,0.5270205554321827,Related,SR14,0.5139760037262755,Related,SR13,0.49794624506144824,Related,SR10,0.48359029393858033,Related
AAB-3,SP9Y,HYBRID_SOFT_DICT,SP9Y,0.9369677436847164,Equivalent,SN4W,0.49999999876246387,Related,SR1W,0.4638460717575024,Related,SS56,0.4397157189034207,Related,SK6P,0.425777997471722,Related
AAB-7,SM1P,HYBRID_SOFT_DICT,SM1P,1.0384915438942333,Equivalent,SR4L,0.840336283838886,Equivalent,SR4M,0.668363084864426,Narrower,SM15,0.5786809517841527,Related,SM71,0.5474903220221548,Related
AAB-40,SP1Y,HYBRID_SOFT_DICT,SP1Y,0.8883859202110906,Equivalent,SN4W,0.49999999874019985,Related,SQ21,0.48255502912626197,Related,SQ60,0.4755148968475426,Related,SN4F,0.47525103080347697,Related
AAB-46,SK30,HYBRID_SOFT_DICT,SK30,1.1085348119420182,Equivalent,SM13,0.4999999985674921,Related,SN4F,0.44939223186322175,Related,SK53,0.43113855814359464,Related,SN60,0.42768903962120075,Related
AAB-48,SM1Y,HYBRID_SOFT_DICT,SM1Y,0.9327270321422991,Equivalent,SQ21,0.4999999989153084,Related,SQ03,0.43958926783031094,Related,SQ02,0.4146714228233599,Related,SR00,0.3969067477351944,Weak
AAB-49,SN60,HYBRID_SOFT_DICT,SN60,1.249999996768247,Equivalent,SN41,0.415002577105072,Related,SR20,0.41031110036877644,Related,SR15,0.3988665710411488,Weak,SR40,0.3834698900384612,Weak
AAB-50,SN7Y,HYBRID_SOFT_DICT,SN7Y,1.1091752562860901,Equivalent,SN4W,0.4999999987204159,Related,SQ02,0.476237276198582,Related,SS50,0.46626660976960005,Related,SP95,0.46470431243057103,Related
AAB-54,SK5Y,HYBRID_SOFT_DICT,SK5Y,1.0700192482362858,Equivalent,SN4W,0.4999999986583062,Related,SN4R,0.4652860282778571,Related,SR00,0.4651057732350482,Related,SM15,0.4627794915401643,Related
AAB-64,SP4Y,HYBRID_SOFT_DICT,SP4Y,0.7590065936999647,Equivalent,SR00,0.4999999987864494,Related,SN4W,0.497620271039026,Related,SQ02,0.42672775503877614,Related,SS16,0.41847482058475644,Related
AAB-66,SP9Y,HYBRID_SOFT_DICT,SP9Y,0.7854733736567661,Equivalent,SM37,0.6856002341940487,Narrower,SQ02,0.49999999865214134,Related,SN4W,0.4984508287346891,Related,SK53,0.4674352949312556,Related
AAB-74,SM1N,HYBRID_SOFT_DICT,SM1N,1.1242789495360808,Equivalent,SN42,0.8701828130247714,Equivalent,SR1A,0.7502044266860075,Narrower,ST11,0.693933856576475,Narrower,SM15,0.6349372504104349,Narrower
AAB-80,SP1Y,HYBRID_SOFT_DICT,SP1Y,0.87657280897193,Equivalent,SM51,0.49999999851400373,Related,SS56,0.4931683302785803,Related,SK6E,0.4866478607355783,Related,SR66,0.48013908273303446,Related
AAB-86,SP9Y,HYBRID_SOFT_DICT,SP9Y,0.8211057246787198,Equivalent,SR11,0.4999999989447408,Related,SR13,0.4951776768464481,Related,SS50,0.4933514232726345,Related,SR10,0.48286532495824375,Related
AAB-87,SP1Y,HYBRID_SOFT_DICT,SP1Y,0.8496570768019053,Equivalent,SS82,0.49999999887849234,Related,SS55,0.47093626610104694,Related,SR10,0.4656814518750575,Related,SS50,0.4481586306193403,Related
AAB-88,SP9Y,HYBRID_SOFT_DICT,SP9Y,0.8588438347033098,Equivalent,SS82,0.49999999869697065,Related,SR10,0.49083355356580827,Related,SR14,0.47671683351749017,Related,SR13,0.4762675710698214,Related
AAB-93,SP4Y,HYBRID_SOFT_DICT,SP4Y,0.7499999919926947,Equivalent,SK53,0.4999999988941626,Related,SN4W,0.4822318849603443,Related,SM3J,0.4376088845524076,Related,SS50,0.42291073665541673,Related
AAB-97,SN03,HYBRID_SOFT_DICT,SR4E,1.276581016373723,Equivalent,SN0Z,0.7757929530761276,Narrower,SN03,0.7417799240450904,Equivalent,SS23,0.6591613009227932,Narrower,SR4D,0.632517819681944,Narrower
AAB-100,SP9Y,HYBRID_SOFT_DICT,SP9Y,0.8981342783452803,Equivalent,SS59,0.49999999876247514,Related,SS30,0.4601945452581553,Related,SS17,0.4520865644597949,Related,SS57,0.45120296675069094,Related
AAB-103,SP9Y,HYBRID_SOFT_DICT,SP9Y,0.9440407295060734,Equivalent,SQ60,0.49999999901690856,Related,SN4W,0.4627222262451385,Related,SR00,0.45486374824353065,Related,SM51,0.43503013131373214,Related
AAB-105,SP9Y,HYBRID_SOFT_DICT,SP9Y,0.9515419762453132,Equivalent,SR66,0.4999999988726139,Related,SN4W,0.4888575203464793,Related,SS19,0.4711900692384896,Related,SS13,0.4690555088398457,Related
AAB-108,SP4Y,HYBRID_SOFT_DICT,SP4Y,0.8380245271913468,Equivalent,SN4W,0.4999999987375092,Related,SK53,0.48193134518557307,Related,SQ02,0.4739016477075431,Related,SP95,0.471915077080906,Related
AAB-110,SL62,HYBRID_SOFT_DICT,SL62,1.0423366530236264,Equivalent,SR40,0.9182517923501193,Equivalent,SL6Y,0.9086649062793594,Equivalent,SL6Z,0.8607003121108102,Equivalent,SL60,0.7890699177052398,Narrower
AAC-1,SK30,HYBRID_SOFT_DICT,SK30,1.1448607491104117,Equivalent,SQ02,0.49999999872421996,Related,SM51,0.4830502208084646,Related,SQ03,0.4819232722411247,Related,SR00,0.4680951874823489,Related
AAC-2,SK30,HYBRID_SOFT_DICT,SK30,1.0971517059815066,Equivalent,SS56,0.49999999883053614,Related,SS55,0.483131203709841,Related,SM15,0.4771083019763619,Related,SL07,0.4731543982088932,Related
AAC-5,SP0Y,HYBRID_SOFT_DICT,SP0Y,1.017057313940124,Equivalent,SN07,0.49999999876246115,Related,SK53,0.49738509820653476,Related,SN4W,0.486856011178212,Related,SQ02,0.48584199036178544,Related
AAC-6,SP00,HYBRID_SOFT_DICT,SP00,1.0522742544088148,Equivalent,SR1C,0.8607367842459774,Equivalent,SR12,0.7375646834911753,Narrower,SK55,0.7034578206321386,Narrower,SS19,0.658134433751179,Narrower
AAC-7,SN08,HYBRID_SOFT_DICT,SN08,0.9125211442716672,Equivalent,SM8Z,0.9026352610480353,Equivalent,SM88,0.6932625207954879,Narrower,SN3Z,0.6870465809498911,Narrower,SM8Y,0.6481995383386844,Narrower
AAC-8,SP15,HYBRID_SOFT_DICT,SP15,1.249999997012845,Equivalent,SP4Y,0.49213740620575697,Related,SP2Y,0.48603514961376754,Related,SP13,0.4551385489090809,Related,SP20,0.4228064349091722,Related
AAC-9.2,SK55,HYBRID_SOFT_DICT,SK55,1.1847549524769816,Equivalent,SN4W,0.49999999864399924,Related,SQ02,0.48872538230389306,Related,SM13,0.4736680439219387,Related,SN07,0.44908625079754866,Related
AAC-12,SM31,HYBRID_SOFT_DICT,SM31,1.2198220358009757,Equivalent,SR12,0.7921304099487463,Narrower,SM39,0.6967862340648009,Narrower,SM34,0.6467405631787364,Narrower,SP4Y,0.6337797126704621,Narrower
AAC-13,SK30,HYBRID_SOFT_DICT,SK30,1.12260341530782,Equivalent,SQ02,0.4999999987375959,Related,SN4W,0.4663926188987489,Related,SK53,0.4533370214583385,Related,SP5B,0.45271421737197753,Related
AAC-16,SK5Y,HYBRID_SOFT_DICT,SK5Y,0.947803483593459,Equivalent,SS19,0.49999999845336873,Related,SR67,0.49785353021105727,Related,SS18,0.4837723334833323,Related,SS17,0.4780542873715881,Related
AAC-239,SK30,HYBRID_SOFT_DICT,SK30,1.0457711548204611,Equivalent,SQ21,0.4999999987193648,Related,SM13,0.4593132377452771,Related,SP95,0.45832153491975236,Related,SP5B,0.45795006618511436,Related
AAC-27,SM83,HYBRID_SOFT_DICT,SM83,1.0546422528461346,Equivalent,SS53,0.4999999984673272,Related,SM51,0.47485277690514527,Related,SS85,0.47207857166452943,Related,SQ21,0.46651508770458855,Related
AAC-38,SK22,HYBRID_SOFT_DICT,SK22,0.8608276879365924,Equivalent,SK53,0.49999999836929915,Related,SN60,0.4769621382322939,Related,SN4G,0.46929093509902114,Related,SN4E,0.4652716791519641,Related
AAC-39,SL7Y,HYBRID_SOFT_DICT,SL7Y,1.0859407351266113,Equivalent,SK6T,0.4999999987146934,Related,SL70,0.48082085470704605,Related,SR00,0.4802096965093404,Related,SN4W,0.47541990932565487,Related
AAD-2.7,SR20,HYBRID_SOFT_DICT,SR20,1.2499999900352887,Equivalent,SS81,0.47843545175917523,Related,SS54,0.47287657284568047,Related,SR18,0.46277835488132835,Related,SR17,0.4617577271754592,Related
AAD-2.9,SR20,HYBRID_SOFT_DICT,SR20,1.2252909992754064,Equivalent,SR18,0.4999999990253387,Related,SS81,0.4727915718288063,Related,SR15,0.4680068055951626,Related,SR17,0.46401014721132355,Related
AAD-4,SR20,HYBRID_SOFT_DICT,SR20,1.1794879670160763,Equivalent,SR11,0.4999999985620506,Related,SN4W,0.4956079970425571,Related,SS82,0.48746663604389057,Related,SS55,0.47884423630805434,Related
AAD-4.1,SR20,HYBRID_SOFT_DICT,SR20,1.2091904929011925,Equivalent,SS55,0.4999999987354866,Related,SR11,0.47552511754371946,Related,SS19,0.46986273017931407,Related,SM51,0.4627313645549987,Related
AAD-5,SR20,HYBRID_SOFT_DICT,SR20,1.1073123698812193,Equivalent,SQ21,0.49999999866723294,Related,SS60,0.4750832484325007,Related,SN4W,0.45005440962187715,Related,SQ02,0.44794915420445425,Related
ABA-1,SR16,HYBRID_SOFT_DICT,SR16,1.2499999972850295,Equivalent,SN41,0.5210231221368816,Related,SR20,0.47226262440587613,Related,SS81,0.4645391681899435,Related,SR17,0.4638801330743132,Related
ABA-2,SR17,HYBRID_SOFT_DICT,SR17,1.2499999955843721,Equivalent,SN41,0.787088734066987,Narrower,SR20,0.5859353866702037,Related,SR40,0.572964748912024,Related,SS2A,0.5608066647570973,Related
ABA-2.1,SR15,HYBRID_SOFT_DICT,SR15,1.249999996152635,Equivalent,SR17,0.6316108553865083,Narrower,SP63,0.5668152774899446,Related,SR20,0.5147133521626432,Related,SM1Z,0.4954754433085178,Related
ABB-1,SK7Y,HYBRID_SOFT_DICT,SK7Y,0.8670946722340427,Equivalent,SS52,0.4999999988283448,Related,SS55,0.4928559064140163,Related,SN4W,0.47392267876144845,Related,SM71,0.45739443148502124,Related
ABB-7,SM3Y,HYBRID_SOFT_DICT,SM3Y,0.8996683022722236,Equivalent,SM71,0.4999999987162534,Related,SN4W,0.4734510350461762,Related,SP5B,0.4483936605569221,Related,SQ02,0.4378286165908324,Related
ABB-10,SP9Y,HYBRID_SOFT_DICT,SP9Y,0.8781796169853624,Equivalent,SS61,0.49999999870327816,Related,SQ21,0.4654731475256323,Related,SR00,0.464902626640441,Related,SS60,0.4568183731354586,Related
ABB-25,SP9Y,HYBRID_SOFT_DICT,SP9Y,0.9151082694883307,Equivalent,SS82,0.4999999986409059,Related,SM13,0.48285264349981166,Related,SM51,0.46868825772841094,Related,SQ02,0.46118794039870353,Related
ABB-29,SP2Y,HYBRID_SOFT_DICT,SP2Y,1.0415304179855176,Equivalent,SN60,0.4999999986010744,Related,SL07,0.4838674935758796,Related,SN4W,0.48317208385110694,Related,SN4E,0.4721963671266997,Related
ACA-1,SR1B,HYBRID_SOFT_DICT,SR1B,1.2499999975803515,Equivalent,SR11,0.5460834666840627,Related,SR1C,0.503305736129009,Related,SR1A,0.46485118053593255,Related,SR1D,0.45710672672243463,Related
ACA-2,SR1C,HYBRID_SOFT_DICT,SR1C,1.2499999958266506,Equivalent,SR40,0.7463336622009373,Narrower,SN41,0.6789701244039381,Narrower,SR1E,0.5524365757916794,Related,SP9Y,0.5432171960234949,Related
ACA-4,SR1E,HYBRID_SOFT_DICT,SR1E,1.155915168912203,Equivalent,SN42,0.592433761794595,Related,SR20,0.5706592433803721,Related,SP9Y,0.5594758686661134,Related,SR40,0.551181238575785,Related
ACB-15,SQ4Y,HYBRID_SOFT_DICT,SQ4Y,0.9301081917328502,Equivalent,SN4W,0.4999999984876404,Related,SM71,0.47731706011823755,Related,SK86,0.45685070918454185,Related,SM9B,0.4531689718317454,Related
ACB-27,SP9Y,HYBRID_SOFT_DICT,SP9Y,0.9059077690137778,Equivalent,SK6P,0.49999999856691785,Related,SM10,0.4506662895911932,Related,SN4W,0.436368112199215,Related,SK53,0.4283781652784417,Related
BD-2,SP62,HYBRID_SOFT_DICT,SP62,1.2131942769536117,Equivalent,SR47,1.2019669065252174,Equivalent,SR60,0.511052856330331,Related,SR80,0.48328526641357317,Related,SR45,0.4809783548093427,Related
BE-1,SR4A,HYBRID_SOFT_DICT,SR4A,1.1266046075459644,Equivalent,SN71,0.9615147122291763,Equivalent,SN9Z,0.7380640531515623,Narrower,SR1S,0.679463061082595,Narrower,ST0T,0.6790631504600785,Narrower
BF-2,SR4B,HYBRID_SOFT_DICT,SR4B,1.0889805939498456,Equivalent,SP9Z,0.6451142372930265,Narrower,SK6R,0.6209123006513035,Narrower,SK6G,0.5765978374057144,Related,SR43,0.5341265212588083,Related
BA-3.1,SR4K,HYBRID_SOFT_DICT,SR4K,1.1389364615893158,Equivalent,SR4J,0.8499399422742677,Equivalent,SR61,0.4599784302443379,Related,SN3Y,0.4270621456308566,Related,SR42,0.4222900420696415,Related
BH-1,SR4F,HYBRID_SOFT_DICT,SR4F,1.0927374347608436,Equivalent,SP92,0.49999999892759406,Related,SS3J,0.49976364290113645,Related,SQ8Y,0.4937026168802566,Related,SQ05,0.47315867416716534,Related
CC-2,SN45,HYBRID_SOFT_DICT,SR84,1.1345351414523228,Equivalent,SN45,1.083777459357493,Equivalent,SR8N,0.5724517291246392,Related,SN4D,0.43513570017399134,Related,SR8E,0.4138974038686243,Related
CA-1,SR83,HYBRID_SOFT_DICT,SR83,1.159379054658061,Equivalent,SM81,0.6975316989321277,Narrower,SM82,0.6511146435794999,Narrower,SM86,0.6407963060015593,Narrower,SM89,0.6000310002004446,Narrower
CA-2,SR82,HYBRID_SOFT_DICT,SR82,1.2450039286639312,Equivalent,SM82,0.69758966591035,Narrower,SM86,0.6137649130631331,Narrower,SM81,0.5687196487222819,Related,SM89,0.5562468004361915,Related
CB-1,SR81,HYBRID_SOFT_DICT,SR81,1.1181043188212878,Equivalent,SM83,0.6224459503874821,Narrower,SR5A,0.6216772210880469,Narrower,SM7Y,0.6052897534628725,Narrower,SR10,0.5764112274976685,Related
CB-2,SR80,HYBRID_SOFT_DICT,SR80,1.2499999966046105,Equivalent,SR5A,0.4909698312895483,Related,SM7Y,0.4778267017830813,Related,SM31,0.4724570990329726,Related,SM33,0.43434981408394957,Related
CB-3,SR86,HYBRID_SOFT_DICT,SR86,1.1914960997939894,Equivalent,SR5A,0.8327797222196762,Equivalent,SR81,0.7955065968699218,Narrower,SS19,0.7186161591901065,Narrower,SS17,0.6676845100206061,Narrower
D,SS10,HYBRID_SOFT_DICT,SS10,1.2499999979452663,Equivalent,SR59,0.5439846260511321,Related,SS13,0.5364022398923063,Related,SS18,0.5336656250152781,Related,SS11,0.5275875324777783,Related
DB-2,SS11,HYBRID_SOFT_DICT,SS11,1.2499999971437723,Equivalent,SS18,0.6172774205243385,Narrower,SS19,0.5832547630981992,Related,SR59,0.5805152999251155,Related,SS1Z,0.5723738809060248,Related
DB-4,SS14,HYBRID_SOFT_DICT,SS14,1.2499999973043414,Equivalent,SS15,0.5846878773729427,Related,SM3C,0.49506918043851644,Related,SS11,0.4845154537598422,Related,SP9Y,0.4835435477480437,Related
EA-2.5,SM74,HYBRID_SOFT_DICT,SM74,0.9826917171254955,Equivalent,SS55,0.499999998600794,Related,SS36,0.48963539954401186,Related,SS30,0.46807492017085417,Related,SS39,0.46774215746949704,Related
EA-4.5.1,SL40,HYBRID_SOFT_DICT,SL40,0.6642193238969843,Narrower,SM51,0.49999999864678457,Related,SQ60,0.47715771511502414,Related,SS82,0.4749679734860241,Related,SM71,0.47244067844827714,Related
EB-1,SR59,HYBRID_SOFT_DICT,SR59,1.2499999976377039,Equivalent,SS15,0.4854989512794251,Related,SS10,0.4687197936575741,Related,SM3C,0.43769771760608256,Related,SS37,0.4243285988870022,Related
EB-2,SM37,HYBRID_SOFT_DICT,SM37,1.1763999801758447,Equivalent,SM38,0.7894470012630912,Narrower,SM7Y,0.6310383277960973,Narrower,SS10,0.6125220032286458,Narrower,SR59,0.572118037369097,Related
EB-3.9,SM3C,HYBRID_SOFT_DICT,SM3C,1.2137496803020387,Equivalent,SR86,0.9187587006365289,Equivalent,SM3Y,0.8444403321174874,Equivalent,SM3L,0.7025422736610242,Narrower,SM7Y,0.6454398617409263,Narrower
EB-6,SM3L,HYBRID_SOFT_DICT,SM3L,1.1386219589102382,Equivalent,SM3J,0.8401974293205194,Equivalent,SR50,0.6863813849645604,Narrower,SS19,0.6601406197682713,Narrower,SR20,0.6196477607061712,Narrower
EB-8,SM3K,HYBRID_SOFT_DICT,SM3K,1.2499999964121966,Equivalent,SM7Y,0.5104300378162806,Related,SM33,0.49098312062376154,Related,SM31,0.4772817713890452,Related,SM53,0.4720338537437223,Related
EB-10,SM33,HYBRID_SOFT_DICT,SM33,1.1608230221655702,Equivalent,SM31,0.7465810702769855,Narrower,SP9Y,0.744692081356038,Narrower,SM7Y,0.6567670265847193,Narrower,SM3Z,0.6105109081011231,Narrower
EB-10.15,SM70,HYBRID_SOFT_DICT,SM70,0.9999999971536204,Equivalent,SM33,0.3900701992195147,Weak,SM3Y,0.3872900982654536,Weak,SP4Y,0.37950727941609935,Weak,SM7Y,0.35050064274351767,Weak
EC-3,SP51,HYBRID_SOFT_DICT,SP51,1.2448839972209977,Equivalent,SR40,0.7565821386504599,Narrower,SR50,0.7010221662438656,Narrower,SQ2Y,0.5476180121694998,Related,SR8Y,0.5453575569069093,Related
EC-3.2,SP54,HYBRID_SOFT_DICT,SP54,1.2499999969942448,Equivalent,SK55,0.6145901300911685,Narrower,SN41,0.5901465174416326,Related,SP57,0.5536759316755956,Related,SM7Y,0.5355014625654435,Related
EC-3.7,SP5Y,HYBRID_SOFT_DICT,SP5Y,0.9417144226508456,Equivalent,SS55,0.4999999989139177,Related,SS52,0.4835025332007644,Related,SR1D,0.48316616729909306,Related,SR1B,0.4767205783657564,Related
EC-3.8,SP5Y,HYBRID_SOFT_DICT,SP5Y,0.9650670155741419,Equivalent,SR66,0.4999999985993391,Related,SN4W,0.4945706187682185,Related,SM1L,0.48103204542227374,Related,SP5B,0.47824541153830535,Related
ED-2.2,SP99,HYBRID_SOFT_DICT,SP99,1.0681239895120689,Equivalent,SR40,0.8549352557055981,Equivalent,SN5Y,0.8221116198498447,Equivalent,SN45,0.773391609675969,Narrower,SP9Z,0.7641030979036941,Narrower
ED-3.1,SM41,HYBRID_SOFT_DICT,SM41,1.0029671983922193,Equivalent,SQ02,0.4999999986671317,Related,SR00,0.4791022726214767,Related,SN4W,0.46472850194919035,Related,SL21,0.46432976679631544,Related
ED-3.3,SM41,HYBRID_SOFT_DICT,SM41,0.9689565913546018,Equivalent,SS58,0.4999999985730867,Related,SR66,0.4924981051010137,Related,SS82,0.4751771554484059,Related,SR00,0.4591078963601481,Related
ED-3.5,SM41,HYBRID_SOFT_DICT,SM41,0.9089365283617118,Equivalent,SM71,0.49999999854593624,Related,SM51,0.4983281111360634,Related,SN07,0.46847243404063904,Related,SM1L,0.46350244634848736,Related
ED-4.2.3,SN49,HYBRID_SOFT_DICT,SN49,1.1694831217214012,Equivalent,SM1L,0.4999999986581927,Related,SN4F,0.46618176514141213,Related,SN4W,0.4608061676381216,Related,SM13,0.46000330905261744,Related
ED-4.2.6,SN49,HYBRID_SOFT_DICT,SN49,1.0125151857372274,Equivalent,SN4W,0.49999999873930395,Related,SQ02,0.4579760123029838,Related,SR1W,0.449866919076015,Related,SR1V,0.4463741064792865,Related
ED-4.2.7,SN4A,HYBRID_SOFT_DICT,SN42,0.9969116731906601,Equivalent,SN4A,0.9173803104979283,Equivalent,SN4R,0.8744216100979927,Equivalent,SN5Y,0.7322724290772423,Narrower,SN4C,0.6990457161526595,Narrower
ED-4.3.2,SN5Y,HYBRID_SOFT_DICT,SN5Y,0.9038718165777283,Equivalent,SR00,0.49999999874875806,Related,SN4W,0.48637109414652696,Related,SS59,0.48416330743604724,Related,SQ02,0.4828668116695715,Related
ED-4.3.7,SN5Y,HYBRID_SOFT_DICT,SN49,0.820301696727935,Equivalent,SN5Y,0.6461946973724266,Equivalent,SN4U,0.5102533408467924,Related,SR1V,0.49999999880039087,Related,SR1W,0.47829119373634443,Related
ED-4.4,SN49,HYBRID_SOFT_DICT,SR40,0.9729073865726423,Equivalent,SN49,0.8997318853424123,Equivalent,SS56,0.7949334768375376,Narrower,SN5Y,0.7613418617698402,Narrower,SN4R,0.6701359665578197,Narrower
ED-8,SP11,HYBRID_SOFT_DICT,SP14,0.6976030648841749,Narrower,SP11,0.6834345661804888,Equivalent,SP10,0.5989871986708024,Related,SR10,0.49999999887915947,Related,SR14,0.4783523625432549,Related
ED-9.7.9,SM40,HYBRID_SOFT_DICT,SM40,1.1436760401811892,Equivalent,SR17,0.6523571555446493,Narrower,SP57,0.5593171199492588,Related,SR15,0.5513520026078368,Related,SM4Y,0.5225618007599069,Related
ED-19,SN47,HYBRID_SOFT_DICT,SQ50,0.9999999968009595,Equivalent,SN47,0.9869260169078212,Equivalent,SN4U,0.5917589049391123,Related,SR1A,0.585294485177033,Related,SR1D,0.49774897702956034,Related
EE-1,SR52,HYBRID_SOFT_DICT,SR52,1.2499999974557126,Equivalent,SR53,0.584041201307474,Related,SL70,0.5372644830236752,Related,SP2Z,0.4979356682824334,Related,SR45,0.4825606187087107,Related
EE-2,SP72,HYBRID_SOFT_DICT,SP72,1.0653096675341718,Equivalent,SR13,0.6777073210362743,Narrower,SR1D,0.6697102464402529,Narrower,SR18,0.6282866031165395,Narrower,SP97,0.5517910047700332,Related
EE-3.4,SM53,HYBRID_SOFT_DICT,SM53,0.607777093143653,Narrower,SM99,0.5893271401221007,Related,SN06,0.5822002741523251,Related,SK6S,0.5773049558444601,Related,SM3J,0.5597839889713168,Related
EE-3.6,SM53,HYBRID_SOFT_DICT,SM53,0.861995844756573,Equivalent,SM1L,0.7428237611158042,Narrower,SK6S,0.6781212144976565,Narrower,SN06,0.5925710974419696,Related,SM99,0.5710256681857997,Related
EE-3.7,SM53,HYBRID_SOFT_DICT,SK6S,0.7047078632419572,Narrower,SN06,0.622465236735001,Narrower,SM53,0.6107028598640128,Narrower,SM99,0.5649639046833691,Related,SR66,0.49999999878619406,Related
EE-3.10,SM53,HYBRID_SOFT_DICT,SM53,0.8406847048928424,Equivalent,SK6S,0.6460204427665209,Narrower,SN06,0.5751223022828077,Related,SM99,0.5740585733500487,Related,SN4W,0.49999999877458845,Related
EE-3.13,SM7Y,HYBRID_SOFT_DICT,SM7Y,0.9057946576074211,Equivalent,SK6S,0.7150053138852563,Narrower,SN06,0.6647737144814039,Narrower,SM99,0.6109072605421698,Narrower,SM53,0.5561323922470954,Related
EE-3.16,SK6S,HYBRID_SOFT_DICT,SK6S,1.1990258373814742,Equivalent,SN06,0.529173505407037,Related,SK7Z,0.5129414137428888,Related,SK6U,0.49999999877355306,Related,SK6H,0.4919580552439069,Related
EE-4.4,SP70,HYBRID_SOFT_DICT,SP70,1.2499999958891155,Equivalent,SR1A,0.6734647608515478,Narrower,SR1D,0.5232410621814149,Related,SN5Y,0.5131881795733301,Related,SR1C,0.48990653009630025,Related
EF-1,SR53,HYBRID_SOFT_DICT,SR53,1.2499999965402855,Equivalent,SR52,0.6079593865342608,Narrower,SR5C,0.6060640464137111,Narrower,SR40,0.6013522858651553,Narrower,SN42,0.5876152387048426,Related
EF-2.2.7,SM8D,HYBRID_SOFT_DICT,SM8D,0.857283243935826,Equivalent,SN4W,0.49999999855173977,Related,SM13,0.4797226312597641,Related,SL07,0.47512674970409413,Related,SL02,0.47318499935026126,Related
EF-2.2.8,SM8D,HYBRID_SOFT_DICT,SM8D,0.9627289248505297,Equivalent,SR8E,0.4999999985387438,Related,SR00,0.49936305338288545,Related,SP95,0.48381255084328445,Related,SK6P,0.48317451696673036,Related
EF-2.2.11,SM8D,HYBRID_SOFT_DICT,SM8D,0.8508030452561172,Equivalent,SN4W,0.49999999862584976,Related,SR00,0.48978098865633635,Related,SQ02,0.4841686438885039,Related,SM13,0.4796350795552344,Related
EF-2.2.12,SM8D,HYBRID_SOFT_DICT,SM8D,0.951698696183053,Equivalent,SN4W,0.4999999987787735,Related,SM13,0.47918460444052874,Related,SQ02,0.4584441118052167,Related,SQ60,0.44279446008313145,Related
EF-2.2.13,SM8D,HYBRID_SOFT_DICT,SM8D,0.9546733789683313,Equivalent,SN4W,0.49999999882740387,Related,SM13,0.45969562758395865,Related,SR66,0.43200847138625353,Related,SN48,0.42736651267451503,Related
EF-2.3.1,SM8D,HYBRID_SOFT_DICT,SM8D,0.8829400223558206,Equivalent,SS55,0.49999999868046996,Related,SN4W,0.49825011219687165,Related,SR1W,0.4941482725735581,Related,SS52,0.49049190722068825,Related
EF-2.3.2,SM8D,HYBRID_SOFT_DICT,SM8D,0.9101829587532455,Equivalent,SS52,0.49999999879868634,Related,SS55,0.46381254710636455,Related,SN4W,0.45556961666606066,Related,SL02,0.4454130369210634,Related
EF-2.3.3,SM8D,HYBRID_SOFT_DICT,SM8D,0.9329692711051853,Equivalent,SK6J,0.4999999987584681,Related,SM71,0.4678140498515582,Related,SN73,0.4565483498252528,Related,SN4W,0.45606186682852445,Related
EF-2.3.4,SM8A,HYBRID_SOFT_DICT,SM8A,1.0282759799514918,Equivalent,SR5B,0.8015509469586561,Equivalent,SR15,0.7103256914079806,Narrower,SR44,0.5925947325923238,Related,SR8A,0.5788913994467674,Related
EF-2.3.6,SM8D,HYBRID_SOFT_DICT,SM8D,0.9831987941305163,Equivalent,SP95,0.49999999849734483,Related,SN73,0.4991700423352997,Related,SR1V,0.4911192929112725,Related,SN4W,0.4624420303167559,Related
EF-3,SP64,HYBRID_SOFT_DICT,SP64,1.2043879236371269,Equivalent,SP62,0.5755384424888081,Related,SP70,0.39302378259557136,Weak,SR47,0.39141881673981016,Weak,SN45,0.39120699051360297,Weak
EH-2,SP0Y,HYBRID_SOFT_DICT,SP0Y,0.9719009785972759,Equivalent,SN4W,0.4999999989125438,Related,SM51,0.49182898324456836,Related,SR00,0.462657312633969,Related,SP5B,0.4579791465702202,Related
EI-1,SR56,HYBRID_SOFT_DICT,SR56,1.2499999968499067,Equivalent,SR4E,0.5517240105455736,Related,SS23,0.5228519732397479,Related,SR4D,0.4937172054781626,Related,SM94,0.4633517836183211,Related
EI-2,SN02,HYBRID_SOFT_DICT,SN02,1.2499999975391267,Equivalent,SN3Y,0.538371596028904,Related,SN0Y,0.5214837889776287,Related,SN49,0.4487817456630897,Related,SN0Z,0.4402040530012972,Related
EI-6.8,SM3G,HYBRID_SOFT_DICT,SM3G,1.0219242784920215,Equivalent,SM3Z,0.9836172017393714,Equivalent,SN0Y,0.7435719686905209,Narrower,SK55,0.6167973131401001,Narrower,SM3Y,0.6111583580162783,Narrower
EI-6.9,SN0Y,HYBRID_SOFT_DICT,SN0Y,0.8842936103640766,Equivalent,SN4W,0.49999999880853585,Related,SM13,0.4691120247527062,Related,SR1W,0.44514627081313163,Related,SR00,0.43532592628576516,Related
EJ-1,SR5B,HYBRID_SOFT_DICT,SR5B,1.2499999964124384,Equivalent,SR5Z,0.6379527624062473,Narrower,SR5A,0.6090744935275552,Narrower,SR5C,0.5997312850783253,Related,SR56,0.5910493738910807,Related
EJ-2,SM8C,HYBRID_SOFT_DICT,SM8C,1.1970272035108154,Equivalent,SM86,0.7376956213780047,Narrower,SM87,0.7249286961344227,Narrower,SR5B,0.7027492450477772,Narrower,SP4Y,0.6147389022323384,Narrower
EJ-3.4,SM8E,HYBRID_SOFT_DICT,SM8E,1.0648790279391203,Equivalent,SM81,0.7351973684929075,Narrower,SR11,0.6232924964227305,Narrower,SR80,0.608598656479239,Narrower,SR83,0.594616568442611,Related
EJ-3.9,SM88,HYBRID_SOFT_DICT,SM88,1.2499999971910385,Equivalent,SM86,0.7744699030985764,Narrower,SM82,0.6498710120631985,Narrower,SM81,0.5633709417341666,Related,SM8B,0.5049691472835545,Related
EJ-3.12,SM52,HYBRID_SOFT_DICT,SM52,0.9938163609615318,Equivalent,SR10,0.49999999892236685,Related,SR40,0.48082548008280646,Related,SR1V,0.47346196255464157,Related,SR1W,0.4433947985711405,Related
EK-4.2,SM32,HYBRID_SOFT_DICT,SM32,0.9833408205310754,Equivalent,SM3J,0.5317719903468883,Related,SM1M,0.5276789376258668,Related,SS50,0.4999999988193986,Related,SR10,0.4876476840522302,Related
EK-4.4,SM32,HYBRID_SOFT_DICT,SM32,0.9327483125837798,Equivalent,SM1L,0.5955069201345677,Related,SS55,0.4999999989352355,Related,SS52,0.49173877180424097,Related,SS80,0.4623394145505909,Related
EK-4.5,SM32,HYBRID_SOFT_DICT,SM32,1.1449328035417685,Equivalent,SM8B,0.4999999987617673,Related,SQ02,0.4919252788944369,Related,SM93,0.4890861336732316,Related,SM5Y,0.48724766564197947,Related
EK-4.6,SM42,HYBRID_SOFT_DICT,SM42,1.2499999953256578,Equivalent,SM4Z,0.7054466027148911,Narrower,SM4Y,0.6991646206944215,Narrower,SM40,0.6900566082421742,Narrower,SM3L,0.649611685207302,Narrower
EL-2.5,SM9Y,HYBRID_SOFT_DICT,SM9Y,0.9052848561820293,Equivalent,SR1V,0.4999999987682181,Related,SN4W,0.4985888679107779,Related,SS50,0.4913608970719426,Related,SS53,0.48641485404864676,Related
EL-2.6,SM9Y,HYBRID_SOFT_DICT,SM9Y,0.8898727171593234,Equivalent,SP21,0.4999999985947277,Related,SR1V,0.48220615704325676,Related,SM71,0.47411164335671124,Related,SR1N,0.45408277170900596,Related
EL-2.9,SM90,HYBRID_SOFT_DICT,SM90,0.934215829187752,Equivalent,SM99,0.5929316258436574,Related,SM98,0.5895405714259323,Related,SR20,0.5778345801978366,Related,SM9Y,0.5609496483088401,Related
EL-2.10,SM96,HYBRID_SOFT_DICT,SM96,1.0981361383860042,Equivalent,SR1A,0.752273492213394,Narrower,SP4Y,0.7063091778772848,Narrower,SP54,0.6003413828474111,Narrower,SK87,0.5971363042737113,Related
EL-2.12,SN12,HYBRID_SOFT_DICT,SN12,1.2499999954314014,Equivalent,SM9Y,0.5256085489726791,Related,SR4E,0.4905424435353063,Related,SS82,0.4762337407061631,Related,SM9A,0.4536744074034054,Related
EL-2.15,SM91,HYBRID_SOFT_DICT,SM91,1.2499999960743453,Equivalent,SR4J,0.7563584509305457,Narrower,SR4K,0.6871807630949847,Narrower,SR1A,0.5625831557374072,Related,SR1C,0.523182888119575,Related
EL-2.20,SM9A,HYBRID_SOFT_DICT,SM9A,0.9999999955263625,Equivalent,SM9Y,0.7620475227257295,Narrower,SM99,0.5986346877540234,Related,SM98,0.5416352366427452,Related,SR20,0.5253770092125152,Related
EL-2.26,SM9Y,HYBRID_SOFT_DICT,SM9Y,0.9123559035014177,Equivalent,SN4W,0.4999999987364491,Related,SR1V,0.4582012699532059,Related,SS55,0.44624856565637994,Related,SS16,0.4400353525511441,Related
EL-2.28,SM99,HYBRID_SOFT_DICT,SM99,1.2043423144521384,Equivalent,SN44,0.5839804544045735,Related,SR8E,0.529011932101928,Related,SM9B,0.49999999863329125,Related,SR45,0.4860476734901493,Related
EL-9,SN1Y,HYBRID_SOFT_DICT,SN1Y,1.1360625973446699,Equivalent,SN4W,0.4999999986461614,Related,SN4H,0.49454194583205957,Related,SP5B,0.4754181837410993,Related,SM1L,0.45155520047606224,Related
EM-1,SR5E,HYBRID_SOFT_DICT,SR5E,1.2499999973537093,Equivalent,SR5Z,0.5486951914798185,Related,SR53,0.537654932116762,Related,SR5A,0.5006829496037652,Related,SR5C,0.46762744538010703,Related
EM-2,SQ03,HYBRID_SOFT_DICT,SQ03,1.125766203752089,Equivalent,SR5E,0.8686766207765786,Equivalent,SQ41,0.7330155441752166,Narrower,SS15,0.6458792975533139,Narrower,SQ04,0.5462371812481562,Related
EM-2.4,SQ04,HYBRID_SOFT_DICT,SQ04,1.1783251010671512,Equivalent,SQ0Z,0.8288673601776534,Equivalent,SQ03,0.7909243695568129,Narrower,SQ4Y,0.7813340589329463,Narrower,SR1A,0.7242112521098765,Narrower
EM-7.5,SP98,HYBRID_SOFT_DICT,SP98,1.1972524823790405,Equivalent,SM1L,0.4999999986516614,Related,SP5B,0.49521999615628987,Related,SM8B,0.49343873658860127,Related,SS85,0.4887476202636802,Related
EM-9,SQ10,HYBRID_SOFT_DICT,SQ10,1.249999997578688,Equivalent,SS61,0.501558007741477,Related,SP58,0.4440488193497578,Related,SP54,0.4217221102131281,Related,SS3G,0.42101001099596713,Related
F-9,SK00,HYBRID_SOFT_DICT,SK00,0.8694167786746713,Equivalent,SS82,0.49999999858811417,Related,SM13,0.48125704977409384,Related,SR00,0.4789574315579434,Related,SM51,0.47573947242897213,Related
FA,SK50,HYBRID_SOFT_DICT,SK50,1.2499999970179665,Equivalent,SN4G,0.6212404211862198,Narrower,SN70,0.5479046743523485,Related,SN4E,0.4716743516624038,Related,SK00,0.4704475153298704,Related
FA-2,SN73,HYBRID_SOFT_DICT,SN73,1.2499999982247383,Equivalent,SN7Z,0.3783956736799281,Weak,SN7Y,0.3679831046020723,Weak,SR17,0.36097085585711003,Weak,SR20,0.35250612769205253,Weak
FA-6,SK50,HYBRID_SOFT_DICT,SK50,1.167954420062796,Equivalent,SN4G,0.49999999880908613,Related,SN4E,0.47220657011225065,Related,SS80,0.4703493448420416,Related,SS55,0.4240233789888533,Related
FA-7,SP9Y,HYBRID_SOFT_DICT,SP9Y,0.9904507828288239,Equivalent,SN4G,0.49999999880393475,Related,SN4E,0.4836162477116043,Related,SS80,0.47644992946735026,Related,SR1D,0.43596609864017005,Related
GA-1,SM1M,HYBRID_SOFT_DICT,SM1M,1.2499999970161744,Equivalent,SM1K,0.6668983045480312,Narrower,SR10,0.4834887018491365,Related,SM1L,0.4307204330156695,Related,SM3J,0.42675279328274507,Related
GA-10,SM1Y,HYBRID_SOFT_DICT,SM1Y,0.96491725288921,Equivalent,SS60,0.49999999854384486,Related,SS55,0.4862084945323977,Related,SP92,0.4772404149903033,Related,SM51,0.47687753092314245,Related
GB-3,SM13,HYBRID_SOFT_DICT,SM13,1.0766683003633695,Equivalent,SM1G,0.7165836068634294,Narrower,SM1J,0.6825813449705985,Narrower,SN44,0.5692296616815911,Related,SS20,0.5481233518108197,Related
GB-9,SM1Y,HYBRID_SOFT_DICT,SM1Y,0.8886781004579816,Equivalent,SR85,0.4999999986967554,Related,SR84,0.4838103235898678,Related,SQ02,0.4716780781963574,Related,SS82,0.44528691879030285,Related
GB-11,SM1Y,HYBRID_SOFT_DICT,SM1Y,0.9244429928578761,Equivalent,SN4W,0.4999999987152752,Related,SK53,0.4759348256198468,Related,SS57,0.4551527532995345,Related,SR11,0.45042053653178193,Related
GD-4,SM1Y,HYBRID_SOFT_DICT,SM1Y,0.971852090616239,Equivalent,SM71,0.4999999987213928,Related,SN48,0.49648511266193057,Related,SP96,0.49403161618302643,Related,SN4W,0.4805901044578174,Related
GE-3,SL06,HYBRID_SOFT_DICT,SL06,1.2499999956632522,Equivalent,SL04,0.6621688678503057,Narrower,SL08,0.6575542872310698,Narrower,SL0Z,0.644446168001045,Narrower,SL0Y,0.6064224694636207,Narrower
GE-4,SM17,HYBRID_SOFT_DICT,SM17,1.150476883019264,Equivalent,SR1A,0.8092211221615709,Equivalent,SR1C,0.6216978934481142,Narrower,SK20,0.5766934169526873,Related,SM1Y,0.5754870554338162,Related
GE-6,SM1Y,HYBRID_SOFT_DICT,SM1Y,0.7754064025567251,Equivalent,SP72,0.7226969855142021,Narrower,SS55,0.4999999986808918,Related,SN07,0.480732909677284,Related,SS59,0.48011397388798177,Related
GE-8,SM1Y,HYBRID_SOFT_DICT,SM1Y,0.9708069336002536,Equivalent,SK53,0.4999999988149072,Related,SR11,0.47618832525732024,Related,SS53,0.4700476359720311,Related,SM71,0.46919144448172256,Related
GE-10,SP9Y,HYBRID_SOFT_DICT,SP9Y,0.8882459629935457,Equivalent,SR66,0.499999998836019,Related,SN4E,0.47920148641871974,Related,SS52,0.4737044752995001,Related,SS85,0.47207366018227,Related
GE-11,SM1Y,HYBRID_SOFT_DICT,SM1Y,0.9482067809069489,Equivalent,SS52,0.4999999987859767,Related,SS55,0.48904274196629033,Related,SS54,0.4615727520809157,Related,SS56,0.4516219703583409,Related
GF-7,SL01,HYBRID_SOFT_DICT,SL01,1.1404483322587522,Equivalent,SR1C,0.8535177934313112,Equivalent,SR17,0.7716967288623657,Narrower,SL0Y,0.7524181456928564,Narrower,SP4Y,0.6619788571162682,Narrower
GF-9,SL0Y,HYBRID_SOFT_DICT,SL0Y,1.1391126600581178,Equivalent,SR1V,0.4999999985466428,Related,SR1X,0.46473250168445146,Related,SR4L,0.45198267695677813,Related,SR66,0.43964794638282595,Related
GF-10,SL05,HYBRID_SOFT_DICT,SL05,1.2466455696551535,Equivalent,SP95,0.4999999985755125,Related,SN4W,0.49879764377712005,Related,SS13,0.4810343183831581,Related,SS36,0.4751391628726299,Related
GF-11,SL03,HYBRID_SOFT_DICT,SL03,1.1701923737080049,Equivalent,SR85,0.49999999883856916,Related,SK6P,0.4988369215371277,Related,SP95,0.48014966625571526,Related,SQ02,0.473697394374229,Related
GF-13,SL0Y,HYBRID_SOFT_DICT,SL0Y,1.0885443453659303,Equivalent,SM15,0.49999999844449466,Related,SN4E,0.49576128492195803,Related,SQ60,0.4835021846192213,Related,SS60,0.4823992893010754,Related
GF-16,SL2Y,HYBRID_SOFT_DICT,SL2Y,0.9694822717423185,Equivalent,SS60,0.49999999862772293,Related,SR1N,0.4472992516253126,Related,SM9B,0.4450833680645386,Related,SS82,0.4413852938867779,Related
GF-19,SL0Y,HYBRID_SOFT_DICT,SL0Y,1.141167794369955,Equivalent,SS60,0.4999999988063281,Related,SQ02,0.4628554540107785,Related,SP92,0.4564661510436516,Related,SS36,0.452552989793219,Related
GG,SM1Y,HYBRID_SOFT_DICT,SM1Y,0.9169250860073161,Equivalent,SP91,0.7763041388704035,Narrower,SS60,0.4999999986093361,Related,SS80,0.4492742862018448,Related,SR67,0.44428683472969516,Related
HA-1,SK68,HYBRID_SOFT_DICT,SK68,1.1014602959979412,Equivalent,SS28,0.835531883216694,Equivalent,SK6G,0.673872023414877,Narrower,SM53,0.6257005650548835,Narrower,SK6R,0.5847274672221462,Related
HB-5,SK6U,HYBRID_SOFT_DICT,SK6U,1.0782814865979065,Equivalent,SS58,0.499999998781948,Related,SP5B,0.4851594058797424,Related,SN4W,0.48165736093839984,Related,SM51,0.4795037446910039,Related
HB-7,SK6P,HYBRID_SOFT_DICT,SK6P,1.1995161274582433,Equivalent,SK6G,0.7463618307755772,Narrower,SK6K,0.5979574561966755,Related,SK6R,0.5821374712424756,Related,SK6H,0.5687675496371363,Related
HB-8,SK7Y,HYBRID_SOFT_DICT,SK7Y,0.9191923576563992,Equivalent,SM51,0.49999999860571964,Related,SN4E,0.46939312682342205,Related,SS82,0.4369330836624695,Related,SP5B,0.4262150398249095,Related
HB-17,SK6J,HYBRID_SOFT_DICT,SK6J,1.2499999976983658,Equivalent,SK6H,0.40295140842316457,Related,SK69,0.36560544929519084,Weak,SK7Z,0.3524711841333085,Weak,SK7Y,0.3378657286041632,Weak
HD-2,SK6C,HYBRID_SOFT_DICT,SK6C,1.0208429935139163,Equivalent,SS2B,0.49999999856612615,Related,SS50,0.49095889816274935,Related,SN4W,0.48961807203012964,Related,SM1L,0.4547071080340494,Related
HD-4,SK7Y,HYBRID_SOFT_DICT,SK7Y,0.9212020359417271,Equivalent,SP92,0.49999999876164597,Related,SP5B,0.48796917932673445,Related,SQ21,0.43358992124415857,Related,SS28,0.43071635983575557,Related
HE-4,SK61,HYBRID_SOFT_DICT,SK61,0.8626566766734506,Equivalent,SK6H,0.4999999988493929,Related,SR04,0.45989688250108196,Related,SK6G,0.457751201280133,Related,SS28,0.45643838293639505,Related
HF-3,SK6W,HYBRID_SOFT_DICT,SK6W,1.0862466780523932,Equivalent,SK6R,0.6938209550078089,Narrower,SK7Z,0.562502158854508,Related,SK6G,0.5051887421325073,Related,SK6A,0.4953129438106735,Related
HF-5,SK6X,HYBRID_SOFT_DICT,SK6X,1.0877026369451017,Equivalent,SK6U,0.7385362609636222,Narrower,SR1C,0.5887194142431265,Related,SK7Y,0.5710689974376087,Related,SR12,0.5602112831154107,Related
HF-8,SK7Y,HYBRID_SOFT_DICT,SK7Y,0.9151226140641059,Equivalent,SQ21,0.49999999865105454,Related,SQ02,0.4885433568144558,Related,SP21,0.4787470856174248,Related,SS60,0.47021371079751245,Related
HF-9,SK7Y,HYBRID_SOFT_DICT,SK7Y,0.894602862189865,Equivalent,SQ02,0.4999999988684019,Related,SN4W,0.4769404692232237,Related,SR00,0.46315433282931695,Related,SM71,0.46125471324274203,Related
HG-2.4,SK65,HYBRID_SOFT_DICT,SK65,1.0409319134158619,Equivalent,SS55,0.49999999875214085,Related,SN4W,0.486048470669634,Related,SM1L,0.48067233998448766,Related,SS52,0.4745321592382856,Related
HG-3,SK7Y,HYBRID_SOFT_DICT,SK7Y,0.9463730346739326,Equivalent,SN4W,0.4999999986867844,Related,SR1W,0.4969259930008736,Related,SR1V,0.4825796677570901,Related,SK80,0.47415753010872347,Related
HG-4,SK63,HYBRID_SOFT_DICT,SK63,0.99999999724022,Equivalent,SK64,0.4566387966953534,Related,SR15,0.4212195925915071,Related,SR17,0.41695683537830536,Related,SR20,0.4081722661921237,Related
HG-10,SK7Y,HYBRID_SOFT_DICT,SK7Y,0.9466832306675548,Equivalent,SQ20,0.4999999985951647,Related,SR00,0.49015233634099054,Related,SQ21,0.4828313270468274,Related,SM71,0.4814409959477861,Related
HG-12,SK7Y,HYBRID_SOFT_DICT,SK7Y,0.9967592647728771,Equivalent,SS60,0.4999999986602153,Related,SQ02,0.4887525643585832,Related,SR04,0.44992841662582217,Related,SS30,0.4493920145341174,Related
I-6,SK95,HYBRID_SOFT_DICT,SK95,1.019481437594937,Equivalent,SS17,0.499999998574159,Related,SR8E,0.47478018229117147,Related,SK86,0.47173323754516416,Related,SK6P,0.45558167682081974,Related
I-10,SK95,HYBRID_SOFT_DICT,SK95,0.8268220806271736,Equivalent,SM1L,0.49999999851469973,Related,SN4R,0.4841054458172624,Related,SM13,0.4745083539052164,Related,SK80,0.47422514390349474,Related
I-13,SK9Y,HYBRID_SOFT_DICT,SK9Y,1.0708119884777825,Equivalent,SS56,0.4999999988600344,Related,SS53,0.47985863534543005,Related,SM13,0.4746912135192188,Related,SR00,0.46949977234250273,Related
I-16,SK94,HYBRID_SOFT_DICT,SK94,1.204913355812879,Equivalent,SK97,0.8929298528548346,Equivalent,SK9Y,0.7575274671460518,Narrower,SK9Z,0.6890167174945493,Narrower,SK96,0.5804243937360134,Related
J-1,SK8Y,HYBRID_SOFT_DICT,SK8Y,0.7181739602539726,Narrower,SS50,0.49999999874457485,Related,SR11,0.4998246740004491,Related,SM9B,0.49264257031236186,Related,SS82,0.4926142100571234,Related
J-3,SK8Y,HYBRID_SOFT_DICT,SK8Y,0.9568984974381268,Equivalent,SS52,0.49999999894562086,Related,SS55,0.47535309668344444,Related,SR1B,0.46375928636847097,Related,SR1D,0.4448141091590435,Related
J-7,SK86,HYBRID_SOFT_DICT,SK86,1.1979654245366766,Equivalent,SK80,0.6151011563024085,Narrower,SK82,0.5295060008088726,Related,SK83,0.503412884911359,Related,SK85,0.4968779289079736,Related
J-11,SK8Y,HYBRID_SOFT_DICT,SK86,0.9733721393858683,Equivalent,SK8Y,0.8904457129090328,Equivalent,SK80,0.8378264849365782,Equivalent,SK82,0.7949528239506805,Narrower,SK83,0.730785977969317,Narrower
J-16,SK8Y,HYBRID_SOFT_DICT,SK8Y,0.9481560679546095,Equivalent,SS55,0.49999999877035456,Related,SS52,0.4973927618859,Related,SN4W,0.470658487767593,Related,SK80,0.45252330203337154,Related
J-20,SK87,HYBRID_SOFT_DICT,SK87,1.1278120819104762,Equivalent,SK8Y,0.9604909839566467,Equivalent,SK96,0.8139429096227602,Equivalent,SK00,0.7175109479876947,Narrower,SK83,0.70636121591031,Narrower
K,SN4W,HYBRID_SOFT_DICT,SN4W,1.1709891296908737,Equivalent,SK55,0.5929108369395738,Related,SR40,0.5634383305757225,Related,SR15,0.5607631474396126,Related,SN49,0.552278093696303,Related
LD,ST20,HYBRID_SOFT_DICT,ST20,0.9341171129901608,Equivalent,SR57,0.7692130922149575,Narrower,SS3J,0.6442119535074662,Narrower,SQ00,0.6381253234590574,Narrower,SP97,0.5372178409039156,Related
MA,SN1Y,HYBRID_SOFT_DICT,SN1Y,1.1124410342077886,Equivalent,SS82,0.49999999877003404,Related,SS53,0.4964220954112211,Related,SS50,0.47436283004451496,Related,SS17,0.4436495237582246,Related
MD-1,SM1Y,HYBRID_SOFT_DICT,SM1Y,0.7046183460582427,Narrower,SR66,0.499999998722686,Related,SP5B,0.46912346206611893,Related,SM1A,0.46880724015101216,Related,SQ02,0.46711432802766684,Related
MD-2,SM12,HYBRID_SOFT_DICT,SM12,1.0161409252082536,Equivalent,SM1Z,0.843730776623817,Equivalent,SM1Y,0.6893241080983925,Narrower,SM1G,0.6345046096777465,Narrower,SM1J,0.5857021308076817,Related
MD-10,SR05,HYBRID_SOFT_DICT,SR05,0.9443000545395344,Equivalent,SS10,0.8003141356776373,Equivalent,SM76,0.7707025019463383,Narrower,SS11,0.6574748920551942,Narrower,SS14,0.6512907690104219,Narrower
MD-12,SR00,HYBRID_SOFT_DICT,SR00,1.205871903959412,Equivalent,SN11,0.6996175056925473,Narrower,SR4M,0.6919793632516942,Narrower,SR4L,0.6843456233692984,Narrower,SP52,0.6623777180623909,Narrower
O-2,SN5Y,HYBRID_SOFT_DICT,SN5Y,0.8689803535073516,Equivalent,SM51,0.4999999988033342,Related,SM71,0.4372601986802293,Related,SM1L,0.4272217308029591,Related,SK6G,0.4226728260352199,Related
O-4,SN5Y,HYBRID_SOFT_DICT,SN5Y,0.9643531094556783,Equivalent,SS58,0.49999999872910367,Related,SS84,0.4883419458381797,Related,SS5E,0.48058160153177937,Related,SS5D,0.4791414173748827,Related
O-5,SN0Y,HYBRID_SOFT_DICT,SN0Y,0.9039113888854262,Equivalent,SM1L,0.4999999988473267,Related,SR85,0.47737458622644174,Related,SM71,0.4544833208506283,Related,SS55,0.4544293533253676,Related
O-7,SN70,HYBRID_SOFT_DICT,SN70,1.2499999969108024,Equivalent,SK50,0.5750281355768622,Related,SN4C,0.5100135529780052,Related,SN5Y,0.4782898494215852,Related,SN7Y,0.4578718066579236,Related
O-12,SN4T,HYBRID_SOFT_DICT,SN4T,1.0720359451454926,Equivalent,SS55,0.4999999988274924,Related,SK53,0.4830391475246394,Related,SS52,0.48134166465639183,Related,SR1D,0.480012101363256,Related
O-17,SN5Y,HYBRID_SOFT_DICT,SN5Y,0.8842469225359589,Equivalent,SS38,0.49999999874413503,Related,SN4W,0.4909967676154417,Related,SS36,0.48078334951807167,Related,SS32,0.4795327032151605,Related
O-21,SN4F,HYBRID_SOFT_DICT,SN4F,1.2499999965217872,Equivalent,SN4J,0.5516090742542578,Related,SR44,0.39229710669802237,Weak,SR1U,0.3788846396515412,Weak,SL8Y,0.3721336196377478,Weak
O-23,SN4E,HYBRID_SOFT_DICT,SN4E,0.9188638355538931,Equivalent,SN4J,0.562309577915353,Related,SR40,0.5010542324776824,Related,SN41,0.47597240969125154,Related,SN4F,0.46425449884631215,Related
O-34,SN5Y,HYBRID_SOFT_DICT,SN5Y,0.8554497894008399,Equivalent,SS60,0.49999999865266587,Related,SP95,0.46853356347380065,Related,SS82,0.4562408340684179,Related,SR00,0.4561048335376315,Related
O-38,SN40,HYBRID_SOFT_DICT,SN40,1.1269196052126254,Equivalent,SN5Y,0.734785405222368,Narrower,SN42,0.6807031141982374,Narrower,SN4R,0.6573477491086752,Narrower,SN41,0.6493487211494049,Narrower
O-39,SN90,HYBRID_SOFT_DICT,SN90,1.2076673861413691,Equivalent,SN7Y,0.854432629922486,Equivalent,SN73,0.8452742239292783,Equivalent,SN7Z,0.8277075530494531,Equivalent,SN9Z,0.7071022094284285,Narrower
O-40,SN5Y,HYBRID_SOFT_DICT,SN5Y,0.9272827339141599,Equivalent,SS55,0.499999998738237,Related,SR00,0.4981160650228253,Related,SQ02,0.48713983851730874,Related,SS82,0.47760506572662004,Related
O-42,SN4G,HYBRID_SOFT_DICT,SN4G,1.1200039231457413,Equivalent,SN4J,0.7716491704863573,Narrower,SN41,0.7018106801208827,Narrower,SN5Y,0.6193125581355405,Narrower,SR15,0.5212776636851462,Related
O-43,SP9Y,HYBRID_SOFT_DICT,SP9Y,0.93229135673012,Equivalent,SQ21,0.4999999986035086,Related,SQ03,0.45643472358795456,Related,SQ02,0.4280069137492559,Related,SS71,0.41707564105695966,Related
O-50,SN5Y,HYBRID_SOFT_DICT,SN5Y,1.0239466118025815,Equivalent,SM51,0.49999999868983414,Related,SK6T,0.4896389906769663,Related,SM1B,0.47888986558409247,Related,SQ60,0.4627071013711349,Related
PC-9,SQ6Y,HYBRID_SOFT_DICT,SQ6Y,1.1548001976004523,Equivalent,SS11,0.4999999986681246,Related,SM51,0.47183167788813946,Related,SM71,0.4691024283675823,Related,SM13,0.4667466500833567,Related
Q-7,SQ2Y,HYBRID_SOFT_DICT,SQ2Y,1.0115363344389716,Equivalent,SM13,0.49999999857703,Related,SM1L,0.48802534762526745,Related,SS55,0.4860005443205745,Related,SL21,0.4828083388173395,Related
Q-9,SQ2Y,HYBRID_SOFT_DICT,SQ2Y,1.084255010220288,Equivalent,SN4W,0.4999999985919451,Related,SN45,0.4832991909775513,Related,SM51,0.4762431872539593,Related,SN07,0.47157980525010096,Related
Q-12,SQ2Y,HYBRID_SOFT_DICT,SQ2Y,1.0578585533742983,Equivalent,SM13,0.49999999871890904,Related,SQ23,0.48608861605070314,Related,SN4F,0.48339402252280284,Related,SK98,0.46878708599298075,Related
R,SQ8Y,HYBRID_SOFT_DICT,SQ8Y,1.0817179826653311,Equivalent,SK53,0.49999999862055344,Related,SQ02,0.4938985936850301,Related,SM9B,0.4927693646987555,Related,SN4E,0.4830858191454205,Related
RA-1,SQ24,HYBRID_SOFT_DICT,SQ24,0.9732448801053657,Equivalent,SS26,0.624243934825571,Narrower,SK00,0.5740603073722492,Related,SK55,0.5655927956907613,Related,SK64,0.5333065356121611,Related
RD-1,SS2E,HYBRID_SOFT_DICT,SS2E,1.0451427255958072,Equivalent,SM81,0.822228823647856,Equivalent,SM7Y,0.7245222207803054,Narrower,SS10,0.6920435723788896,Narrower,SR5A,0.6691112289779189,Narrower
RD-3,SS29,HYBRID_SOFT_DICT,SS29,1.0902213574414201,Equivalent,SN5Y,0.8936721534643424,Equivalent,SP57,0.7308269803448691,Narrower,SL41,0.6925615371359026,Narrower,SN41,0.6861619935340748,Narrower
RD-11,SS23,HYBRID_SOFT_DICT,SP4Y,0.9940476350480629,Equivalent,SS23,0.9286080431571071,Equivalent,SK87,0.830627660047822,Equivalent,SM0Y,0.8099524383992764,Equivalent,SP9Y,0.7983659753924817,Narrower
VA-5,SS54,HYBRID_SOFT_DICT,SS54,1.249999997968795,Equivalent,SS52,0.5448583571963506,Related,SS51,0.521297681252789,Related,SR17,0.5171162299783029,Related,SS56,0.515657156578486,Related
VA-6,SS55,HYBRID_SOFT_DICT,SS55,1.2499999978473784,Equivalent,SS56,0.5780036553556049,Related,SS52,0.5470261626915827,Related,SR1A,0.5409959430394111,Related,SS50,0.5137115592815378,Related
VE-1.1,SS60,HYBRID_SOFT_DICT,SS60,0.9999999945074531,Equivalent,SS62,0.41049381505935956,Related,SS61,0.39192828244935884,Weak,SQ02,0.3435810664110699,Weak,SN09,0.3311464885660563,Weak
VE-1.7,SS60,HYBRID_SOFT_DICT,SS60,0.8707335519698597,Equivalent,SQ02,0.499999998780772,Related,SN4W,0.48257733381427853,Related,SQ21,0.46753284862641864,Related,SS17,0.42291198255309376,Related
VE-2.3,SS61,HYBRID_SOFT_DICT,SS61,0.9607264102102282,Equivalent,SQ02,0.49999999859904637,Related,SS60,0.48828635848192325,Related,SN4W,0.476088774743772,Related,SS59,0.47213263688966894,Related
VE-2.5,SS61,HYBRID_SOFT_DICT,SS61,0.9477471282759604,Equivalent,SS62,0.49999999878762474,Related,SS60,0.4889108862260692,Related,SM1L,0.43498216402722356,Related,SM13,0.42055633453671815,Related
VE-3.1,SS62,HYBRID_SOFT_DICT,SS62,0.9999999959917574,Equivalent,SS60,0.49456165287160603,Related,SS61,0.42955403614387383,Related,SR85,0.3535219987154052,Weak,SQ21,0.3474235087073334,Weak
VE-3.2,SS62,HYBRID_SOFT_DICT,SS62,0.9827764318235124,Equivalent,SS60,0.49999999893331265,Related,SS61,0.43162200783026544,Related,SQ21,0.38510557958410185,Weak,SS82,0.3729267322224207,Weak
AAA-2.1,SR10,HYBRID_HARD_DICT,SR10,1.2499999960542296,Equivalent,SR12,0.5997860035456211,Related,SM33,0.5960133215662105,Related,SK55,0.5272903633934767,Related,SM3Y,0.5121069766566619,Related
AAB-2,SQ05,HYBRID_HARD_DICT,SQ05,1.2499999962762265,Equivalent,SR11,0.5270205554321827,Related,SR14,0.5139760037262755,Related,SR13,0.49794624506144824,Related,SR10,0.48359029393858033,Related
AAB-3,SP9Y,HYBRID_HARD_DICT,SP9Y,0.9369677436847164,Equivalent,SN4W,0.49999999876246387,Related,SR1W,0.4638460717575024,Related,SS56,0.4397157189034207,Related,SK6P,0.425777997471722,Related
AAB-7,SM1P,HYBRID_HARD_DICT,SM1P,1.0384915438942333,Equivalent,SR4L,0.840336283838886,Equivalent,SR4M,0.668363084864426,Narrower,SM15,0.5786809517841527,Related,SM71,0.5474903220221548,Related
AAB-40,SP1Y,HYBRID_HARD_DICT,SP1Y,0.8883859202110906,Equivalent,SN4W,0.49999999874019985,Related,SQ21,0.48255502912626197,Related,SQ60,0.4755148968475426,Related,SN4F,0.47525103080347697,Related
AAB-46,SK30,HYBRID_HARD_DICT,SK30,1.1085348119420182,Equivalent,SM13,0.4999999985674921,Related,SN4F,0.44939223186322175,Related,SK53,0.43113855814359464,Related,SN60,0.42768903962120075,Related
AAB-48,SM1Y,HYBRID_HARD_DICT,SM1Y,0.9327270321422991,Equivalent,SQ21,0.4999999989153084,Related,SQ03,0.43958926783031094,Related,SQ02,0.4146714228233599,Related,SR00,0.3969067477351944,Weak
AAB-49,SN60,HYBRID_HARD_DICT,SN60,1.249999996768247,Equivalent,SN41,0.415002577105072,Related,SR20,0.41031110036877644,Related,SR15,0.3988665710411488,Weak,SR40,0.3834698900384612,Weak
AAB-50,SN7Y,HYBRID_HARD_DICT,SN7Y,1.1091752562860901,Equivalent,SN4W,0.4999999987204159,Related,SQ02,0.476237276198582,Related,SS50,0.46626660976960005,Related,SP95,0.46470431243057103,Related
AAB-54,SK5Y,HYBRID_HARD_DICT,SK5Y,1.0700192482362858,Equivalent,SN4W,0.4999999986583062,Related,SN4R,0.4652860282778571,Related,SR00,0.4651057732350482,Related,SM15,0.4627794915401643,Related
AAB-64,SP4Y,HYBRID_HARD_DICT,SP4Y,0.7590065936999647,Equivalent,SR00,0.4999999987864494,Related,SN4W,0.497620271039026,Related,SQ02,0.42672775503877614,Related,SS16,0.41847482058475644,Related
AAB-66,SP9Y,HYBRID_HARD_DICT,SP9Y,0.7854733736567661,Equivalent,SM37,0.6856002341940487,Narrower,SQ02,0.49999999865214134,Related,SN4W,0.4984508287346891,Related,SK53,0.4674352949312556,Related
AAB-74,SM1N,HYBRID_HARD_DICT,SM1N,1.1242789495360808,Equivalent,SN42,0.8701828130247714,Equivalent,SR1A,0.7502044266860075,Narrower,ST11,0.693933856576475,Narrower,SM15,0.6349372504104349,Narrower
AAB-80,SP1Y,HYBRID_HARD_DICT,SP1Y,0.87657280897193,Equivalent,SM51,0.49999999851400373,Related,SS56,0.4931683302785803,Related,SK6E,0.4866478607355783,Related,SR66,0.48013908273303446,Related
AAB-86,SP9Y,HYBRID_HARD_DICT,SP9Y,0.8211057246787198,Equivalent,SR11,0.4999999989447408,Related,SR13,0.4951776768464481,Related,SS50,0.4933514232726345,Related,SR10,0.48286532495824375,Related
AAB-87,SP1Y,HYBRID_HARD_DICT,SP1Y,0.8496570768019053,Equivalent,SS82,0.49999999887849234,Related,SS55,0.47093626610104694,Related,SR10,0.4656814518750575,Related,SS50,0.4481586306193403,Related
AAB-88,SP9Y,HYBRID_HARD_DICT,SP9Y,0.8588438347033098,Equivalent,SS82,0.49999999869697065,Related,SR10,0.49083355356580827,Related,SR14,0.47671683351749017,Related,SR13,0.4762675710698214,Related
AAB-93,SP4Y,HYBRID_HARD_DICT,SP4Y,0.7499999919926947,Equivalent,SK53,0.4999999988941626,Related,SN4W,0.4822318849603443,Related,SM3J,0.4376088845524076,Related,SS50,0.42291073665541673,Related
AAB-97,SN03,HYBRID_HARD_DICT,SR4E,2.126581016373723,Equivalent,SN0Z,0.7757929530761276,Narrower,SN03,0.7417799240450904,Equivalent,SS23,0.6591613009227932,Narrower,SR4D,0.632517819681944,Narrower
AAB-100,SP9Y,HYBRID_HARD_DICT,SP9Y,0.8981342783452803,Equivalent,SS59,0.49999999876247514,Related,SS30,0.4601945452581553,Related,SS17,0.4520865644597949,Related,SS57,0.45120296675069094,Related
AAB-103,SP9Y,HYBRID_HARD_DICT,SP9Y,0.9440407295060734,Equivalent,SQ60,0.49999999901690856,Related,SN4W,0.4627222262451385,Related,SR00,0.45486374824353065,Related,SM51,0.43503013131373214,Related
AAB-105,SP9Y,HYBRID_HARD_DICT,SP9Y,0.9515419762453132,Equivalent,SR66,0.4999999988726139,Related,SN4W,0.4888575203464793,Related,SS19,0.4711900692384896,Related,SS13,0.4690555088398457,Related
AAB-108,SP4Y,HYBRID_HARD_DICT,SP4Y,0.8380245271913468,Equivalent,SN4W,0.4999999987375092,Related,SK53,0.48193134518557307,Related,SQ02,0.4739016477075431,Related,SP95,0.471915077080906,Related
AAB-110,SL62,HYBRID_HARD_DICT,SL62,1.0423366530236264,Equivalent,SR40,0.9182517923501193,Equivalent,SL6Y,0.9086649062793594,Equivalent,SL6Z,0.8607003121108102,Equivalent,SL60,0.7890699177052398,Narrower
AAC-1,SK30,HYBRID_HARD_DICT,SK30,1.1448607491104117,Equivalent,SQ02,0.49999999872421996,Related,SM51,0.4830502208084646,Related,SQ03,0.4819232722411247,Related,SR00,0.4680951874823489,Related
AAC-2,SK30,HYBRID_HARD_DICT,SK30,1.0971517059815066,Equivalent,SS56,0.49999999883053614,Related,SS55,0.483131203709841,Related,SM15,0.4771083019763619,Related,SL07,0.4731543982088932,Related
AAC-5,SP0Y,HYBRID_HARD_DICT,SP0Y,1.017057313940124,Equivalent,SN07,0.49999999876246115,Related,SK53,0.49738509820653476,Related,SN4W,0.486856011178212,Related,SQ02,0.48584199036178544,Related
AAC-6,SP00,HYBRID_HARD_DICT,SP00,1.0522742544088148,Equivalent,SR1C,0.8607367842459774,Equivalent,SR12,0.7375646834911753,Narrower,SK55,0.7034578206321386,Narrower,SS19,0.658134433751179,Narrower
AAC-7,SN08,HYBRID_HARD_DICT,SN08,0.9125211442716672,Equivalent,SM8Z,0.9026352610480353,Equivalent,SM88,0.6932625207954879,Narrower,SN3Z,0.6870465809498911,Narrower,SM8Y,0.6481995383386844,Narrower
AAC-8,SP15,HYBRID_HARD_DICT,SP15,1.249999997012845,Equivalent,SP4Y,0.49213740620575697,Related,SP2Y,0.48603514961376754,Related,SP13,0.4551385489090809,Related,SP20,0.4228064349091722,Related
AAC-9.2,SK55,HYBRID_HARD_DICT,SK55,1.1847549524769816,Equivalent,SN4W,0.49999999864399924,Related,SQ02,0.48872538230389306,Related,SM13,0.4736680439219387,Related,SN07,0.44908625079754866,Related
AAC-12,SM31,HYBRID_HARD_DICT,SM31,1.2198220358009757,Equivalent,SR12,0.7921304099487463,Narrower,SM39,0.6967862340648009,Narrower,SM34,0.6467405631787364,Narrower,SP4Y,0.6337797126704621,Narrower
AAC-13,SK30,HYBRID_HARD_DICT,SK30,1.12260341530782,Equivalent,SQ02,0.4999999987375959,Related,SN4W,0.4663926188987489,Related,SK53,0.4533370214583385,Related,SP5B,0.45271421737197753,Related
AAC-16,SK5Y,HYBRID_HARD_DICT,SK5Y,0.947803483593459,Equivalent,SS19,0.49999999845336873,Related,SR67,0.49785353021105727,Related,SS18,0.4837723334833323,Related,SS17,0.4780542873715881,Related
AAC-239,SK30,HYBRID_HARD_DICT,SK30,1.0457711548204611,Equivalent,SQ21,0.4999999987193648,Related,SM13,0.4593132377452771,Related,SP95,0.45832153491975236,Related,SP5B,0.45795006618511436,Related
AAC-27,SM83,HYBRID_HARD_DICT,SM83,1.0546422528461346,Equivalent,SS53,0.4999999984673272,Related,SM51,0.47485277690514527,Related,SS85,0.47207857166452943,Related,SQ21,0.46651508770458855,Related
AAC-38,SK22,HYBRID_HARD_DICT,SK22,0.8608276879365924,Equivalent,SK53,0.49999999836929915,Related,SN60,0.4769621382322939,Related,SN4G,0.46929093509902114,Related,SN4E,0.4652716791519641,Related
AAC-39,SL7Y,HYBRID_HARD_DICT,SL7Y,1.0859407351266113,Equivalent,SK6T,0.4999999987146934,Related,SL70,0.48082085470704605,Related,SR00,0.4802096965093404,Related,SN4W,0.47541990932565487,Related
AAD-2.7,SR20,HYBRID_HARD_DICT,SR20,1.2499999900352887,Equivalent,SS81,0.47843545175917523,Related,SS54,0.47287657284568047,Related,SR18,0.46277835488132835,Related,SR17,0.4617577271754592,Related
AAD-2.9,SR20,HYBRID_HARD_DICT,SR20,1.2252909992754064,Equivalent,SR18,0.4999999990253387,Related,SS81,0.4727915718288063,Related,SR15,0.4680068055951626,Related,SR17,0.46401014721132355,Related
AAD-4,SR20,HYBRID_HARD_DICT,SR20,1.1794879670160763,Equivalent,SR11,0.4999999985620506,Related,SN4W,0.4956079970425571,Related,SS82,0.48746663604389057,Related,SS55,0.47884423630805434,Related
AAD-4.1,SR20,HYBRID_HARD_DICT,SR20,1.2091904929011925,Equivalent,SS55,0.4999999987354866,Related,SR11,0.47552511754371946,Related,SS19,0.46986273017931407,Related,SM51,0.4627313645549987,Related
AAD-5,SR20,HYBRID_HARD_DICT,SR20,1.1073123698812193,Equivalent,SQ21,0.49999999866723294,Related,SS60,0.4750832484325007,Related,SN4W,0.45005440962187715,Related,SQ02,0.44794915420445425,Related
ABA-1,SR16,HYBRID_HARD_DICT,SR16,1.2499999972850295,Equivalent,SN41,0.5210231221368816,Related,SR20,0.47226262440587613,Related,SS81,0.4645391681899435,Related,SR17,0.4638801330743132,Related
ABA-2,SR17,HYBRID_HARD_DICT,SR17,1.2499999955843721,Equivalent,SN41,0.787088734066987,Narrower,SR20,0.5859353866702037,Related,SR40,0.572964748912024,Related,SS2A,0.5608066647570973,Related
ABA-2.1,SR15,HYBRID_HARD_DICT,SR15,1.249999996152635,Equivalent,SR17,0.6316108553865083,Narrower,SP63,0.5668152774899446,Related,SR20,0.5147133521626432,Related,SM1Z,0.4954754433085178,Related
ABB-1,SK7Y,HYBRID_HARD_DICT,SK7Y,0.8670946722340427,Equivalent,SS52,0.4999999988283448,Related,SS55,0.4928559064140163,Related,SN4W,0.47392267876144845,Related,SM71,0.45739443148502124,Related
ABB-7,SM3Y,HYBRID_HARD_DICT,SM3Y,0.8996683022722236,Equivalent,SM71,0.4999999987162534,Related,SN4W,0.4734510350461762,Related,SP5B,0.4483936605569221,Related,SQ02,0.4378286165908324,Related
ABB-10,SP9Y,HYBRID_HARD_DICT,SP9Y,0.8781796169853624,Equivalent,SS61,0.49999999870327816,Related,SQ21,0.4654731475256323,Related,SR00,0.464902626640441,Related,SS60,0.4568183731354586,Related
ABB-25,SP9Y,HYBRID_HARD_DICT,SP9Y,0.9151082694883307,Equivalent,SS82,0.4999999986409059,Related,SM13,0.48285264349981166,Related,SM51,0.46868825772841094,Related,SQ02,0.46118794039870353,Related
ABB-29,SP2Y,HYBRID_HARD_DICT,SP2Y,1.0415304179855176,Equivalent,SN60,0.4999999986010744,Related,SL07,0.4838674935758796,Related,SN4W,0.48317208385110694,Related,SN4E,0.4721963671266997,Related
ACA-1,SR1B,HYBRID_HARD_DICT,SR1B,1.2499999975803515,Equivalent,SR11,0.5460834666840627,Related,SR1C,0.503305736129009,Related,SR1A,0.46485118053593255,Related,SR1D,0.45710672672243463,Related
ACA-2,SR1C,HYBRID_HARD_DICT,SR1C,1.2499999958266506,Equivalent,SR40,0.7463336622009373,Narrower,SN41,0.6789701244039381,Narrower,SR1E,0.5524365757916794,Related,SP9Y,0.5432171960234949,Related
ACA-4,SR1E,HYBRID_HARD_DICT,SR1E,1.155915168912203,Equivalent,SN42,0.592433761794595,Related,SR20,0.5706592433803721,Related,SP9Y,0.5594758686661134,Related,SR40,0.551181238575785,Related
ACB-15,SQ4Y,HYBRID_HARD_DICT,SQ4Y,0.9301081917328502,Equivalent,SN4W,0.4999999984876404,Related,SM71,0.47731706011823755,Related,SK86,0.45685070918454185,Related,SM9B,0.4531689718317454,Related
ACB-27,SP9Y,HYBRID_HARD_DICT,SP9Y,0.9059077690137778,Equivalent,SK6P,0.49999999856691785,Related,SM10,0.4506662895911932,Related,SN4W,0.436368112199215,Related,SK53,0.4283781652784417,Related
BD-2,SP62,HYBRID_HARD_DICT,SP62,1.2131942769536117,Equivalent,SR47,1.2019669065252174,Equivalent,SR60,0.511052856330331,Related,SR80,0.48328526641357317,Related,SR45,0.4809783548093427,Related
BE-1,SR4A,HYBRID_HARD_DICT,SR4A,1.1266046075459644,Equivalent,SN71,0.9615147122291763,Equivalent,SN9Z,0.7380640531515623,Narrower,SR1S,0.679463061082595,Narrower,ST0T,0.6790631504600785,Narrower
BF-2,SR4B,HYBRID_HARD_DICT,SR4B,1.0889805939498456,Equivalent,SP9Z,0.6451142372930265,Narrower,SK6R,0.6209123006513035,Narrower,SK6G,0.5765978374057144,Related,SR43,0.5341265212588083,Related
BA-3.1,SR4K,HYBRID_HARD_DICT,SR4K,1.1389364615893158,Equivalent,SR4J,0.8499399422742677,Equivalent,SR61,0.4599784302443379,Related,SN3Y,0.4270621456308566,Related,SR42,0.4222900420696415,Related
BH-1,SR4F,HYBRID_HARD_DICT,SR4F,1.0927374347608436,Equivalent,SP92,0.49999999892759406,Related,SS3J,0.49976364290113645,Related,SQ8Y,0.4937026168802566,Related,SQ05,0.47315867416716534,Related
CC-2,SN45,HYBRID_HARD_DICT,SR84,1.1345351414523228,Equivalent,SN45,1.083777459357493,Equivalent,SR8N,0.5724517291246392,Related,SN4D,0.43513570017399134,Related,SR8E,0.4138974038686243,Related
CA-1,SR83,HYBRID_HARD_DICT,SR83,1.159379054658061,Equivalent,SM81,0.6975316989321277,Narrower,SM82,0.6511146435794999,Narrower,SM86,0.6407963060015593,Narrower,SM89,0.6000310002004446,Narrower
CA-2,SR82,HYBRID_HARD_DICT,SR82,1.2450039286639312,Equivalent,SM82,0.69758966591035,Narrower,SM86,0.6137649130631331,Narrower,SM81,0.5687196487222819,Related,SM89,0.5562468004361915,Related
CB-1,SR81,HYBRID_HARD_DICT,SR81,1.1181043188212878,Equivalent,SM83,0.6224459503874821,Narrower,SR5A,0.6216772210880469,Narrower,SM7Y,0.6052897534628725,Narrower,SR10,0.5764112274976685,Related
CB-2,SR80,HYBRID_HARD_DICT,SR80,1.2499999966046105,Equivalent,SR5A,0.4909698312895483,Related,SM7Y,0.4778267017830813,Related,SM31,0.4724570990329726,Related,SM33,0.43434981408394957,Related
CB-3,SR86,HYBRID_HARD_DICT,SR86,1.1914960997939894,Equivalent,SR5A,0.8327797222196762,Equivalent,SR81,0.7955065968699218,Narrower,SS19,0.7186161591901065,Narrower,SS17,0.6676845100206061,Narrower
D,SS10,HYBRID_HARD_DICT,SS10,1.2499999979452663,Equivalent,SR59,0.5439846260511321,Related,SS13,0.5364022398923063,Related,SS18,0.5336656250152781,Related,SS11,0.5275875324777783,Related
DB-2,SS11,HYBRID_HARD_DICT,SS11,1.2499999971437723,Equivalent,SS18,0.6172774205243385,Narrower,SS19,0.5832547630981992,Related,SR59,0.5805152999251155,Related,SS1Z,0.5723738809060248,Related
DB-4,SS14,HYBRID_HARD_DICT,SS14,1.2499999973043414,Equivalent,SS15,0.5846878773729427,Related,SM3C,0.49506918043851644,Related,SS11,0.4845154537598422,Related,SP9Y,0.4835435477480437,Related
EA-2.5,SM74,HYBRID_HARD_DICT,SM74,0.9826917171254955,Equivalent,SS55,0.499999998600794,Related,SS36,0.48963539954401186,Related,SS30,0.46807492017085417,Related,SS39,0.46774215746949704,Related
EA-4.5.1,SL40,HYBRID_HARD_DICT,SL40,0.6642193238969843,Narrower,SM51,0.49999999864678457,Related,SQ60,0.47715771511502414,Related,SS82,0.4749679734860241,Related,SM71,0.47244067844827714,Related
EB-1,SR59,HYBRID_HARD_DICT,SR59,1.2499999976377039,Equivalent,SS15,0.4854989512794251,Related,SS10,0.4687197936575741,Related,SM3C,0.43769771760608256,Related,SS37,0.4243285988870022,Related
EB-2,SM37,HYBRID_HARD_DICT,SM37,1.1763999801758447,Equivalent,SM38,0.7894470012630912,Narrower,SM7Y,0.6310383277960973,Narrower,SS10,0.6125220032286458,Narrower,SR59,0.572118037369097,Related
EB-3.9,SM3C,HYBRID_HARD_DICT,SM3C,1.2137496803020387,Equivalent,SR86,0.9187587006365289,Equivalent,SM3Y,0.8444403321174874,Equivalent,SM3L,0.7025422736610242,Narrower,SM7Y,0.6454398617409263,Narrower
EB-6,SM3L,HYBRID_HARD_DICT,SM3L,1.1386219589102382,Equivalent,SM3J,0.8401974293205194,Equivalent,SR50,0.6863813849645604,Narrower,SS19,0.6601406197682713,Narrower,SR20,0.6196477607061712,Narrower
EB-8,SM3K,HYBRID_HARD_DICT,SM3K,1.2499999964121966,Equivalent,SM7Y,0.5104300378162806,Related,SM33,0.49098312062376154,Related,SM31,0.4772817713890452,Related,SM53,0.4720338537437223,Related
EB-10,SM33,HYBRID_HARD_DICT,SM33,1.1608230221655702,Equivalent,SM31,0.7465810702769855,Narrower,SP9Y,0.744692081356038,Narrower,SM7Y,0.6567670265847193,Narrower,SM3Z,0.6105109081011231,Narrower
EB-10.15,SM70,HYBRID_HARD_DICT,SM70,0.9999999971536204,Equivalent,SM33,0.3900701992195147,Weak,SM3Y,0.3872900982654536,Weak,SP4Y,0.37950727941609935,Weak,SM7Y,0.35050064274351767,Weak
EC-3,SP51,HYBRID_HARD_DICT,SP51,1.2448839972209977,Equivalent,SR40,0.7565821386504599,Narrower,SR50,0.7010221662438656,Narrower,SQ2Y,0.5476180121694998,Related,SR8Y,0.5453575569069093,Related
EC-3.2,SP54,HYBRID_HARD_DICT,SP54,1.2499999969942448,Equivalent,SK55,0.6145901300911685,Narrower,SN41,0.5901465174416326,Related,SP57,0.5536759316755956,Related,SM7Y,0.5355014625654435,Related
EC-3.7,SP5Y,HYBRID_HARD_DICT,SP5Y,0.9417144226508456,Equivalent,SS55,0.4999999989139177,Related,SS52,0.4835025332007644,Related,SR1D,0.48316616729909306,Related,SR1B,0.4767205783657564,Related
EC-3.8,SP5Y,HYBRID_HARD_DICT,SP5Y,0.9650670155741419,Equivalent,SR66,0.4999999985993391,Related,SN4W,0.4945706187682185,Related,SM1L,0.48103204542227374,Related,SP5B,0.47824541153830535,Related
ED-2.2,SP99,HYBRID_HARD_DICT,SP99,1.0681239895120689,Equivalent,SR40,0.8549352557055981,Equivalent,SN5Y,0.8221116198498447,Equivalent,SN45,0.773391609675969,Narrower,SP9Z,0.7641030979036941,Narrower
ED-3.1,SM41,HYBRID_HARD_DICT,SM41,1.0029671983922193,Equivalent,SQ02,0.4999999986671317,Related,SR00,0.4791022726214767,Related,SN4W,0.46472850194919035,Related,SL21,0.46432976679631544,Related
ED-3.3,SM41,HYBRID_HARD_DICT,SM41,0.9689565913546018,Equivalent,SS58,0.4999999985730867,Related,SR66,0.4924981051010137,Related,SS82,0.4751771554484059,Related,SR00,0.4591078963601481,Related
ED-3.5,SM41,HYBRID_HARD_DICT,SM41,0.9089365283617118,Equivalent,SM71,0.49999999854593624,Related,SM51,0.4983281111360634,Related,SN07,0.46847243404063904,Related,SM1L,0.46350244634848736,Related
ED-4.2.3,SN49,HYBRID_HARD_DICT,SN49,1.1694831217214012,Equivalent,SM1L,0.4999999986581927,Related,SN4F,0.46618176514141213,Related,SN4W,0.4608061676381216,Related,SM13,0.46000330905261744,Related
ED-4.2.6,SN49,HYBRID_HARD_DICT,SN49,1.0125151857372274,Equivalent,SN4W,0.49999999873930395,Related,SQ02,0.4579760123029838,Related,SR1W,0.449866919076015,Related,SR1V,0.4463741064792865,Related
ED-4.2.7,SN4A,HYBRID_HARD_DICT,SN42,0.9969116731906601,Equivalent,SN4A,0.9173803104979283,Equivalent,SN4R,0.8744216100979927,Equivalent,SN5Y,0.7322724290772423,Narrower,SN4C,0.6990457161526595,Narrower
ED-4.3.2,SN5Y,HYBRID_HARD_DICT,SN5Y,0.9038718165777283,Equivalent,SR00,0.49999999874875806,Related,SN4W,0.48637109414652696,Related,SS59,0.48416330743604724,Related,SQ02,0.4828668116695715,Related
ED-4.3.7,SN5Y,HYBRID_HARD_DICT,SN49,0.820301696727935,Equivalent,SN5Y,0.6461946973724266,Equivalent,SN4U,0.5102533408467924,Related,SR1V,0.49999999880039087,Related,SR1W,0.47829119373634443,Related
ED-4.4,SN49,HYBRID_HARD_DICT,SR40,0.9729073865726423,Equivalent,SN49,0.8997318853424123,Equivalent,SS56,0.7949334768375376,Narrower,SN5Y,0.7613418617698402,Narrower,SN4R,0.6701359665578197,Narrower
ED-8,SP11,HYBRID_HARD_DICT,SP14,0.6976030648841749,Narrower,SP11,0.6834345661804888,Equivalent,SP10,0.5989871986708024,Related,SR10,0.49999999887915947,Related,SR14,0.4783523625432549,Related
ED-9.7.9,SM40,HYBRID_HARD_DICT,SM40,1.1436760401811892,Equivalent,SR17,0.6523571555446493,Narrower,SP57,0.5593171199492588,Related,SR15,0.5513520026078368,Related,SM4Y,0.5225618007599069,Related
ED-19,SN47,HYBRID_HARD_DICT,SQ50,0.9999999968009595,Equivalent,SN47,0.9869260169078212,Equivalent,SN4U,0.5917589049391123,Related,SR1A,0.585294485177033,Related,SR1D,0.49774897702956034,Related
EE-1,SR52,HYBRID_HARD_DICT,SR52,1.2499999974557126,Equivalent,SR53,0.584041201307474,Related,SL70,0.5372644830236752,Related,SP2Z,0.4979356682824334,Related,SR45,0.4825606187087107,Related
EE-2,SP72,HYBRID_HARD_DICT,SP72,1.0653096675341718,Equivalent,SR13,0.6777073210362743,Narrower,SR1D,0.6697102464402529,Narrower,SR18,0.6282866031165395,Narrower,SP97,0.5517910047700332,Related
EE-3.4,SM53,HYBRID_HARD_DICT,SM53,0.607777093143653,Narrower,SM99,0.5893271401221007,Related,SN06,0.5822002741523251,Related,SK6S,0.5773049558444601,Related,SM3J,0.5597839889713168,Related
EE-3.6,SM53,HYBRID_HARD_DICT,SM53,0.861995844756573,Equivalent,SM1L,0.7428237611158042,Narrower,SK6S,0.6781212144976565,Narrower,SN06,0.5925710974419696,Related,SM99,0.5710256681857997,Related
EE-3.7,SM53,HYBRID_HARD_DICT,SK6S,0.7047078632419572,Narrower,SN06,0.622465236735001,Narrower,SM53,0.6107028598640128,Narrower,SM99,0.5649639046833691,Related,SR66,0.49999999878619406,Related
EE-3.10,SM53,HYBRID_HARD_DICT,SM53,0.8406847048928424,Equivalent,SK6S,0.6460204427665209,Narrower,SN06,0.5751223022828077,Related,SM99,0.5740585733500487,Related,SN4W,0.49999999877458845,Related
EE-3.13,SM7Y,HYBRID_HARD_DICT,SM7Y,0.9057946576074211,Equivalent,SK6S,0.7150053138852563,Narrower,SN06,0.6647737144814039,Narrower,SM99,0.6109072605421698,Narrower,SM53,0.5561323922470954,Related
EE-3.16,SK6S,HYBRID_HARD_DICT,SK6S,1.1990258373814742,Equivalent,SN06,0.529173505407037,Related,SK7Z,0.5129414137428888,Related,SK6U,0.49999999877355306,Related,SK6H,0.4919580552439069,Related
EE-4.4,SP70,HYBRID_HARD_DICT,SP70,1.2499999958891155,Equivalent,SR1A,0.6734647608515478,Narrower,SR1D,0.5232410621814149,Related,SN5Y,0.5131881795733301,Related,SR1C,0.48990653009630025,Related
EF-1,SR53,HYBRID_HARD_DICT,SR53,1.2499999965402855,Equivalent,SR52,0.6079593865342608,Narrower,SR5C,0.6060640464137111,Narrower,SR40,0.6013522858651553,Narrower,SN42,0.5876152387048426,Related
EF-2.2.7,SM8D,HYBRID_HARD_DICT,SM8D,0.857283243935826,Equivalent,SN4W,0.49999999855173977,Related,SM13,0.4797226312597641,Related,SL07,0.47512674970409413,Related,SL02,0.47318499935026126,Related
EF-2.2.8,SM8D,HYBRID_HARD_DICT,SM8D,0.9627289248505297,Equivalent,SR8E,0.4999999985387438,Related,SR00,0.49936305338288545,Related,SP95,0.48381255084328445,Related,SK6P,0.48317451696673036,Related
EF-2.2.11,SM8D,HYBRID_HARD_DICT,SM8D,0.8508030452561172,Equivalent,SN4W,0.49999999862584976,Related,SR00,0.48978098865633635,Related,SQ02,0.4841686438885039,Related,SM13,0.4796350795552344,Related
EF-2.2.12,SM8D,HYBRID_HARD_DICT,SM8D,0.951698696183053,Equivalent,SN4W,0.4999999987787735,Related,SM13,0.47918460444052874,Related,SQ02,0.4584441118052167,Related,SQ60,0.44279446008313145,Related
EF-2.2.13,SM8D,HYBRID_HARD_DICT,SM8D,0.9546733789683313,Equivalent,SN4W,0.49999999882740387,Related,SM13,0.45969562758395865,Related,SR66,0.43200847138625353,Related,SN48,0.42736651267451503,Related
EF-2.3.1,SM8D,HYBRID_HARD_DICT,SM8D,0.8829400223558206,Equivalent,SS55,0.49999999868046996,Related,SN4W,0.49825011219687165,Related,SR1W,0.4941482725735581,Related,SS52,0.49049190722068825,Related
EF-2.3.2,SM8D,HYBRID_HARD_DICT,SM8D,0.9101829587532455,Equivalent,SS52,0.49999999879868634,Related,SS55,0.46381254710636455,Related,SN4W,0.45556961666606066,Related,SL02,0.4454130369210634,Related
EF-2.3.3,SM8D,HYBRID_HARD_DICT,SM8D,0.9329692711051853,Equivalent,SK6J,0.4999999987584681,Related,SM71,0.4678140498515582,Related,SN73,0.4565483498252528,Related,SN4W,0.45606186682852445,Related
EF-2.3.4,SM8A,HYBRID_HARD_DICT,SM8A,1.0282759799514918,Equivalent,SR5B,0.8015509469586561,Equivalent,SR15,0.7103256914079806,Narrower,SR44,0.5925947325923238,Related,SR8A,0.5788913994467674,Related
EF-2.3.6,SM8D,HYBRID_HARD_DICT,SM8D,0.9831987941305163,Equivalent,SP95,0.49999999849734483,Related,SN73,0.4991700423352997,Related,SR1V,0.4911192929112725,Related,SN4W,0.4624420303167559,Related
EF-3,SP64,HYBRID_HARD_DICT,SP64,1.2043879236371269,Equivalent,SP62,0.5755384424888081,Related,SP70,0.39302378259557136,Weak,SR47,0.39141881673981016,Weak,SN45,0.39120699051360297,Weak
EH-2,SP0Y,HYBRID_HARD_DICT,SP0Y,0.9719009785972759,Equivalent,SN4W,0.4999999989125438,Related,SM51,0.49182898324456836,Related,SR00,0.462657312633969,Related,SP5B,0.4579791465702202,Related
EI-1,SR56,HYBRID_HARD_DICT,SR56,1.2499999968499067,Equivalent,SR4E,0.5517240105455736,Related,SS23,0.5228519732397479,Related,SR4D,0.4937172054781626,Related,SM94,0.4633517836183211,Related
EI-2,SN02,HYBRID_HARD_DICT,SN02,1.2499999975391267,Equivalent,SN3Y,0.538371596028904,Related,SN0Y,0.5214837889776287,Related,SN49,0.4487817456630897,Related,SN0Z,0.4402040530012972,Related
EI-6.8,SM3G,HYBRID_HARD_DICT,SM3G,1.0219242784920215,Equivalent,SM3Z,0.9836172017393714,Equivalent,SN0Y,0.7435719686905209,Narrower,SK55,0.6167973131401001,Narrower,SM3Y,0.6111583580162783,Narrower
EI-6.9,SN0Y,HYBRID_HARD_DICT,SN0Y,0.8842936103640766,Equivalent,SN4W,0.49999999880853585,Related,SM13,0.4691120247527062,Related,SR1W,0.44514627081313163,Related,SR00,0.43532592628576516,Related
EJ-1,SR5B,HYBRID_HARD_DICT,SR5B,1.2499999964124384,Equivalent,SR5Z,0.6379527624062473,Narrower,SR5A,0.6090744935275552,Narrower,SR5C,0.5997312850783253,Related,SR56,0.5910493738910807,Related
EJ-2,SM8C,HYBRID_HARD_DICT,SM8C,1.1970272035108154,Equivalent,SM86,0.7376956213780047,Narrower,SM87,0.7249286961344227,Narrower,SR5B,0.7027492450477772,Narrower,SP4Y,0.6147389022323384,Narrower
EJ-3.4,SM8E,HYBRID_HARD_DICT,SM8E,1.0648790279391203,Equivalent,SM81,0.7351973684929075,Narrower,SR11,0.6232924964227305,Narrower,SR80,0.608598656479239,Narrower,SR83,0.594616568442611,Related
EJ-3.9,SM88,HYBRID_HARD_DICT,SM88,1.2499999971910385,Equivalent,SM86,0.7744699030985764,Narrower,SM82,0.6498710120631985,Narrower,SM81,0.5633709417341666,Related,SM8B,0.5049691472835545,Related
EJ-3.12,SM52,HYBRID_HARD_DICT,SM52,0.9938163609615318,Equivalent,SR10,0.49999999892236685,Related,SR40,0.48082548008280646,Related,SR1V,0.47346196255464157,Related,SR1W,0.4433947985711405,Related
EK-4.2,SM32,HYBRID_HARD_DICT,SM32,0.9833408205310754,Equivalent,SM3J,0.5317719903468883,Related,SM1M,0.5276789376258668,Related,SS50,0.4999999988193986,Related,SR10,0.4876476840522302,Related
EK-4.4,SM32,HYBRID_HARD_DICT,SM32,0.9327483125837798,Equivalent,SM1L,0.5955069201345677,Related,SS55,0.4999999989352355,Related,SS52,0.49173877180424097,Related,SS80,0.4623394145505909,Related
EK-4.5,SM32,HYBRID_HARD_DICT,SM32,1.1449328035417685,Equivalent,SM8B,0.4999999987617673,Related,SQ02,0.4919252788944369,Related,SM93,0.4890861336732316,Related,SM5Y,0.48724766564197947,Related
EK-4.6,SM42,HYBRID_HARD_DICT,SM42,1.2499999953256578,Equivalent,SM4Z,0.7054466027148911,Narrower,SM4Y,0.6991646206944215,Narrower,SM40,0.6900566082421742,Narrower,SM3L,0.649611685207302,Narrower
EL-2.5,SM9Y,HYBRID_HARD_DICT,SM9Y,0.9052848561820293,Equivalent,SR1V,0.4999999987682181,Related,SN4W,0.4985888679107779,Related,SS50,0.4913608970719426,Related,SS53,0.48641485404864676,Related
EL-2.6,SM9Y,HYBRID_HARD_DICT,SM9Y,0.8898727171593234,Equivalent,SP21,0.4999999985947277,Related,SR1V,0.48220615704325676,Related,SM71,0.47411164335671124,Related,SR1N,0.45408277170900596,Related
EL-2.9,SM90,HYBRID_HARD_DICT,SM90,0.934215829187752,Equivalent,SM99,0.5929316258436574,Related,SM98,0.5895405714259323,Related,SR20,0.5778345801978366,Related,SM9Y,0.5609496483088401,Related
EL-2.10,SM96,HYBRID_HARD_DICT,SM96,1.0981361383860042,Equivalent,SR1A,0.752273492213394,Narrower,SP4Y,0.7063091778772848,Narrower,SP54,0.6003413828474111,Narrower,SK87,0.5971363042737113,Related
EL-2.12,SN12,HYBRID_HARD_DICT,SN12,1.2499999954314014,Equivalent,SM9Y,0.5256085489726791,Related,SR4E,0.4905424435353063,Related,SS82,0.4762337407061631,Related,SM9A,0.4536744074034054,Related
EL-2.15,SM91,HYBRID_HARD_DICT,SM91,1.2499999960743453,Equivalent,SR4J,0.7563584509305457,Narrower,SR4K,0.6871807630949847,Narrower,SR1A,0.5625831557374072,Related,SR1C,0.523182888119575,Related
EL-2.20,SM9A,HYBRID_HARD_DICT,SM9A,0.9999999955263625,Equivalent,SM9Y,0.7620475227257295,Narrower,SM99,0.5986346877540234,Related,SM98,0.5416352366427452,Related,SR20,0.5253770092125152,Related
EL-2.26,SM9Y,HYBRID_HARD_DICT,SM9Y,0.9123559035014177,Equivalent,SN4W,0.4999999987364491,Related,SR1V,0.4582012699532059,Related,SS55,0.44624856565637994,Related,SS16,0.4400353525511441,Related
EL-2.28,SM99,HYBRID_HARD_DICT,SM99,1.2043423144521384,Equivalent,SN44,0.5839804544045735,Related,SR8E,0.529011932101928,Related,SM9B,0.49999999863329125,Related,SR45,0.4860476734901493,Related
EL-9,SN1Y,HYBRID_HARD_DICT,SN1Y,1.1360625973446699,Equivalent,SN4W,0.4999999986461614,Related,SN4H,0.49454194583205957,Related,SP5B,0.4754181837410993,Related,SM1L,0.45155520047606224,Related
EM-1,SR5E,HYBRID_HARD_DICT,SR5E,1.2499999973537093,Equivalent,SR5Z,0.5486951914798185,Related,SR53,0.537654932116762,Related,SR5A,0.5006829496037652,Related,SR5C,0.46762744538010703,Related
EM-2,SQ03,HYBRID_HARD_DICT,SQ03,1.125766203752089,Equivalent,SR5E,0.8686766207765786,Equivalent,SQ41,0.7330155441752166,Narrower,SS15,0.6458792975533139,Narrower,SQ04,0.5462371812481562,Related
EM-2.4,SQ04,HYBRID_HARD_DICT,SQ04,1.1783251010671512,Equivalent,SQ0Z,0.8288673601776534,Equivalent,SQ03,0.7909243695568129,Narrower,SQ4Y,0.7813340589329463,Narrower,SR1A,0.7242112521098765,Narrower
EM-7.5,SP98,HYBRID_HARD_DICT,SP98,1.1972524823790405,Equivalent,SM1L,0.4999999986516614,Related,SP5B,0.49521999615628987,Related,SM8B,0.49343873658860127,Related,SS85,0.4887476202636802,Related
EM-9,SQ10,HYBRID_HARD_DICT,SQ10,1.249999997578688,Equivalent,SS61,0.501558007741477,Related,SP58,0.4440488193497578,Related,SP54,0.4217221102131281,Related,SS3G,0.42101001099596713,Related
F-9,SK00,HYBRID_HARD_DICT,SK00,0.8694167786746713,Equivalent,SS82,0.49999999858811417,Related,SM13,0.48125704977409384,Related,SR00,0.4789574315579434,Related,SM51,0.47573947242897213,Related
FA,SK50,HYBRID_HARD_DICT,SK50,1.2499999970179665,Equivalent,SN4G,0.6212404211862198,Narrower,SN70,0.5479046743523485,Related,SN4E,0.4716743516624038,Related,SK00,0.4704475153298704,Related
FA-2,SN73,HYBRID_HARD_DICT,SN73,1.2499999982247383,Equivalent,SN7Z,0.3783956736799281,Weak,SN7Y,0.3679831046020723,Weak,SR17,0.36097085585711003,Weak,SR20,0.35250612769205253,Weak
FA-6,SK50,HYBRID_HARD_DICT,SK50,1.167954420062796,Equivalent,SN4G,0.49999999880908613,Related,SN4E,0.47220657011225065,Related,SS80,0.4703493448420416,Related,SS55,0.4240233789888533,Related
FA-7,SP9Y,HYBRID_HARD_DICT,SP9Y,0.9904507828288239,Equivalent,SN4G,0.49999999880393475,Related,SN4E,0.4836162477116043,Related,SS80,0.47644992946735026,Related,SR1D,0.43596609864017005,Related
GA-1,SM1M,HYBRID_HARD_DICT,SM1M,1.2499999970161744,Equivalent,SM1K,0.6668983045480312,Narrower,SR10,0.4834887018491365,Related,SM1L,0.4307204330156695,Related,SM3J,0.42675279328274507,Related
GA-10,SM1Y,HYBRID_HARD_DICT,SM1Y,0.96491725288921,Equivalent,SS60,0.49999999854384486,Related,SS55,0.4862084945323977,Related,SP92,0.4772404149903033,Related,SM51,0.47687753092314245,Related
GB-3,SM13,HYBRID_HARD_DICT,SM13,1.0766683003633695,Equivalent,SM1G,0.7165836068634294,Narrower,SM1J,0.6825813449705985,Narrower,SN44,0.5692296616815911,Related,SS20,0.5481233518108197,Related
GB-9,SM1Y,HYBRID_HARD_DICT,SM1Y,0.8886781004579816,Equivalent,SR85,0.4999999986967554,Related,SR84,0.4838103235898678,Related,SQ02,0.4716780781963574,Related,SS82,0.44528691879030285,Related
GB-11,SM1Y,HYBRID_HARD_DICT,SM1Y,0.9244429928578761,Equivalent,SN4W,0.4999999987152752,Related,SK53,0.4759348256198468,Related,SS57,0.4551527532995345,Related,SR11,0.45042053653178193,Related
GD-4,SM1Y,HYBRID_HARD_DICT,SM1Y,0.971852090616239,Equivalent,SM71,0.4999999987213928,Related,SN48,0.49648511266193057,Related,SP96,0.49403161618302643,Related,SN4W,0.4805901044578174,Related
GE-3,SL06,HYBRID_HARD_DICT,SL06,1.2499999956632522,Equivalent,SL04,0.6621688678503057,Narrower,SL08,0.6575542872310698,Narrower,SL0Z,0.644446168001045,Narrower,SL0Y,0.6064224694636207,Narrower
GE-4,SM17,HYBRID_HARD_DICT,SM17,1.150476883019264,Equivalent,SR1A,0.8092211221615709,Equivalent,SR1C,0.6216978934481142,Narrower,SK20,0.5766934169526873,Related,SM1Y,0.5754870554338162,Related
GE-6,SM1Y,HYBRID_HARD_DICT,SM1Y,0.7754064025567251,Equivalent,SP72,0.7226969855142021,Narrower,SS55,0.4999999986808918,Related,SN07,0.480732909677284,Related,SS59,0.48011397388798177,Related
GE-8,SM1Y,HYBRID_HARD_DICT,SM1Y,0.9708069336002536,Equivalent,SK53,0.4999999988149072,Related,SR11,0.47618832525732024,Related,SS53,0.4700476359720311,Related,SM71,0.46919144448172256,Related
GE-10,SP9Y,HYBRID_HARD_DICT,SP9Y,0.8882459629935457,Equivalent,SR66,0.499999998836019,Related,SN4E,0.47920148641871974,Related,SS52,0.4737044752995001,Related,SS85,0.47207366018227,Related
GE-11,SM1Y,HYBRID_HARD_DICT,SM1Y,0.9482067809069489,Equivalent,SS52,0.4999999987859767,Related,SS55,0.48904274196629033,Related,SS54,0.4615727520809157,Related,SS56,0.4516219703583409,Related
GF-7,SL01,HYBRID_HARD_DICT,SL01,1.1404483322587522,Equivalent,SR1C,0.8535177934313112,Equivalent,SR17,0.7716967288623657,Narrower,SL0Y,0.7524181456928564,Narrower,SP4Y,0.6619788571162682,Narrower
GF-9,SL0Y,HYBRID_HARD_DICT,SL0Y,1.1391126600581178,Equivalent,SR1V,0.4999999985466428,Related,SR1X,0.46473250168445146,Related,SR4L,0.45198267695677813,Related,SR66,0.43964794638282595,Related
GF-10,SL05,HYBRID_HARD_DICT,SL05,1.2466455696551535,Equivalent,SP95,0.4999999985755125,Related,SN4W,0.49879764377712005,Related,SS13,0.4810343183831581,Related,SS36,0.4751391628726299,Related
GF-11,SL03,HYBRID_HARD_DICT,SL03,1.1701923737080049,Equivalent,SR85,0.49999999883856916,Related,SK6P,0.4988369215371277,Related,SP95,0.48014966625571526,Related,SQ02,0.473697394374229,Related
GF-13,SL0Y,HYBRID_HARD_DICT,SL0Y,1.0885443453659303,Equivalent,SM15,0.49999999844449466,Related,SN4E,0.49576128492195803,Related,SQ60,0.4835021846192213,Related,SS60,0.4823992893010754,Related
GF-16,SL2Y,HYBRID_HARD_DICT,SL2Y,0.9694822717423185,Equivalent,SS60,0.49999999862772293,Related,SR1N,0.4472992516253126,Related,SM9B,0.4450833680645386,Related,SS82,0.4413852938867779,Related
GF-19,SL0Y,HYBRID_HARD_DICT,SL0Y,1.141167794369955,Equivalent,SS60,0.4999999988063281,Related,SQ02,0.4628554540107785,Related,SP92,0.4564661510436516,Related,SS36,0.452552989793219,Related
GG,SM1Y,HYBRID_HARD_DICT,SM1Y,0.9169250860073161,Equivalent,SP91,0.7763041388704035,Narrower,SS60,0.4999999986093361,Related,SS80,0.4492742862018448,Related,SR67,0.44428683472969516,Related
HA-1,SK68,HYBRID_HARD_DICT,SK68,1.1014602959979412,Equivalent,SS28,0.835531883216694,Equivalent,SK6G,0.673872023414877,Narrower,SM53,0.6257005650548835,Narrower,SK6R,0.5847274672221462,Related
HB-5,SK6U,HYBRID_HARD_DICT,SK6U,1.0782814865979065,Equivalent,SS58,0.499999998781948,Related,SP5B,0.4851594058797424,Related,SN4W,0.48165736093839984,Related,SM51,0.4795037446910039,Related
HB-7,SK6P,HYBRID_HARD_DICT,SK6P,1.1995161274582433,Equivalent,SK6G,0.7463618307755772,Narrower,SK6K,0.5979574561966755,Related,SK6R,0.5821374712424756,Related,SK6H,0.5687675496371363,Related
HB-8,SK7Y,HYBRID_HARD_DICT,SK7Y,0.9191923576563992,Equivalent,SM51,0.49999999860571964,Related,SN4E,0.46939312682342205,Related,SS82,0.4369330836624695,Related,SP5B,0.4262150398249095,Related
HB-17,SK6J,HYBRID_HARD_DICT,SK6J,1.2499999976983658,Equivalent,SK6H,0.40295140842316457,Related,SK69,0.36560544929519084,Weak,SK7Z,0.3524711841333085,Weak,SK7Y,0.3378657286041632,Weak
HD-2,SK6C,HYBRID_HARD_DICT,SK6C,1.0208429935139163,Equivalent,SS2B,0.49999999856612615,Related,SS50,0.49095889816274935,Related,SN4W,0.48961807203012964,Related,SM1L,0.4547071080340494,Related
HD-4,SK7Y,HYBRID_HARD_DICT,SK7Y,0.9212020359417271,Equivalent,SP92,0.49999999876164597,Related,SP5B,0.48796917932673445,Related,SQ21,0.43358992124415857,Related,SS28,0.43071635983575557,Related
HE-4,SK61,HYBRID_HARD_DICT,SK61,0.8626566766734506,Equivalent,SK6H,0.4999999988493929,Related,SR04,0.45989688250108196,Related,SK6G,0.457751201280133,Related,SS28,0.45643838293639505,Related
HF-3,SK6W,HYBRID_HARD_DICT,SK6W,1.0862466780523932,Equivalent,SK6R,0.6938209550078089,Narrower,SK7Z,0.562502158854508,Related,SK6G,0.5051887421325073,Related,SK6A,0.4953129438106735,Related
HF-5,SK6X,HYBRID_HARD_DICT,SK6X,1.0877026369451017,Equivalent,SK6U,0.7385362609636222,Narrower,SR1C,0.5887194142431265,Related,SK7Y,0.5710689974376087,Related,SR12,0.5602112831154107,Related
HF-8,SK7Y,HYBRID_HARD_DICT,SK7Y,0.9151226140641059,Equivalent,SQ21,0.49999999865105454,Related,SQ02,0.4885433568144558,Related,SP21,0.4787470856174248,Related,SS60,0.47021371079751245,Related
HF-9,SK7Y,HYBRID_HARD_DICT,SK7Y,0.894602862189865,Equivalent,SQ02,0.4999999988684019,Related,SN4W,0.4769404692232237,Related,SR00,0.46315433282931695,Related,SM71,0.46125471324274203,Related
HG-2.4,SK65,HYBRID_HARD_DICT,SK65,1.0409319134158619,Equivalent,SS55,0.49999999875214085,Related,SN4W,0.486048470669634,Related,SM1L,0.48067233998448766,Related,SS52,0.4745321592382856,Related
HG-3,SK7Y,HYBRID_HARD_DICT,SK7Y,0.9463730346739326,Equivalent,SN4W,0.4999999986867844,Related,SR1W,0.4969259930008736,Related,SR1V,0.4825796677570901,Related,SK80,0.47415753010872347,Related
HG-4,SK63,HYBRID_HARD_DICT,SK63,0.99999999724022,Equivalent,SK64,0.4566387966953534,Related,SR15,0.4212195925915071,Related,SR17,0.41695683537830536,Related,SR20,0.4081722661921237,Related
HG-10,SK7Y,HYBRID_HARD_DICT,SK7Y,0.9466832306675548,Equivalent,SQ20,0.4999999985951647,Related,SR00,0.49015233634099054,Related,SQ21,0.4828313270468274,Related,SM71,0.4814409959477861,Related
HG-12,SK7Y,HYBRID_HARD_DICT,SK7Y,0.9967592647728771,Equivalent,SS60,0.4999999986602153,Related,SQ02,0.4887525643585832,Related,SR04,0.44992841662582217,Related,SS30,0.4493920145341174,Related
I-6,SK95,HYBRID_HARD_DICT,SK95,1.019481437594937,Equivalent,SS17,0.499999998574159,Related,SR8E,0.47478018229117147,Related,SK86,0.47173323754516416,Related,SK6P,0.45558167682081974,Related
I-10,SK95,HYBRID_HARD_DICT,SK95,0.8268220806271736,Equivalent,SM1L,0.49999999851469973,Related,SN4R,0.4841054458172624,Related,SM13,0.4745083539052164,Related,SK80,0.47422514390349474,Related
I-13,SK9Y,HYBRID_HARD_DICT,SK9Y,1.0708119884777825,Equivalent,SS56,0.4999999988600344,Related,SS53,0.47985863534543005,Related,SM13,0.4746912135192188,Related,SR00,0.46949977234250273,Related
I-16,SK94,HYBRID_HARD_DICT,SK94,1.204913355812879,Equivalent,SK97,0.8929298528548346,Equivalent,SK9Y,0.7575274671460518,Narrower,SK9Z,0.6890167174945493,Narrower,SK96,0.5804243937360134,Related
J-1,SK8Y,HYBRID_HARD_DICT,SK8Y,0.7181739602539726,Narrower,SS50,0.49999999874457485,Related,SR11,0.4998246740004491,Related,SM9B,0.49264257031236186,Related,SS82,0.4926142100571234,Related
J-3,SK8Y,HYBRID_HARD_DICT,SK8Y,0.9568984974381268,Equivalent,SS52,0.49999999894562086,Related,SS55,0.47535309668344444,Related,SR1B,0.46375928636847097,Related,SR1D,0.4448141091590435,Related
J-7,SK86,HYBRID_HARD_DICT,SK86,1.1979654245366766,Equivalent,SK80,0.6151011563024085,Narrower,SK82,0.5295060008088726,Related,SK83,0.503412884911359,Related,SK85,0.4968779289079736,Related
J-11,SK8Y,HYBRID_HARD_DICT,SK86,0.9733721393858683,Equivalent,SK8Y,0.8904457129090328,Equivalent,SK80,0.8378264849365782,Equivalent,SK82,0.7949528239506805,Narrower,SK83,0.730785977969317,Narrower
J-16,SK8Y,HYBRID_HARD_DICT,SK8Y,0.9481560679546095,Equivalent,SS55,0.49999999877035456,Related,SS52,0.4973927618859,Related,SN4W,0.470658487767593,Related,SK80,0.45252330203337154,Related
J-20,SK87,HYBRID_HARD_DICT,SK87,1.1278120819104762,Equivalent,SK8Y,0.9604909839566467,Equivalent,SK96,0.8139429096227602,Equivalent,SK00,0.7175109479876947,Narrower,SK83,0.70636121591031,Narrower
K,SN4W,HYBRID_HARD_DICT,SN4W,1.1709891296908737,Equivalent,SK55,0.5929108369395738,Related,SR40,0.5634383305757225,Related,SR15,0.5607631474396126,Related,SN49,0.552278093696303,Related
LD,ST20,HYBRID_HARD_DICT,ST20,0.9341171129901608,Equivalent,SR57,0.7692130922149575,Narrower,SS3J,0.6442119535074662,Narrower,SQ00,0.6381253234590574,Narrower,SP97,0.5372178409039156,Related
MA,SN1Y,HYBRID_HARD_DICT,SN1Y,1.1124410342077886,Equivalent,SS82,0.49999999877003404,Related,SS53,0.4964220954112211,Related,SS50,0.47436283004451496,Related,SS17,0.4436495237582246,Related
MD-1,SM1Y,HYBRID_HARD_DICT,SM1Y,0.7046183460582427,Narrower,SR66,0.499999998722686,Related,SP5B,0.46912346206611893,Related,SM1A,0.46880724015101216,Related,SQ02,0.46711432802766684,Related
MD-2,SM12,HYBRID_HARD_DICT,SM12,1.0161409252082536,Equivalent,SM1Z,0.843730776623817,Equivalent,SM1Y,0.6893241080983925,Narrower,SM1G,0.6345046096777465,Narrower,SM1J,0.5857021308076817,Related
MD-10,SR05,HYBRID_HARD_DICT,SR05,0.9443000545395344,Equivalent,SS10,0.8003141356776373,Equivalent,SM76,0.7707025019463383,Narrower,SS11,0.6574748920551942,Narrower,SS14,0.6512907690104219,Narrower
MD-12,SR00,HYBRID_HARD_DICT,SR00,1.205871903959412,Equivalent,SN11,0.6996175056925473,Narrower,SR4M,0.6919793632516942,Narrower,SR4L,0.6843456233692984,Narrower,SP52,0.6623777180623909,Narrower
O-2,SN5Y,HYBRID_HARD_DICT,SN5Y,0.8689803535073516,Equivalent,SM51,0.4999999988033342,Related,SM71,0.4372601986802293,Related,SM1L,0.4272217308029591,Related,SK6G,0.4226728260352199,Related
O-4,SN5Y,HYBRID_HARD_DICT,SN5Y,0.9643531094556783,Equivalent,SS58,0.49999999872910367,Related,SS84,0.4883419458381797,Related,SS5E,0.48058160153177937,Related,SS5D,0.4791414173748827,Related
O-5,SN0Y,HYBRID_HARD_DICT,SN0Y,0.9039113888854262,Equivalent,SM1L,0.4999999988473267,Related,SR85,0.47737458622644174,Related,SM71,0.4544833208506283,Related,SS55,0.4544293533253676,Related
O-7,SN70,HYBRID_HARD_DICT,SN70,1.2499999969108024,Equivalent,SK50,0.5750281355768622,Related,SN4C,0.5100135529780052,Related,SN5Y,0.4782898494215852,Related,SN7Y,0.4578718066579236,Related
O-12,SN4T,HYBRID_HARD_DICT,SN4T,1.0720359451454926,Equivalent,SS55,0.4999999988274924,Related,SK53,0.4830391475246394,Related,SS52,0.48134166465639183,Related,SR1D,0.480012101363256,Related
O-17,SN5Y,HYBRID_HARD_DICT,SN5Y,0.8842469225359589,Equivalent,SS38,0.49999999874413503,Related,SN4W,0.4909967676154417,Related,SS36,0.48078334951807167,Related,SS32,0.4795327032151605,Related
O-21,SN4F,HYBRID_HARD_DICT,SN4F,1.2499999965217872,Equivalent,SN4J,0.5516090742542578,Related,SR44,0.39229710669802237,Weak,SR1U,0.3788846396515412,Weak,SL8Y,0.3721336196377478,Weak
O-23,SN4E,HYBRID_HARD_DICT,SN4E,0.9188638355538931,Equivalent,SN4J,0.562309577915353,Related,SR40,0.5010542324776824,Related,SN41,0.47597240969125154,Related,SN4F,0.46425449884631215,Related
O-34,SN5Y,HYBRID_HARD_DICT,SN5Y,0.8554497894008399,Equivalent,SS60,0.49999999865266587,Related,SP95,0.46853356347380065,Related,SS82,0.4562408340684179,Related,SR00,0.4561048335376315,Related
O-38,SN40,HYBRID_HARD_DICT,SN40,1.1269196052126254,Equivalent,SN5Y,0.734785405222368,Narrower,SN42,0.6807031141982374,Narrower,SN4R,0.6573477491086752,Narrower,SN41,0.6493487211494049,Narrower
O-39,SN90,HYBRID_HARD_DICT,SN90,1.2076673861413691,Equivalent,SN7Y,0.854432629922486,Equivalent,SN73,0.8452742239292783,Equivalent,SN7Z,0.8277075530494531,Equivalent,SN9Z,0.7071022094284285,Narrower
O-40,SN5Y,HYBRID_HARD_DICT,SN5Y,0.9272827339141599,Equivalent,SS55,0.499999998738237,Related,SR00,0.4981160650228253,Related,SQ02,0.48713983851730874,Related,SS82,0.47760506572662004,Related
O-42,SN4G,HYBRID_HARD_DICT,SN4G,1.1200039231457413,Equivalent,SN4J,0.7716491704863573,Narrower,SN41,0.7018106801208827,Narrower,SN5Y,0.6193125581355405,Narrower,SR15,0.5212776636851462,Related
O-43,SP9Y,HYBRID_HARD_DICT,SP9Y,0.93229135673012,Equivalent,SQ21,0.4999999986035086,Related,SQ03,0.45643472358795456,Related,SQ02,0.4280069137492559,Related,SS71,0.41707564105695966,Related
O-50,SN5Y,HYBRID_HARD_DICT,SN5Y,1.0239466118025815,Equivalent,SM51,0.49999999868983414,Related,SK6T,0.4896389906769663,Related,SM1B,0.47888986558409247,Related,SQ60,0.4627071013711349,Related
PC-9,SQ6Y,HYBRID_HARD_DICT,SQ6Y,1.1548001976004523,Equivalent,SS11,0.4999999986681246,Related,SM51,0.47183167788813946,Related,SM71,0.4691024283675823,Related,SM13,0.4667466500833567,Related
Q-7,SQ2Y,HYBRID_HARD_DICT,SQ2Y,1.0115363344389716,Equivalent,SM13,0.49999999857703,Related,SM1L,0.48802534762526745,Related,SS55,0.4860005443205745,Related,SL21,0.4828083388173395,Related
Q-9,SQ2Y,HYBRID_HARD_DICT,SQ2Y,1.084255010220288,Equivalent,SN4W,0.4999999985919451,Related,SN45,0.4832991909775513,Related,SM51,0.4762431872539593,Related,SN07,0.47157980525010096,Related
Q-12,SQ2Y,HYBRID_HARD_DICT,SQ2Y,1.0578585533742983,Equivalent,SM13,0.49999999871890904,Related,SQ23,0.48608861605070314,Related,SN4F,0.48339402252280284,Related,SK98,0.46878708599298075,Related
R,SQ8Y,HYBRID_HARD_DICT,SQ8Y,1.0817179826653311,Equivalent,SK53,0.49999999862055344,Related,SQ02,0.4938985936850301,Related,SM9B,0.4927693646987555,Related,SN4E,0.4830858191454205,Related
RA-1,SQ24,HYBRID_HARD_DICT,SQ24,0.9732448801053657,Equivalent,SS26,0.624243934825571,Narrower,SK00,0.5740603073722492,Related,SK55,0.5655927956907613,Related,SK64,0.5333065356121611,Related
RD-1,SS2E,HYBRID_HARD_DICT,SS2E,1.0451427255958072,Equivalent,SM81,0.822228823647856,Equivalent,SM7Y,0.7245222207803054,Narrower,SS10,0.6920435723788896,Narrower,SR5A,0.6691112289779189,Narrower
RD-3,SS29,HYBRID_HARD_DICT,SS29,1.0902213574414201,Equivalent,SN5Y,0.8936721534643424,Equivalent,SP57,0.7308269803448691,Narrower,SL41,0.6925615371359026,Narrower,SN41,0.6861619935340748,Narrower
RD-11,SS23,HYBRID_HARD_DICT,SP4Y,0.9940476350480629,Equivalent,SS23,0.9286080431571071,Equivalent,SK87,0.830627660047822,Equivalent,SM0Y,0.8099524383992764,Equivalent,SP9Y,0.7983659753924817,Narrower
VA-5,SS54,HYBRID_HARD_DICT,SS54,1.249999997968795,Equivalent,SS52,0.5448583571963506,Related,SS51,0.521297681252789,Related,SR17,0.5171162299783029,Related,SS56,0.515657156578486,Related
VA-6,SS55,HYBRID_HARD_DICT,SS55,1.2499999978473784,Equivalent,SS56,0.5780036553556049,Related,SS52,0.5470261626915827,Related,SR1A,0.5409959430394111,Related,SS50,0.5137115592815378,Related
VE-1.1,SS60,HYBRID_HARD_DICT,SS60,0.9999999945074531,Equivalent,SS62,0.41049381505935956,Related,SS61,0.39192828244935884,Weak,SQ02,0.3435810664110699,Weak,SN09,0.3311464885660563,Weak
VE-1.7,SS60,HYBRID_HARD_DICT,SS60,0.8707335519698597,Equivalent,SQ02,0.499999998780772,Related,SN4W,0.48257733381427853,Related,SQ21,0.46753284862641864,Related,SS17,0.42291198255309376,Related
VE-2.3,SS61,HYBRID_HARD_DICT,SS61,0.9607264102102282,Equivalent,SQ02,0.49999999859904637,Related,SS60,0.48828635848192325,Related,SN4W,0.476088774743772,Related,SS59,0.47213263688966894,Related
VE-2.5,SS61,HYBRID_HARD_DICT,SS61,0.9477471282759604,Equivalent,SS62,0.49999999878762474,Related,SS60,0.4889108862260692,Related,SM1L,0.43498216402722356,Related,SM13,0.42055633453671815,Related
VE-3.1,SS62,HYBRID_HARD_DICT,SS62,0.9999999959917574,Equivalent,SS60,0.49456165287160603,Related,SS61,0.42955403614387383,Related,SR85,0.3535219987154052,Weak,SQ21,0.3474235087073334,Weak
VE-3.2,SS62,HYBRID_HARD_DICT,SS62,0.9827764318235124,Equivalent,SS60,0.49999999893331265,Related,SS61,0.43162200783026544,Related,SQ21,0.38510557958410185,Weak,SS82,0.3729267322224207,Weak
AAA-2.1,SR10,HYBRID_FULL_DICT_UPPER,SR10,2.2499999960542296,Equivalent,SR12,0.5997860035456211,Related,SM33,0.5960133215662105,Related,SK55,0.5272903633934767,Related,SM3Y,0.5121069766566619,Related
AAB-2,SQ05,HYBRID_FULL_DICT_UPPER,SQ05,2.2499999962762267,Equivalent,SR11,0.5270205554321827,Related,SR14,0.5139760037262755,Related,SR13,0.49794624506144824,Related,SR10,0.48359029393858033,Related
AAB-3,SP9Y,HYBRID_FULL_DICT_UPPER,SP9Y,1.9369677436847164,Equivalent,SN4W,0.49999999876246387,Related,SR1W,0.4638460717575024,Related,SS56,0.4397157189034207,Related,SK6P,0.425777997471722,Related
AAB-7,SM1P,HYBRID_FULL_DICT_UPPER,SM1P,2.0384915438942333,Equivalent,SR4L,0.840336283838886,Equivalent,SR4M,0.668363084864426,Narrower,SM15,0.5786809517841527,Related,SM71,0.5474903220221548,Related
AAB-40,SP1Y,HYBRID_FULL_DICT_UPPER,SP1Y,1.8883859202110906,Equivalent,SN4W,0.49999999874019985,Related,SQ21,0.48255502912626197,Related,SQ60,0.4755148968475426,Related,SN4F,0.47525103080347697,Related
AAB-46,SK30,HYBRID_FULL_DICT_UPPER,SK30,2.108534811942018,Equivalent,SM13,0.4999999985674921,Related,SN4F,0.44939223186322175,Related,SK53,0.43113855814359464,Related,SN60,0.42768903962120075,Related
AAB-48,SM1Y,HYBRID_FULL_DICT_UPPER,SM1Y,1.9327270321422991,Equivalent,SQ21,0.4999999989153084,Related,SQ03,0.43958926783031094,Related,SQ02,0.4146714228233599,Related,SR00,0.3969067477351944,Weak
AAB-49,SN60,HYBRID_FULL_DICT_UPPER,SN60,2.249999996768247,Equivalent,SN41,0.415002577105072,Related,SR20,0.41031110036877644,Related,SR15,0.3988665710411488,Weak,SR40,0.3834698900384612,Weak
AAB-50,SN7Y,HYBRID_FULL_DICT_UPPER,SN7Y,2.10917525628609,Equivalent,SN4W,0.4999999987204159,Related,SQ02,0.476237276198582,Related,SS50,0.46626660976960005,Related,SP95,0.46470431243057103,Related
AAB-54,SK5Y,HYBRID_FULL_DICT_UPPER,SK5Y,2.070019248236286,Equivalent,SN4W,0.4999999986583062,Related,SN4R,0.4652860282778571,Related,SR00,0.4651057732350482,Related,SM15,0.4627794915401643,Related
AAB-64,SP4Y,HYBRID_FULL_DICT_UPPER,SP4Y,1.7590065936999646,Equivalent,SR00,0.4999999987864494,Related,SN4W,0.497620271039026,Related,SQ02,0.42672775503877614,Related,SS16,0.41847482058475644,Related
AAB-66,SP9Y,HYBRID_FULL_DICT_UPPER,SP9Y,1.785473373656766,Equivalent,SM37,0.6856002341940487,Narrower,SQ02,0.49999999865214134,Related,SN4W,0.4984508287346891,Related,SK53,0.4674352949312556,Related
AAB-74,SM1N,HYBRID_FULL_DICT_UPPER,SM1N,2.1242789495360808,Equivalent,SN42,0.8701828130247714,Equivalent,SR1A,0.7502044266860075,Narrower,ST11,0.693933856576475,Narrower,SM15,0.6349372504104349,Narrower
AAB-80,SP1Y,HYBRID_FULL_DICT_UPPER,SP1Y,1.87657280897193,Equivalent,SM51,0.49999999851400373,Related,SS56,0.4931683302785803,Related,SK6E,0.4866478607355783,Related,SR66,0.48013908273303446,Related
AAB-86,SP9Y,HYBRID_FULL_DICT_UPPER,SP9Y,1.82110572467872,Equivalent,SR11,0.4999999989447408,Related,SR13,0.4951776768464481,Related,SS50,0.4933514232726345,Related,SR10,0.48286532495824375,Related
AAB-87,SP1Y,HYBRID_FULL_DICT_UPPER,SP1Y,1.8496570768019054,Equivalent,SS82,0.49999999887849234,Related,SS55,0.47093626610104694,Related,SR10,0.4656814518750575,Related,SS50,0.4481586306193403,Related
AAB-88,SP9Y,HYBRID_FULL_DICT_UPPER,SP9Y,1.8588438347033098,Equivalent,SS82,0.49999999869697065,Related,SR10,0.49083355356580827,Related,SR14,0.47671683351749017,Related,SR13,0.4762675710698214,Related
AAB-93,SP4Y,HYBRID_FULL_DICT_UPPER,SP4Y,1.7499999919926947,Equivalent,SK53,0.4999999988941626,Related,SN4W,0.4822318849603443,Related,SM3J,0.4376088845524076,Related,SS50,0.42291073665541673,Related
AAB-97,SN03,HYBRID_FULL_DICT_UPPER,SR4E,2.126581016373723,Equivalent,SN03,1.7417799240450904,Equivalent,SN0Z,0.7757929530761276,Narrower,SS23,0.6591613009227932,Narrower,SR4D,0.632517819681944,Narrower
AAB-100,SP9Y,HYBRID_FULL_DICT_UPPER,SP9Y,1.8981342783452804,Equivalent,SS59,0.49999999876247514,Related,SS30,0.4601945452581553,Related,SS17,0.4520865644597949,Related,SS57,0.45120296675069094,Related
AAB-103,SP9Y,HYBRID_FULL_DICT_UPPER,SP9Y,1.9440407295060735,Equivalent,SQ60,0.49999999901690856,Related,SN4W,0.4627222262451385,Related,SR00,0.45486374824353065,Related,SM51,0.43503013131373214,Related
AAB-105,SP9Y,HYBRID_FULL_DICT_UPPER,SP9Y,1.9515419762453132,Equivalent,SR66,0.4999999988726139,Related,SN4W,0.4888575203464793,Related,SS19,0.4711900692384896,Related,SS13,0.4690555088398457,Related
AAB-108,SP4Y,HYBRID_FULL_DICT_UPPER,SP4Y,1.838024527191347,Equivalent,SN4W,0.4999999987375092,Related,SK53,0.48193134518557307,Related,SQ02,0.4739016477075431,Related,SP95,0.471915077080906,Related
AAB-110,SL62,HYBRID_FULL_DICT_UPPER,SL62,2.0423366530236264,Equivalent,SR40,0.9182517923501193,Equivalent,SL6Y,0.9086649062793594,Equivalent,SL6Z,0.8607003121108102,Equivalent,SL60,0.7890699177052398,Narrower
AAC-1,SK30,HYBRID_FULL_DICT_UPPER,SK30,2.1448607491104115,Equivalent,SQ02,0.49999999872421996,Related,SM51,0.4830502208084646,Related,SQ03,0.4819232722411247,Related,SR00,0.4680951874823489,Related
AAC-2,SK30,HYBRID_FULL_DICT_UPPER,SK30,2.0971517059815064,Equivalent,SS56,0.49999999883053614,Related,SS55,0.483131203709841,Related,SM15,0.4771083019763619,Related,SL07,0.4731543982088932,Related
AAC-5,SP0Y,HYBRID_FULL_DICT_UPPER,SP0Y,2.017057313940124,Equivalent,SN07,0.49999999876246115,Related,SK53,0.49738509820653476,Related,SN4W,0.486856011178212,Related,SQ02,0.48584199036178544,Related
AAC-6,SP00,HYBRID_FULL_DICT_UPPER,SP00,2.0522742544088146,Equivalent,SR1C,0.8607367842459774,Equivalent,SR12,0.7375646834911753,Narrower,SK55,0.7034578206321386,Narrower,SS19,0.658134433751179,Narrower
AAC-7,SN08,HYBRID_FULL_DICT_UPPER,SN08,1.9125211442716672,Equivalent,SM8Z,0.9026352610480353,Equivalent,SM88,0.6932625207954879,Narrower,SN3Z,0.6870465809498911,Narrower,SM8Y,0.6481995383386844,Narrower
AAC-8,SP15,HYBRID_FULL_DICT_UPPER,SP15,2.249999997012845,Equivalent,SP4Y,0.49213740620575697,Related,SP2Y,0.48603514961376754,Related,SP13,0.4551385489090809,Related,SP20,0.4228064349091722,Related
AAC-9.2,SK55,HYBRID_FULL_DICT_UPPER,SK55,2.1847549524769816,Equivalent,SN4W,0.49999999864399924,Related,SQ02,0.48872538230389306,Related,SM13,0.4736680439219387,Related,SN07,0.44908625079754866,Related
AAC-12,SM31,HYBRID_FULL_DICT_UPPER,SM31,2.2198220358009757,Equivalent,SR12,0.7921304099487463,Narrower,SM39,0.6967862340648009,Narrower,SM34,0.6467405631787364,Narrower,SP4Y,0.6337797126704621,Narrower
AAC-13,SK30,HYBRID_FULL_DICT_UPPER,SK30,2.12260341530782,Equivalent,SQ02,0.4999999987375959,Related,SN4W,0.4663926188987489,Related,SK53,0.4533370214583385,Related,SP5B,0.45271421737197753,Related
AAC-16,SK5Y,HYBRID_FULL_DICT_UPPER,SK5Y,1.947803483593459,Equivalent,SS19,0.49999999845336873,Related,SR67,0.49785353021105727,Related,SS18,0.4837723334833323,Related,SS17,0.4780542873715881,Related
AAC-239,SK30,HYBRID_FULL_DICT_UPPER,SK30,2.045771154820461,Equivalent,SQ21,0.4999999987193648,Related,SM13,0.4593132377452771,Related,SP95,0.45832153491975236,Related,SP5B,0.45795006618511436,Related
AAC-27,SM83,HYBRID_FULL_DICT_UPPER,SM83,2.0546422528461346,Equivalent,SS53,0.4999999984673272,Related,SM51,0.47485277690514527,Related,SS85,0.47207857166452943,Related,SQ21,0.46651508770458855,Related
AAC-38,SK22,HYBRID_FULL_DICT_UPPER,SK22,1.8608276879365924,Equivalent,SK53,0.49999999836929915,Related,SN60,0.4769621382322939,Related,SN4G,0.46929093509902114,Related,SN4E,0.4652716791519641,Related
AAC-39,SL7Y,HYBRID_FULL_DICT_UPPER,SL7Y,2.085940735126611,Equivalent,SK6T,0.4999999987146934,Related,SL70,0.48082085470704605,Related,SR00,0.4802096965093404,Related,SN4W,0.47541990932565487,Related
AAD-2.7,SR20,HYBRID_FULL_DICT_UPPER,SR20,2.2499999900352887,Equivalent,SS81,0.47843545175917523,Related,SS54,0.47287657284568047,Related,SR18,0.46277835488132835,Related,SR17,0.4617577271754592,Related
AAD-2.9,SR20,HYBRID_FULL_DICT_UPPER,SR20,2.2252909992754066,Equivalent,SR18,0.4999999990253387,Related,SS81,0.4727915718288063,Related,SR15,0.4680068055951626,Related,SR17,0.46401014721132355,Related
AAD-4,SR20,HYBRID_FULL_DICT_UPPER,SR20,2.179487967016076,Equivalent,SR11,0.4999999985620506,Related,SN4W,0.4956079970425571,Related,SS82,0.48746663604389057,Related,SS55,0.47884423630805434,Related
AAD-4.1,SR20,HYBRID_FULL_DICT_UPPER,SR20,2.2091904929011923,Equivalent,SS55,0.4999999987354866,Related,SR11,0.47552511754371946,Related,SS19,0.46986273017931407,Related,SM51,0.4627313645549987,Related
AAD-5,SR20,HYBRID_FULL_DICT_UPPER,SR20,2.1073123698812193,Equivalent,SQ21,0.49999999866723294,Related,SS60,0.4750832484325007,Related,SN4W,0.45005440962187715,Related,SQ02,0.44794915420445425,Related
ABA-1,SR16,HYBRID_FULL_DICT_UPPER,SR16,2.2499999972850295,Equivalent,SN41,0.5210231221368816,Related,SR20,0.47226262440587613,Related,SS81,0.4645391681899435,Related,SR17,0.4638801330743132,Related
ABA-2,SR17,HYBRID_FULL_DICT_UPPER,SR17,2.249999995584372,Equivalent,SN41,0.787088734066987,Narrower,SR20,0.5859353866702037,Related,SR40,0.572964748912024,Related,SS2A,0.5608066647570973,Related
ABA-2.1,SR15,HYBRID_FULL_DICT_UPPER,SR15,2.249999996152635,Equivalent,SR17,0.6316108553865083,Narrower,SP63,0.5668152774899446,Related,SR20,0.5147133521626432,Related,SM1Z,0.4954754433085178,Related
ABB-1,SK7Y,HYBRID_FULL_DICT_UPPER,SK7Y,1.8670946722340427,Equivalent,SS52,0.4999999988283448,Related,SS55,0.4928559064140163,Related,SN4W,0.47392267876144845,Related,SM71,0.45739443148502124,Related
ABB-7,SM3Y,HYBRID_FULL_DICT_UPPER,SM3Y,1.8996683022722236,Equivalent,SM71,0.4999999987162534,Related,SN4W,0.4734510350461762,Related,SP5B,0.4483936605569221,Related,SQ02,0.4378286165908324,Related
ABB-10,SP9Y,HYBRID_FULL_DICT_UPPER,SP9Y,1.8781796169853624,Equivalent,SS61,0.49999999870327816,Related,SQ21,0.4654731475256323,Related,SR00,0.464902626640441,Related,SS60,0.4568183731354586,Related
ABB-25,SP9Y,HYBRID_FULL_DICT_UPPER,SP9Y,1.9151082694883308,Equivalent,SS82,0.4999999986409059,Related,SM13,0.48285264349981166,Related,SM51,0.46868825772841094,Related,SQ02,0.46118794039870353,Related
ABB-29,SP2Y,HYBRID_FULL_DICT_UPPER,SP2Y,2.0415304179855176,Equivalent,SN60,0.4999999986010744,Related,SL07,0.4838674935758796,Related,SN4W,0.48317208385110694,Related,SN4E,0.4721963671266997,Related
ACA-1,SR1B,HYBRID_FULL_DICT_UPPER,SR1B,2.2499999975803515,Equivalent,SR11,0.5460834666840627,Related,SR1C,0.503305736129009,Related,SR1A,0.46485118053593255,Related,SR1D,0.45710672672243463,Related
ACA-2,SR1C,HYBRID_FULL_DICT_UPPER,SR1C,2.2499999958266503,Equivalent,SR40,0.7463336622009373,Narrower,SN41,0.6789701244039381,Narrower,SR1E,0.5524365757916794,Related,SP9Y,0.5432171960234949,Related
ACA-4,SR1E,HYBRID_FULL_DICT_UPPER,SR1E,2.1559151689122027,Equivalent,SN42,0.592433761794595,Related,SR20,0.5706592433803721,Related,SP9Y,0.5594758686661134,Related,SR40,0.551181238575785,Related
ACB-15,SQ4Y,HYBRID_FULL_DICT_UPPER,SQ4Y,1.9301081917328502,Equivalent,SN4W,0.4999999984876404,Related,SM71,0.47731706011823755,Related,SK86,0.45685070918454185,Related,SM9B,0.4531689718317454,Related
ACB-27,SP9Y,HYBRID_FULL_DICT_UPPER,SP9Y,1.9059077690137778,Equivalent,SK6P,0.49999999856691785,Related,SM10,0.4506662895911932,Related,SN4W,0.436368112199215,Related,SK53,0.4283781652784417,Related
BD-2,SP62,HYBRID_FULL_DICT_UPPER,SP62,2.2131942769536117,Equivalent,SR47,1.2019669065252174,Equivalent,SR60,0.511052856330331,Related,SR80,0.48328526641357317,Related,SR45,0.4809783548093427,Related
BE-1,SR4A,HYBRID_FULL_DICT_UPPER,SR4A,2.126604607545964,Equivalent,SN71,0.9615147122291763,Equivalent,SN9Z,0.7380640531515623,Narrower,SR1S,0.679463061082595,Narrower,ST0T,0.6790631504600785,Narrower
BF-2,SR4B,HYBRID_FULL_DICT_UPPER,SR4B,2.0889805939498456,Equivalent,SP9Z,0.6451142372930265,Narrower,SK6R,0.6209123006513035,Narrower,SK6G,0.5765978374057144,Related,SR43,0.5341265212588083,Related
BA-3.1,SR4K,HYBRID_FULL_DICT_UPPER,SR4K,2.138936461589316,Equivalent,SR4J,0.8499399422742677,Equivalent,SR61,0.4599784302443379,Related,SN3Y,0.4270621456308566,Related,SR42,0.4222900420696415,Related
BH-1,SR4F,HYBRID_FULL_DICT_UPPER,SR4F,2.092737434760844,Equivalent,SP92,0.49999999892759406,Related,SS3J,0.49976364290113645,Related,SQ8Y,0.4937026168802566,Related,SQ05,0.47315867416716534,Related
CC-2,SN45,HYBRID_FULL_DICT_UPPER,SN45,2.083777459357493,Equivalent,SR84,1.1345351414523228,Equivalent,SR8N,0.5724517291246392,Related,SN4D,0.43513570017399134,Related,SR8E,0.4138974038686243,Related
CA-1,SR83,HYBRID_FULL_DICT_UPPER,SR83,2.1593790546580607,Equivalent,SM81,0.6975316989321277,Narrower,SM82,0.6511146435794999,Narrower,SM86,0.6407963060015593,Narrower,SM89,0.6000310002004446,Narrower
CA-2,SR82,HYBRID_FULL_DICT_UPPER,SR82,2.245003928663931,Equivalent,SM82,0.69758966591035,Narrower,SM86,0.6137649130631331,Narrower,SM81,0.5687196487222819,Related,SM89,0.5562468004361915,Related
CB-1,SR81,HYBRID_FULL_DICT_UPPER,SR81,2.118104318821288,Equivalent,SM83,0.6224459503874821,Narrower,SR5A,0.6216772210880469,Narrower,SM7Y,0.6052897534628725,Narrower,SR10,0.5764112274976685,Related
CB-2,SR80,HYBRID_FULL_DICT_UPPER,SR80,2.2499999966046103,Equivalent,SR5A,0.4909698312895483,Related,SM7Y,0.4778267017830813,Related,SM31,0.4724570990329726,Related,SM33,0.43434981408394957,Related
CB-3,SR86,HYBRID_FULL_DICT_UPPER,SR86,2.1914960997939894,Equivalent,SR5A,0.8327797222196762,Equivalent,SR81,0.7955065968699218,Narrower,SS19,0.7186161591901065,Narrower,SS17,0.6676845100206061,Narrower
D,SS10,HYBRID_FULL_DICT_UPPER,SS10,2.2499999979452663,Equivalent,SR59,0.5439846260511321,Related,SS13,0.5364022398923063,Related,SS18,0.5336656250152781,Related,SS11,0.5275875324777783,Related
DB-2,SS11,HYBRID_FULL_DICT_UPPER,SS11,2.2499999971437723,Equivalent,SS18,0.6172774205243385,Narrower,SS19,0.5832547630981992,Related,SR59,0.5805152999251155,Related,SS1Z,0.5723738809060248,Related
DB-4,SS14,HYBRID_FULL_DICT_UPPER,SS14,2.249999997304341,Equivalent,SS15,0.5846878773729427,Related,SM3C,0.49506918043851644,Related,SS11,0.4845154537598422,Related,SP9Y,0.4835435477480437,Related
EA-2.5,SM74,HYBRID_FULL_DICT_UPPER,SM74,1.9826917171254954,Equivalent,SS55,0.499999998600794,Related,SS36,0.48963539954401186,Related,SS30,0.46807492017085417,Related,SS39,0.46774215746949704,Related
EA-4.5.1,SL40,HYBRID_FULL_DICT_UPPER,SL40,1.6642193238969845,Equivalent,SM51,0.49999999864678457,Related,SQ60,0.47715771511502414,Related,SS82,0.4749679734860241,Related,SM71,0.47244067844827714,Related
EB-1,SR59,HYBRID_FULL_DICT_UPPER,SR59,2.249999997637704,Equivalent,SS15,0.4854989512794251,Related,SS10,0.4687197936575741,Related,SM3C,0.43769771760608256,Related,SS37,0.4243285988870022,Related
EB-2,SM37,HYBRID_FULL_DICT_UPPER,SM37,2.1763999801758445,Equivalent,SM38,0.7894470012630912,Narrower,SM7Y,0.6310383277960973,Narrower,SS10,0.6125220032286458,Narrower,SR59,0.572118037369097,Related
EB-3.9,SM3C,HYBRID_FULL_DICT_UPPER,SM3C,2.2137496803020387,Equivalent,SR86,0.9187587006365289,Equivalent,SM3Y,0.8444403321174874,Equivalent,SM3L,0.7025422736610242,Narrower,SM7Y,0.6454398617409263,Narrower
EB-6,SM3L,HYBRID_FULL_DICT_UPPER,SM3L,2.138621958910238,Equivalent,SM3J,0.8401974293205194,Equivalent,SR50,0.6863813849645604,Narrower,SS19,0.6601406197682713,Narrower,SR20,0.6196477607061712,Narrower
EB-8,SM3K,HYBRID_FULL_DICT_UPPER,SM3K,2.2499999964121966,Equivalent,SM7Y,0.5104300378162806,Related,SM33,0.49098312062376154,Related,SM31,0.4772817713890452,Related,SM53,0.4720338537437223,Related
EB-10,SM33,HYBRID_FULL_DICT_UPPER,SM33,2.1608230221655704,Equivalent,SM31,0.7465810702769855,Narrower,SP9Y,0.744692081356038,Narrower,SM7Y,0.6567670265847193,Narrower,SM3Z,0.6105109081011231,Narrower
EB-10.15,SM70,HYBRID_FULL_DICT_UPPER,SM70,1.9999999971536204,Equivalent,SM33,0.3900701992195147,Weak,SM3Y,0.3872900982654536,Weak,SP4Y,0.37950727941609935,Weak,SM7Y,0.35050064274351767,Weak
EC-3,SP51,HYBRID_FULL_DICT_UPPER,SP51,2.244883997220998,Equivalent,SR40,0.7565821386504599,Narrower,SR50,0.7010221662438656,Narrower,SQ2Y,0.5476180121694998,Related,SR8Y,0.5453575569069093,Related
EC-3.2,SP54,HYBRID_FULL_DICT_UPPER,SP54,2.249999996994245,Equivalent,SK55,0.6145901300911685,Narrower,SN41,0.5901465174416326,Related,SP57,0.5536759316755956,Related,SM7Y,0.5355014625654435,Related
EC-3.7,SP5Y,HYBRID_FULL_DICT_UPPER,SP5Y,1.9417144226508456,Equivalent,SS55,0.4999999989139177,Related,SS52,0.4835025332007644,Related,SR1D,0.48316616729909306,Related,SR1B,0.4767205783657564,Related
EC-3.8,SP5Y,HYBRID_FULL_DICT_UPPER,SP5Y,1.9650670155741419,Equivalent,SR66,0.4999999985993391,Related,SN4W,0.4945706187682185,Related,SM1L,0.48103204542227374,Related,SP5B,0.47824541153830535,Related
ED-2.2,SP99,HYBRID_FULL_DICT_UPPER,SP99,2.0681239895120687,Equivalent,SR40,0.8549352557055981,Equivalent,SN5Y,0.8221116198498447,Equivalent,SN45,0.773391609675969,Narrower,SP9Z,0.7641030979036941,Narrower
ED-3.1,SM41,HYBRID_FULL_DICT_UPPER,SM41,2.002967198392219,Equivalent,SQ02,0.4999999986671317,Related,SR00,0.4791022726214767,Related,SN4W,0.46472850194919035,Related,SL21,0.46432976679631544,Related
ED-3.3,SM41,HYBRID_FULL_DICT_UPPER,SM41,1.9689565913546017,Equivalent,SS58,0.4999999985730867,Related,SR66,0.4924981051010137,Related,SS82,0.4751771554484059,Related,SR00,0.4591078963601481,Related
ED-3.5,SM41,HYBRID_FULL_DICT_UPPER,SM41,1.908936528361712,Equivalent,SM71,0.49999999854593624,Related,SM51,0.4983281111360634,Related,SN07,0.46847243404063904,Related,SM1L,0.46350244634848736,Related
ED-4.2.3,SN49,HYBRID_FULL_DICT_UPPER,SN49,2.1694831217214015,Equivalent,SM1L,0.4999999986581927,Related,SN4F,0.46618176514141213,Related,SN4W,0.4608061676381216,Related,SM13,0.46000330905261744,Related
ED-4.2.6,SN49,HYBRID_FULL_DICT_UPPER,SN49,2.0125151857372274,Equivalent,SN4W,0.49999999873930395,Related,SQ02,0.4579760123029838,Related,SR1W,0.449866919076015,Related,SR1V,0.4463741064792865,Related
ED-4.2.7,SN4A,HYBRID_FULL_DICT_UPPER,SN4A,1.9173803104979283,Equivalent,SN42,0.9969116731906601,Equivalent,SN4R,0.8744216100979927,Equivalent,SN5Y,0.7322724290772423,Narrower,SN4C,0.6990457161526595,Narrower
ED-4.3.2,SN5Y,HYBRID_FULL_DICT_UPPER,SN5Y,1.9038718165777282,Equivalent,SR00,0.49999999874875806,Related,SN4W,0.48637109414652696,Related,SS59,0.48416330743604724,Related,SQ02,0.4828668116695715,Related
ED-4.3.7,SN5Y,HYBRID_FULL_DICT_UPPER,SN5Y,1.6461946973724266,Equivalent,SN49,0.820301696727935,Equivalent,SN4U,0.5102533408467924,Related,SR1V,0.49999999880039087,Related,SR1W,0.47829119373634443,Related
ED-4.4,SN49,HYBRID_FULL_DICT_UPPER,SN49,1.8997318853424123,Equivalent,SR40,0.9729073865726423,Equivalent,SS56,0.7949334768375376,Narrower,SN5Y,0.7613418617698402,Narrower,SN4R,0.6701359665578197,Narrower
ED-8,SP11,HYBRID_FULL_DICT_UPPER,SP11,1.6834345661804888,Equivalent,SP14,0.6976030648841749,Narrower,SP10,0.5989871986708024,Related,SR10,0.49999999887915947,Related,SR14,0.4783523625432549,Related
ED-9.7.9,SM40,HYBRID_FULL_DICT_UPPER,SM40,2.143676040181189,Equivalent,SR17,0.6523571555446493,Narrower,SP57,0.5593171199492588,Related,SR15,0.5513520026078368,Related,SM4Y,0.5225618007599069,Related
ED-19,SN47,HYBRID_FULL_DICT_UPPER,SN47,1.9869260169078213,Equivalent,SQ50,0.9999999968009595,Equivalent,SN4U,0.5917589049391123,Related,SR1A,0.585294485177033,Related,SR1D,0.49774897702956034,Related
EE-1,SR52,HYBRID_FULL_DICT_UPPER,SR52,2.2499999974557126,Equivalent,SR53,0.584041201307474,Related,SL70,0.5372644830236752,Related,SP2Z,0.4979356682824334,Related,SR45,0.4825606187087107,Related
EE-2,SP72,HYBRID_FULL_DICT_UPPER,SP72,2.065309667534172,Equivalent,SR13,0.6777073210362743,Narrower,SR1D,0.6697102464402529,Narrower,SR18,0.6282866031165395,Narrower,SP97,0.5517910047700332,Related
EE-3.4,SM53,HYBRID_FULL_DICT_UPPER,SM53,1.607777093143653,Equivalent,SM99,0.5893271401221007,Related,SN06,0.5822002741523251,Related,SK6S,0.5773049558444601,Related,SM3J,0.5597839889713168,Related
EE-3.6,SM53,HYBRID_FULL_DICT_UPPER,SM53,1.861995844756573,Equivalent,SM1L,0.7428237611158042,Narrower,SK6S,0.6781212144976565,Narrower,SN06,0.5925710974419696,Related,SM99,0.5710256681857997,Related
EE-3.7,SM53,HYBRID_FULL_DICT_UPPER,SM53,1.6107028598640127,Equivalent,SK6S,0.7047078632419572,Narrower,SN06,0.622465236735001,Narrower,SM99,0.5649639046833691,Related,SR66,0.49999999878619406,Related
EE-3.10,SM53,HYBRID_FULL_DICT_UPPER,SM53,1.8406847048928423,Equivalent,SK6S,0.6460204427665209,Narrower,SN06,0.5751223022828077,Related,SM99,0.5740585733500487,Related,SN4W,0.49999999877458845,Related
EE-3.13,SM7Y,HYBRID_FULL_DICT_UPPER,SM7Y,1.9057946576074212,Equivalent,SK6S,0.7150053138852563,Narrower,SN06,0.6647737144814039,Narrower,SM99,0.6109072605421698,Narrower,SM53,0.5561323922470954,Related
EE-3.16,SK6S,HYBRID_FULL_DICT_UPPER,SK6S,2.199025837381474,Equivalent,SN06,0.529173505407037,Related,SK7Z,0.5129414137428888,Related,SK6U,0.49999999877355306,Related,SK6H,0.4919580552439069,Related
EE-4.4,SP70,HYBRID_FULL_DICT_UPPER,SP70,2.2499999958891155,Equivalent,SR1A,0.6734647608515478,Narrower,SR1D,0.5232410621814149,Related,SN5Y,0.5131881795733301,Related,SR1C,0.48990653009630025,Related
EF-1,SR53,HYBRID_FULL_DICT_UPPER,SR53,2.2499999965402857,Equivalent,SR52,0.6079593865342608,Narrower,SR5C,0.6060640464137111,Narrower,SR40,0.6013522858651553,Narrower,SN42,0.5876152387048426,Related
EF-2.2.7,SM8D,HYBRID_FULL_DICT_UPPER,SM8D,1.857283243935826,Equivalent,SN4W,0.49999999855173977,Related,SM13,0.4797226312597641,Related,SL07,0.47512674970409413,Related,SL02,0.47318499935026126,Related
EF-2.2.8,SM8D,HYBRID_FULL_DICT_UPPER,SM8D,1.9627289248505297,Equivalent,SR8E,0.4999999985387438,Related,SR00,0.49936305338288545,Related,SP95,0.48381255084328445,Related,SK6P,0.48317451696673036,Related
EF-2.2.11,SM8D,HYBRID_FULL_DICT_UPPER,SM8D,1.850803045256117,Equivalent,SN4W,0.49999999862584976,Related,SR00,0.48978098865633635,Related,SQ02,0.4841686438885039,Related,SM13,0.4796350795552344,Related
EF-2.2.12,SM8D,HYBRID_FULL_DICT_UPPER,SM8D,1.951698696183053,Equivalent,SN4W,0.4999999987787735,Related,SM13,0.47918460444052874,Related,SQ02,0.4584441118052167,Related,SQ60,0.44279446008313145,Related
EF-2.2.13,SM8D,HYBRID_FULL_DICT_UPPER,SM8D,1.9546733789683313,Equivalent,SN4W,0.49999999882740387,Related,SM13,0.45969562758395865,Related,SR66,0.43200847138625353,Related,SN48,0.42736651267451503,Related
EF-2.3.1,SM8D,HYBRID_FULL_DICT_UPPER,SM8D,1.8829400223558206,Equivalent,SS55,0.49999999868046996,Related,SN4W,0.49825011219687165,Related,SR1W,0.4941482725735581,Related,SS52,0.49049190722068825,Related
EF-2.3.2,SM8D,HYBRID_FULL_DICT_UPPER,SM8D,1.9101829587532455,Equivalent,SS52,0.49999999879868634,Related,SS55,0.46381254710636455,Related,SN4W,0.45556961666606066,Related,SL02,0.4454130369210634,Related
EF-2.3.3,SM8D,HYBRID_FULL_DICT_UPPER,SM8D,1.9329692711051853,Equivalent,SK6J,0.4999999987584681,Related,SM71,0.4678140498515582,Related,SN73,0.4565483498252528,Related,SN4W,0.45606186682852445,Related
EF-2.3.4,SM8A,HYBRID_FULL_DICT_UPPER,SM8A,2.028275979951492,Equivalent,SR5B,0.8015509469586561,Equivalent,SR15,0.7103256914079806,Narrower,SR44,0.5925947325923238,Related,SR8A,0.5788913994467674,Related
EF-2.3.6,SM8D,HYBRID_FULL_DICT_UPPER,SM8D,1.9831987941305163,Equivalent,SP95,0.49999999849734483,Related,SN73,0.4991700423352997,Related,SR1V,0.4911192929112725,Related,SN4W,0.4624420303167559,Related
EF-3,SP64,HYBRID_FULL_DICT_UPPER,SP64,2.204387923637127,Equivalent,SP62,0.5755384424888081,Related,SP70,0.39302378259557136,Weak,SR47,0.39141881673981016,Weak,SN45,0.39120699051360297,Weak
EH-2,SP0Y,HYBRID_FULL_DICT_UPPER,SP0Y,1.9719009785972759,Equivalent,SN4W,0.4999999989125438,Related,SM51,0.49182898324456836,Related,SR00,0.462657312633969,Related,SP5B,0.4579791465702202,Related
EI-1,SR56,HYBRID_FULL_DICT_UPPER,SR56,2.2499999968499065,Equivalent,SR4E,0.5517240105455736,Related,SS23,0.5228519732397479,Related,SR4D,0.4937172054781626,Related,SM94,0.4633517836183211,Related
EI-2,SN02,HYBRID_FULL_DICT_UPPER,SN02,2.2499999975391267,Equivalent,SN3Y,0.538371596028904,Related,SN0Y,0.5214837889776287,Related,SN49,0.4487817456630897,Related,SN0Z,0.4402040530012972,Related
EI-6.8,SM3G,HYBRID_FULL_DICT_UPPER,SM3G,2.0219242784920217,Equivalent,SM3Z,0.9836172017393714,Equivalent,SN0Y,0.7435719686905209,Narrower,SK55,0.6167973131401001,Narrower,SM3Y,0.6111583580162783,Narrower
EI-6.9,SN0Y,HYBRID_FULL_DICT_UPPER,SN0Y,1.8842936103640766,Equivalent,SN4W,0.49999999880853585,Related,SM13,0.4691120247527062,Related,SR1W,0.44514627081313163,Related,SR00,0.43532592628576516,Related
EJ-1,SR5B,HYBRID_FULL_DICT_UPPER,SR5B,2.2499999964124386,Equivalent,SR5Z,0.6379527624062473,Narrower,SR5A,0.6090744935275552,Narrower,SR5C,0.5997312850783253,Related,SR56,0.5910493738910807,Related
EJ-2,SM8C,HYBRID_FULL_DICT_UPPER,SM8C,2.1970272035108156,Equivalent,SM86,0.7376956213780047,Narrower,SM87,0.7249286961344227,Narrower,SR5B,0.7027492450477772,Narrower,SP4Y,0.6147389022323384,Narrower
EJ-3.4,SM8E,HYBRID_FULL_DICT_UPPER,SM8E,2.0648790279391203,Equivalent,SM81,0.7351973684929075,Narrower,SR11,0.6232924964227305,Narrower,SR80,0.608598656479239,Narrower,SR83,0.594616568442611,Related
EJ-3.9,SM88,HYBRID_FULL_DICT_UPPER,SM88,2.2499999971910385,Equivalent,SM86,0.7744699030985764,Narrower,SM82,0.6498710120631985,Narrower,SM81,0.5633709417341666,Related,SM8B,0.5049691472835545,Related
EJ-3.12,SM52,HYBRID_FULL_DICT_UPPER,SM52,1.9938163609615318,Equivalent,SR10,0.49999999892236685,Related,SR40,0.48082548008280646,Related,SR1V,0.47346196255464157,Related,SR1W,0.4433947985711405,Related
EK-4.2,SM32,HYBRID_FULL_DICT_UPPER,SM32,1.9833408205310754,Equivalent,SM3J,0.5317719903468883,Related,SM1M,0.5276789376258668,Related,SS50,0.4999999988193986,Related,SR10,0.4876476840522302,Related
EK-4.4,SM32,HYBRID_FULL_DICT_UPPER,SM32,1.9327483125837799,Equivalent,SM1L,0.5955069201345677,Related,SS55,0.4999999989352355,Related,SS52,0.49173877180424097,Related,SS80,0.4623394145505909,Related
EK-4.5,SM32,HYBRID_FULL_DICT_UPPER,SM32,2.1449328035417685,Equivalent,SM8B,0.4999999987617673,Related,SQ02,0.4919252788944369,Related,SM93,0.4890861336732316,Related,SM5Y,0.48724766564197947,Related
EK-4.6,SM42,HYBRID_FULL_DICT_UPPER,SM42,2.2499999953256578,Equivalent,SM4Z,0.7054466027148911,Narrower,SM4Y,0.6991646206944215,Narrower,SM40,0.6900566082421742,Narrower,SM3L,0.649611685207302,Narrower
EL-2.5,SM9Y,HYBRID_FULL_DICT_UPPER,SM9Y,1.9052848561820293,Equivalent,SR1V,0.4999999987682181,Related,SN4W,0.4985888679107779,Related,SS50,0.4913608970719426,Related,SS53,0.48641485404864676,Related
EL-2.6,SM9Y,HYBRID_FULL_DICT_UPPER,SM9Y,1.8898727171593235,Equivalent,SP21,0.4999999985947277,Related,SR1V,0.48220615704325676,Related,SM71,0.47411164335671124,Related,SR1N,0.45408277170900596,Related
EL-2.9,SM90,HYBRID_FULL_DICT_UPPER,SM90,1.934215829187752,Equivalent,SM99,0.5929316258436574,Related,SM98,0.5895405714259323,Related,SR20,0.5778345801978366,Related,SM9Y,0.5609496483088401,Related
EL-2.10,SM96,HYBRID_FULL_DICT_UPPER,SM96,2.098136138386004,Equivalent,SR1A,0.752273492213394,Narrower,SP4Y,0.7063091778772848,Narrower,SP54,0.6003413828474111,Narrower,SK87,0.5971363042737113,Related
EL-2.12,SN12,HYBRID_FULL_DICT_UPPER,SN12,2.249999995431401,Equivalent,SM9Y,0.5256085489726791,Related,SR4E,0.4905424435353063,Related,SS82,0.4762337407061631,Related,SM9A,0.4536744074034054,Related
EL-2.15,SM91,HYBRID_FULL_DICT_UPPER,SM91,2.2499999960743455,Equivalent,SR4J,0.7563584509305457,Narrower,SR4K,0.6871807630949847,Narrower,SR1A,0.5625831557374072,Related,SR1C,0.523182888119575,Related
EL-2.20,SM9A,HYBRID_FULL_DICT_UPPER,SM9A,1.9999999955263625,Equivalent,SM9Y,0.7620475227257295,Narrower,SM99,0.5986346877540234,Related,SM98,0.5416352366427452,Related,SR20,0.5253770092125152,Related
EL-2.26,SM9Y,HYBRID_FULL_DICT_UPPER,SM9Y,1.9123559035014177,Equivalent,SN4W,0.4999999987364491,Related,SR1V,0.4582012699532059,Related,SS55,0.44624856565637994,Related,SS16,0.4400353525511441,Related
EL-2.28,SM99,HYBRID_FULL_DICT_UPPER,SM99,2.2043423144521386,Equivalent,SN44,0.5839804544045735,Related,SR8E,0.529011932101928,Related,SM9B,0.49999999863329125,Related,SR45,0.4860476734901493,Related
EL-9,SN1Y,HYBRID_FULL_DICT_UPPER,SN1Y,2.1360625973446696,Equivalent,SN4W,0.4999999986461614,Related,SN4H,0.49454194583205957,Related,SP5B,0.4754181837410993,Related,SM1L,0.45155520047606224,Related
EM-1,SR5E,HYBRID_FULL_DICT_UPPER,SR5E,2.2499999973537093,Equivalent,SR5Z,0.5486951914798185,Related,SR53,0.537654932116762,Related,SR5A,0.5006829496037652,Related,SR5C,0.46762744538010703,Related
EM-2,SQ03,HYBRID_FULL_DICT_UPPER,SQ03,2.125766203752089,Equivalent,SR5E,0.8686766207765786,Equivalent,SQ41,0.7330155441752166,Narrower,SS15,0.6458792975533139,Narrower,SQ04,0.5462371812481562,Related
EM-2.4,SQ04,HYBRID_FULL_DICT_UPPER,SQ04,2.178325101067151,Equivalent,SQ0Z,0.8288673601776534,Equivalent,SQ03,0.7909243695568129,Narrower,SQ4Y,0.7813340589329463,Narrower,SR1A,0.7242112521098765,Narrower
EM-7.5,SP98,HYBRID_FULL_DICT_UPPER,SP98,2.1972524823790405,Equivalent,SM1L,0.4999999986516614,Related,SP5B,0.49521999615628987,Related,SM8B,0.49343873658860127,Related,SS85,0.4887476202636802,Related
EM-9,SQ10,HYBRID_FULL_DICT_UPPER,SQ10,2.249999997578688,Equivalent,SS61,0.501558007741477,Related,SP58,0.4440488193497578,Related,SP54,0.4217221102131281,Related,SS3G,0.42101001099596713,Related
F-9,SK00,HYBRID_FULL_DICT_UPPER,SK00,1.8694167786746712,Equivalent,SS82,0.49999999858811417,Related,SM13,0.48125704977409384,Related,SR00,0.4789574315579434,Related,SM51,0.47573947242897213,Related
FA,SK50,HYBRID_FULL_DICT_UPPER,SK50,2.2499999970179667,Equivalent,SN4G,0.6212404211862198,Narrower,SN70,0.5479046743523485,Related,SN4E,0.4716743516624038,Related,SK00,0.4704475153298704,Related
FA-2,SN73,HYBRID_FULL_DICT_UPPER,SN73,2.2499999982247383,Equivalent,SN7Z,0.3783956736799281,Weak,SN7Y,0.3679831046020723,Weak,SR17,0.36097085585711003,Weak,SR20,0.35250612769205253,Weak
FA-6,SK50,HYBRID_FULL_DICT_UPPER,SK50,2.167954420062796,Equivalent,SN4G,0.49999999880908613,Related,SN4E,0.47220657011225065,Related,SS80,0.4703493448420416,Related,SS55,0.4240233789888533,Related
FA-7,SP9Y,HYBRID_FULL_DICT_UPPER,SP9Y,1.990450782828824,Equivalent,SN4G,0.49999999880393475,Related,SN4E,0.4836162477116043,Related,SS80,0.47644992946735026,Related,SR1D,0.43596609864017005,Related
GA-1,SM1M,HYBRID_FULL_DICT_UPPER,SM1M,2.2499999970161744,Equivalent,SM1K,0.6668983045480312,Narrower,SR10,0.4834887018491365,Related,SM1L,0.4307204330156695,Related,SM3J,0.42675279328274507,Related
GA-10,SM1Y,HYBRID_FULL_DICT_UPPER,SM1Y,1.96491725288921,Equivalent,SS60,0.49999999854384486,Related,SS55,0.4862084945323977,Related,SP92,0.4772404149903033,Related,SM51,0.47687753092314245,Related
GB-3,SM13,HYBRID_FULL_DICT_UPPER,SM13,2.0766683003633695,Equivalent,SM1G,0.7165836068634294,Narrower,SM1J,0.6825813449705985,Narrower,SN44,0.5692296616815911,Related,SS20,0.5481233518108197,Related
GB-9,SM1Y,HYBRID_FULL_DICT_UPPER,SM1Y,1.8886781004579816,Equivalent,SR85,0.4999999986967554,Related,SR84,0.4838103235898678,Related,SQ02,0.4716780781963574,Related,SS82,0.44528691879030285,Related
GB-11,SM1Y,HYBRID_FULL_DICT_UPPER,SM1Y,1.9244429928578761,Equivalent,SN4W,0.4999999987152752,Related,SK53,0.4759348256198468,Related,SS57,0.4551527532995345,Related,SR11,0.45042053653178193,Related
GD-4,SM1Y,HYBRID_FULL_DICT_UPPER,SM1Y,1.9718520906162391,Equivalent,SM71,0.4999999987213928,Related,SN48,0.49648511266193057,Related,SP96,0.49403161618302643,Related,SN4W,0.4805901044578174,Related
GE-3,SL06,HYBRID_FULL_DICT_UPPER,SL06,2.249999995663252,Equivalent,SL04,0.6621688678503057,Narrower,SL08,0.6575542872310698,Narrower,SL0Z,0.644446168001045,Narrower,SL0Y,0.6064224694636207,Narrower
GE-4,SM17,HYBRID_FULL_DICT_UPPER,SM17,2.150476883019264,Equivalent,SR1A,0.8092211221615709,Equivalent,SR1C,0.6216978934481142,Narrower,SK20,0.5766934169526873,Related,SM1Y,0.5754870554338162,Related
GE-6,SM1Y,HYBRID_FULL_DICT_UPPER,SM1Y,1.775406402556725,Equivalent,SP72,0.7226969855142021,Narrower,SS55,0.4999999986808918,Related,SN07,0.480732909677284,Related,SS59,0.48011397388798177,Related
GE-8,SM1Y,HYBRID_FULL_DICT_UPPER,SM1Y,1.9708069336002536,Equivalent,SK53,0.4999999988149072,Related,SR11,0.47618832525732024,Related,SS53,0.4700476359720311,Related,SM71,0.46919144448172256,Related
GE-10,SP9Y,HYBRID_FULL_DICT_UPPER,SP9Y,1.8882459629935457,Equivalent,SR66,0.499999998836019,Related,SN4E,0.47920148641871974,Related,SS52,0.4737044752995001,Related,SS85,0.47207366018227,Related
GE-11,SM1Y,HYBRID_FULL_DICT_UPPER,SM1Y,1.9482067809069488,Equivalent,SS52,0.4999999987859767,Related,SS55,0.48904274196629033,Related,SS54,0.4615727520809157,Related,SS56,0.4516219703583409,Related
GF-7,SL01,HYBRID_FULL_DICT_UPPER,SL01,2.140448332258752,Equivalent,SR1C,0.8535177934313112,Equivalent,SR17,0.7716967288623657,Narrower,SL0Y,0.7524181456928564,Narrower,SP4Y,0.6619788571162682,Narrower
GF-9,SL0Y,HYBRID_FULL_DICT_UPPER,SL0Y,2.139112660058118,Equivalent,SR1V,0.4999999985466428,Related,SR1X,0.46473250168445146,Related,SR4L,0.45198267695677813,Related,SR66,0.43964794638282595,Related
GF-10,SL05,HYBRID_FULL_DICT_UPPER,SL05,2.2466455696551533,Equivalent,SP95,0.4999999985755125,Related,SN4W,0.49879764377712005,Related,SS13,0.4810343183831581,Related,SS36,0.4751391628726299,Related
GF-11,SL03,HYBRID_FULL_DICT_UPPER,SL03,2.170192373708005,Equivalent,SR85,0.49999999883856916,Related,SK6P,0.4988369215371277,Related,SP95,0.48014966625571526,Related,SQ02,0.473697394374229,Related
GF-13,SL0Y,HYBRID_FULL_DICT_UPPER,SL0Y,2.0885443453659303,Equivalent,SM15,0.49999999844449466,Related,SN4E,0.49576128492195803,Related,SQ60,0.4835021846192213,Related,SS60,0.4823992893010754,Related
GF-16,SL2Y,HYBRID_FULL_DICT_UPPER,SL2Y,1.9694822717423186,Equivalent,SS60,0.49999999862772293,Related,SR1N,0.4472992516253126,Related,SM9B,0.4450833680645386,Related,SS82,0.4413852938867779,Related
GF-19,SL0Y,HYBRID_FULL_DICT_UPPER,SL0Y,2.141167794369955,Equivalent,SS60,0.4999999988063281,Related,SQ02,0.4628554540107785,Related,SP92,0.4564661510436516,Related,SS36,0.452552989793219,Related
GG,SM1Y,HYBRID_FULL_DICT_UPPER,SM1Y,1.9169250860073161,Equivalent,SP91,0.7763041388704035,Narrower,SS60,0.4999999986093361,Related,SS80,0.4492742862018448,Related,SR67,0.44428683472969516,Related
HA-1,SK68,HYBRID_FULL_DICT_UPPER,SK68,2.101460295997941,Equivalent,SS28,0.835531883216694,Equivalent,SK6G,0.673872023414877,Narrower,SM53,0.6257005650548835,Narrower,SK6R,0.5847274672221462,Related
HB-5,SK6U,HYBRID_FULL_DICT_UPPER,SK6U,2.0782814865979065,Equivalent,SS58,0.499999998781948,Related,SP5B,0.4851594058797424,Related,SN4W,0.48165736093839984,Related,SM51,0.4795037446910039,Related
HB-7,SK6P,HYBRID_FULL_DICT_UPPER,SK6P,2.199516127458243,Equivalent,SK6G,0.7463618307755772,Narrower,SK6K,0.5979574561966755,Related,SK6R,0.5821374712424756,Related,SK6H,0.5687675496371363,Related
HB-8,SK7Y,HYBRID_FULL_DICT_UPPER,SK7Y,1.9191923576563992,Equivalent,SM51,0.49999999860571964,Related,SN4E,0.46939312682342205,Related,SS82,0.4369330836624695,Related,SP5B,0.4262150398249095,Related
HB-17,SK6J,HYBRID_FULL_DICT_UPPER,SK6J,2.2499999976983656,Equivalent,SK6H,0.40295140842316457,Related,SK69,0.36560544929519084,Weak,SK7Z,0.3524711841333085,Weak,SK7Y,0.3378657286041632,Weak
HD-2,SK6C,HYBRID_FULL_DICT_UPPER,SK6C,2.0208429935139165,Equivalent,SS2B,0.49999999856612615,Related,SS50,0.49095889816274935,Related,SN4W,0.48961807203012964,Related,SM1L,0.4547071080340494,Related
HD-4,SK7Y,HYBRID_FULL_DICT_UPPER,SK7Y,1.921202035941727,Equivalent,SP92,0.49999999876164597,Related,SP5B,0.48796917932673445,Related,SQ21,0.43358992124415857,Related,SS28,0.43071635983575557,Related
HE-4,SK61,HYBRID_FULL_DICT_UPPER,SK61,1.8626566766734505,Equivalent,SK6H,0.4999999988493929,Related,SR04,0.45989688250108196,Related,SK6G,0.457751201280133,Related,SS28,0.45643838293639505,Related
HF-3,SK6W,HYBRID_FULL_DICT_UPPER,SK6W,2.086246678052393,Equivalent,SK6R,0.6938209550078089,Narrower,SK7Z,0.562502158854508,Related,SK6G,0.5051887421325073,Related,SK6A,0.4953129438106735,Related
HF-5,SK6X,HYBRID_FULL_DICT_UPPER,SK6X,2.0877026369451017,Equivalent,SK6U,0.7385362609636222,Narrower,SR1C,0.5887194142431265,Related,SK7Y,0.5710689974376087,Related,SR12,0.5602112831154107,Related
HF-8,SK7Y,HYBRID_FULL_DICT_UPPER,SK7Y,1.915122614064106,Equivalent,SQ21,0.49999999865105454,Related,SQ02,0.4885433568144558,Related,SP21,0.4787470856174248,Related,SS60,0.47021371079751245,Related
HF-9,SK7Y,HYBRID_FULL_DICT_UPPER,SK7Y,1.894602862189865,Equivalent,SQ02,0.4999999988684019,Related,SN4W,0.4769404692232237,Related,SR00,0.46315433282931695,Related,SM71,0.46125471324274203,Related
HG-2.4,SK65,HYBRID_FULL_DICT_UPPER,SK65,2.0409319134158617,Equivalent,SS55,0.49999999875214085,Related,SN4W,0.486048470669634,Related,SM1L,0.48067233998448766,Related,SS52,0.4745321592382856,Related
HG-3,SK7Y,HYBRID_FULL_DICT_UPPER,SK7Y,1.9463730346739325,Equivalent,SN4W,0.4999999986867844,Related,SR1W,0.4969259930008736,Related,SR1V,0.4825796677570901,Related,SK80,0.47415753010872347,Related
HG-4,SK63,HYBRID_FULL_DICT_UPPER,SK63,1.99999999724022,Equivalent,SK64,0.4566387966953534,Related,SR15,0.4212195925915071,Related,SR17,0.41695683537830536,Related,SR20,0.4081722661921237,Related
HG-10,SK7Y,HYBRID_FULL_DICT_UPPER,SK7Y,1.9466832306675548,Equivalent,SQ20,0.4999999985951647,Related,SR00,0.49015233634099054,Related,SQ21,0.4828313270468274,Related,SM71,0.4814409959477861,Related
HG-12,SK7Y,HYBRID_FULL_DICT_UPPER,SK7Y,1.9967592647728771,Equivalent,SS60,0.4999999986602153,Related,SQ02,0.4887525643585832,Related,SR04,0.44992841662582217,Related,SS30,0.4493920145341174,Related
I-6,SK95,HYBRID_FULL_DICT_UPPER,SK95,2.019481437594937,Equivalent,SS17,0.499999998574159,Related,SR8E,0.47478018229117147,Related,SK86,0.47173323754516416,Related,SK6P,0.45558167682081974,Related
I-10,SK95,HYBRID_FULL_DICT_UPPER,SK95,1.8268220806271736,Equivalent,SM1L,0.49999999851469973,Related,SN4R,0.4841054458172624,Related,SM13,0.4745083539052164,Related,SK80,0.47422514390349474,Related
I-13,SK9Y,HYBRID_FULL_DICT_UPPER,SK9Y,2.0708119884777823,Equivalent,SS56,0.4999999988600344,Related,SS53,0.47985863534543005,Related,SM13,0.4746912135192188,Related,SR00,0.46949977234250273,Related
I-16,SK94,HYBRID_FULL_DICT_UPPER,SK94,2.204913355812879,Equivalent,SK97,0.8929298528548346,Equivalent,SK9Y,0.7575274671460518,Narrower,SK9Z,0.6890167174945493,Narrower,SK96,0.5804243937360134,Related
J-1,SK8Y,HYBRID_FULL_DICT_UPPER,SK8Y,1.7181739602539725,Equivalent,SS50,0.49999999874457485,Related,SR11,0.4998246740004491,Related,SM9B,0.49264257031236186,Related,SS82,0.4926142100571234,Related
J-3,SK8Y,HYBRID_FULL_DICT_UPPER,SK8Y,1.956898497438127,Equivalent,SS52,0.49999999894562086,Related,SS55,0.47535309668344444,Related,SR1B,0.46375928636847097,Related,SR1D,0.4448141091590435,Related
J-7,SK86,HYBRID_FULL_DICT_UPPER,SK86,2.197965424536677,Equivalent,SK80,0.6151011563024085,Narrower,SK82,0.5295060008088726,Related,SK83,0.503412884911359,Related,SK85,0.4968779289079736,Related
J-11,SK8Y,HYBRID_FULL_DICT_UPPER,SK8Y,1.8904457129090328,Equivalent,SK86,0.9733721393858683,Equivalent,SK80,0.8378264849365782,Equivalent,SK82,0.7949528239506805,Narrower,SK83,0.730785977969317,Narrower
J-16,SK8Y,HYBRID_FULL_DICT_UPPER,SK8Y,1.9481560679546095,Equivalent,SS55,0.49999999877035456,Related,SS52,0.4973927618859,Related,SN4W,0.470658487767593,Related,SK80,0.45252330203337154,Related
J-20,SK87,HYBRID_FULL_DICT_UPPER,SK87,2.127812081910476,Equivalent,SK8Y,0.9604909839566467,Equivalent,SK96,0.8139429096227602,Equivalent,SK00,0.7175109479876947,Narrower,SK83,0.70636121591031,Narrower
K,SN4W,HYBRID_FULL_DICT_UPPER,SN4W,2.1709891296908737,Equivalent,SK55,0.5929108369395738,Related,SR40,0.5634383305757225,Related,SR15,0.5607631474396126,Related,SN49,0.552278093696303,Related
LD,ST20,HYBRID_FULL_DICT_UPPER,ST20,1.9341171129901609,Equivalent,SR57,0.7692130922149575,Narrower,SS3J,0.6442119535074662,Narrower,SQ00,0.6381253234590574,Narrower,SP97,0.5372178409039156,Related
MA,SN1Y,HYBRID_FULL_DICT_UPPER,SN1Y,2.1124410342077886,Equivalent,SS82,0.49999999877003404,Related,SS53,0.4964220954112211,Related,SS50,0.47436283004451496,Related,SS17,0.4436495237582246,Related
MD-1,SM1Y,HYBRID_FULL_DICT_UPPER,SM1Y,1.7046183460582427,Equivalent,SR66,0.499999998722686,Related,SP5B,0.46912346206611893,Related,SM1A,0.46880724015101216,Related,SQ02,0.46711432802766684,Related
MD-2,SM12,HYBRID_FULL_DICT_UPPER,SM12,2.0161409252082536,Equivalent,SM1Z,0.843730776623817,Equivalent,SM1Y,0.6893241080983925,Narrower,SM1G,0.6345046096777465,Narrower,SM1J,0.5857021308076817,Related
MD-10,SR05,HYBRID_FULL_DICT_UPPER,SR05,1.9443000545395344,Equivalent,SS10,0.8003141356776373,Equivalent,SM76,0.7707025019463383,Narrower,SS11,0.6574748920551942,Narrower,SS14,0.6512907690104219,Narrower
MD-12,SR00,HYBRID_FULL_DICT_UPPER,SR00,2.205871903959412,Equivalent,SN11,0.6996175056925473,Narrower,SR4M,0.6919793632516942,Narrower,SR4L,0.6843456233692984,Narrower,SP52,0.6623777180623909,Narrower
O-2,SN5Y,HYBRID_FULL_DICT_UPPER,SN5Y,1.8689803535073515,Equivalent,SM51,0.4999999988033342,Related,SM71,0.4372601986802293,Related,SM1L,0.4272217308029591,Related,SK6G,0.4226728260352199,Related
O-4,SN5Y,HYBRID_FULL_DICT_UPPER,SN5Y,1.9643531094556783,Equivalent,SS58,0.49999999872910367,Related,SS84,0.4883419458381797,Related,SS5E,0.48058160153177937,Related,SS5D,0.4791414173748827,Related
O-5,SN0Y,HYBRID_FULL_DICT_UPPER,SN0Y,1.9039113888854262,Equivalent,SM1L,0.4999999988473267,Related,SR85,0.47737458622644174,Related,SM71,0.4544833208506283,Related,SS55,0.4544293533253676,Related
O-7,SN70,HYBRID_FULL_DICT_UPPER,SN70,2.2499999969108027,Equivalent,SK50,0.5750281355768622,Related,SN4C,0.5100135529780052,Related,SN5Y,0.4782898494215852,Related,SN7Y,0.4578718066579236,Related
O-12,SN4T,HYBRID_FULL_DICT_UPPER,SN4T,2.0720359451454926,Equivalent,SS55,0.4999999988274924,Related,SK53,0.4830391475246394,Related,SS52,0.48134166465639183,Related,SR1D,0.480012101363256,Related
O-17,SN5Y,HYBRID_FULL_DICT_UPPER,SN5Y,1.8842469225359588,Equivalent,SS38,0.49999999874413503,Related,SN4W,0.4909967676154417,Related,SS36,0.48078334951807167,Related,SS32,0.4795327032151605,Related
O-21,SN4F,HYBRID_FULL_DICT_UPPER,SN4F,2.249999996521787,Equivalent,SN4J,0.5516090742542578,Related,SR44,0.39229710669802237,Weak,SR1U,0.3788846396515412,Weak,SL8Y,0.3721336196377478,Weak
O-23,SN4E,HYBRID_FULL_DICT_UPPER,SN4E,1.9188638355538932,Equivalent,SN4J,0.562309577915353,Related,SR40,0.5010542324776824,Related,SN41,0.47597240969125154,Related,SN4F,0.46425449884631215,Related
O-34,SN5Y,HYBRID_FULL_DICT_UPPER,SN5Y,1.85544978940084,Equivalent,SS60,0.49999999865266587,Related,SP95,0.46853356347380065,Related,SS82,0.4562408340684179,Related,SR00,0.4561048335376315,Related
O-38,SN40,HYBRID_FULL_DICT_UPPER,SN40,2.1269196052126254,Equivalent,SN5Y,0.734785405222368,Narrower,SN42,0.6807031141982374,Narrower,SN4R,0.6573477491086752,Narrower,SN41,0.6493487211494049,Narrower
O-39,SN90,HYBRID_FULL_DICT_UPPER,SN90,2.2076673861413694,Equivalent,SN7Y,0.854432629922486,Equivalent,SN73,0.8452742239292783,Equivalent,SN7Z,0.8277075530494531,Equivalent,SN9Z,0.7071022094284285,Narrower
O-40,SN5Y,HYBRID_FULL_DICT_UPPER,SN5Y,1.92728273391416,Equivalent,SS55,0.499999998738237,Related,SR00,0.4981160650228253,Related,SQ02,0.48713983851730874,Related,SS82,0.47760506572662004,Related
O-42,SN4G,HYBRID_FULL_DICT_UPPER,SN4G,2.1200039231457413,Equivalent,SN4J,0.7716491704863573,Narrower,SN41,0.7018106801208827,Narrower,SN5Y,0.6193125581355405,Narrower,SR15,0.5212776636851462,Related
O-43,SP9Y,HYBRID_FULL_DICT_UPPER,SP9Y,1.9322913567301199,Equivalent,SQ21,0.4999999986035086,Related,SQ03,0.45643472358795456,Related,SQ02,0.4280069137492559,Related,SS71,0.41707564105695966,Related
O-50,SN5Y,HYBRID_FULL_DICT_UPPER,SN5Y,2.0239466118025815,Equivalent,SM51,0.49999999868983414,Related,SK6T,0.4896389906769663,Related,SM1B,0.47888986558409247,Related,SQ60,0.4627071013711349,Related
PC-9,SQ6Y,HYBRID_FULL_DICT_UPPER,SQ6Y,2.1548001976004523,Equivalent,SS11,0.4999999986681246,Related,SM51,0.47183167788813946,Related,SM71,0.4691024283675823,Related,SM13,0.4667466500833567,Related
Q-7,SQ2Y,HYBRID_FULL_DICT_UPPER,SQ2Y,2.0115363344389716,Equivalent,SM13,0.49999999857703,Related,SM1L,0.48802534762526745,Related,SS55,0.4860005443205745,Related,SL21,0.4828083388173395,Related
Q-9,SQ2Y,HYBRID_FULL_DICT_UPPER,SQ2Y,2.084255010220288,Equivalent,SN4W,0.4999999985919451,Related,SN45,0.4832991909775513,Related,SM51,0.4762431872539593,Related,SN07,0.47157980525010096,Related
Q-12,SQ2Y,HYBRID_FULL_DICT_UPPER,SQ2Y,2.0578585533742983,Equivalent,SM13,0.49999999871890904,Related,SQ23,0.48608861605070314,Related,SN4F,0.48339402252280284,Related,SK98,0.46878708599298075,Related
R,SQ8Y,HYBRID_FULL_DICT_UPPER,SQ8Y,2.081717982665331,Equivalent,SK53,0.49999999862055344,Related,SQ02,0.4938985936850301,Related,SM9B,0.4927693646987555,Related,SN4E,0.4830858191454205,Related
RA-1,SQ24,HYBRID_FULL_DICT_UPPER,SQ24,1.9732448801053657,Equivalent,SS26,0.624243934825571,Narrower,SK00,0.5740603073722492,Related,SK55,0.5655927956907613,Related,SK64,0.5333065356121611,Related
RD-1,SS2E,HYBRID_FULL_DICT_UPPER,SS2E,2.0451427255958072,Equivalent,SM81,0.822228823647856,Equivalent,SM7Y,0.7245222207803054,Narrower,SS10,0.6920435723788896,Narrower,SR5A,0.6691112289779189,Narrower
RD-3,SS29,HYBRID_FULL_DICT_UPPER,SS29,2.09022135744142,Equivalent,SN5Y,0.8936721534643424,Equivalent,SP57,0.7308269803448691,Narrower,SL41,0.6925615371359026,Narrower,SN41,0.6861619935340748,Narrower
RD-11,SS23,HYBRID_FULL_DICT_UPPER,SS23,1.928608043157107,Equivalent,SP4Y,0.9940476350480629,Equivalent,SK87,0.830627660047822,Equivalent,SM0Y,0.8099524383992764,Equivalent,SP9Y,0.7983659753924817,Narrower
VA-5,SS54,HYBRID_FULL_DICT_UPPER,SS54,2.249999997968795,Equivalent,SS52,0.5448583571963506,Related,SS51,0.521297681252789,Related,SR17,0.5171162299783029,Related,SS56,0.515657156578486,Related
VA-6,SS55,HYBRID_FULL_DICT_UPPER,SS55,2.2499999978473784,Equivalent,SS56,0.5780036553556049,Related,SS52,0.5470261626915827,Related,SR1A,0.5409959430394111,Related,SS50,0.5137115592815378,Related
VE-1.1,SS60,HYBRID_FULL_DICT_UPPER,SS60,1.9999999945074531,Equivalent,SS62,0.41049381505935956,Related,SS61,0.39192828244935884,Weak,SQ02,0.3435810664110699,Weak,SN09,0.3311464885660563,Weak
VE-1.7,SS60,HYBRID_FULL_DICT_UPPER,SS60,1.8707335519698596,Equivalent,SQ02,0.499999998780772,Related,SN4W,0.48257733381427853,Related,SQ21,0.46753284862641864,Related,SS17,0.42291198255309376,Related
VE-2.3,SS61,HYBRID_FULL_DICT_UPPER,SS61,1.9607264102102282,Equivalent,SQ02,0.49999999859904637,Related,SS60,0.48828635848192325,Related,SN4W,0.476088774743772,Related,SS59,0.47213263688966894,Related
VE-2.5,SS61,HYBRID_FULL_DICT_UPPER,SS61,1.9477471282759604,Equivalent,SS62,0.49999999878762474,Related,SS60,0.4889108862260692,Related,SM1L,0.43498216402722356,Related,SM13,0.42055633453671815,Related
VE-3.1,SS62,HYBRID_FULL_DICT_UPPER,SS62,1.9999999959917574,Equivalent,SS60,0.49456165287160603,Related,SS61,0.42955403614387383,Related,SR85,0.3535219987154052,Weak,SQ21,0.3474235087073334,Weak
VE-3.2,SS62,HYBRID_FULL_DICT_UPPER,SS62,1.9827764318235124,Equivalent,SS60,0.49999999893331265,Related,SS61,0.43162200783026544,Related,SQ21,0.38510557958410185,Weak,SS82,0.3729267322224207,Weak
